net,truth,seed,n_junctions,mean_daily_min,n_0.00_to_0.20,n_0.20_to_0.25,n_0.25_to_0.30,n_0.30_to_0.40
Net2,first_order,400,35,0.28801,18,7,3,1
Net2,first_order,401,35,0.255966,25,4,0,0
Net2,first_order,402,35,0.292943,20,6,3,0
Net2,first_order,403,35,0.230827,26,3,0,0
Net2,first_order,404,35,0.27581,19,7,3,0
Net2,first_order,405,35,0.231045,28,1,0,0
Net2,first_order,406,35,0.293114,16,8,2,3
Net2,first_order,407,35,0.263926,21,8,0,0
Net2,2ra,400,35,0.309405,13,9,4,3
Net2,2ra,401,35,0.271034,17,10,2,0
Net2,2ra,402,35,0.308697,13,10,4,2
Net2,2ra,403,35,0.241513,23,5,1,0
Net2,2ra,404,35,0.291246,17,6,5,1
Net2,2ra,405,35,0.245116,25,4,0,0
Net2,2ra,406,35,0.313271,10,9,7,3
Net2,2ra,407,35,0.280198,17,8,4,0
Net2,2ra_m96,400,35,0.266808,21,5,3,0
Net2,2ra_m96,401,35,0.221179,28,1,0,0
Net2,2ra_m96,402,35,0.263328,21,6,2,0
Net2,2ra_m96,403,35,0.203669,28,1,0,1
Net2,2ra_m96,404,35,0.247821,22,5,2,0
Net2,2ra_m96,405,35,0.198887,29,0,0,0
Net2,2ra_m96,406,35,0.271012,18,8,2,1
Net2,2ra_m96,407,35,0.24268,23,6,0,0
