net,truth,seed,part,model,n,sse,sae,se,in90,n_low,tp,fp,member_kb,member_kw,member_gamma,member_demand,member_rough,member_dose,rms_ln_day,rms_ln_night,dose_ratio,dose_mgL,truth_ln_shift_mean,truth_ln_shift_min,truth_ln_shift_max,first_order_ln_shift
Net3,first_order,400,oracle,full,92,0.293117,3.3478,0.129574,,35,31,1,0.1,1,1,0.85,1.1,1.1,0.14952,0.247488,,,,,,
Net3,first_order,400,oracle,full_lowkb,92,0.293117,3.3478,0.129574,,35,31,1,0.1,1,1,0.85,1.1,1.1,0.14952,0.247488,,,,,,
Net3,first_order,400,dose_step,B0,77,0.620906,5.24056,-4.67957,59,30,30,5,,,,,,,,,1,1.2,0,0,0,0
Net3,first_order,400,dose_step,B0,77,0.349261,3.93044,-3.50967,59,35,35,6,,,,,,,,,0.75,0.9,-0.287682,-0.287753,-0.287661,-0.287682
Net3,first_order,400,dose_step,B0,77,1.10384,6.98744,-6.2394,59,23,23,6,,,,,,,,,1.33333,1.6,0.287682,0.287634,0.287705,0.287682
Net3,first_order,401,oracle,full,92,0.0329846,1.26452,0.0429835,,34,33,3,0.4,0.6,0,1,1,0.95,0.12944,0.168339,,,,,,
Net3,first_order,401,oracle,full_lowkb,92,0.0329846,1.26452,0.0429835,,34,33,3,0.4,0.6,0,1,1,0.95,0.12944,0.168339,,,,,,
Net3,first_order,401,dose_step,B0,77,0.101776,2.16114,0.454893,77,27,25,2,,,,,,,,,1,1.2,0,0,0,0
Net3,first_order,401,dose_step,B0,77,0.0572492,1.62086,0.341167,77,38,32,0,,,,,,,,,0.75,0.9,-0.287681,-0.287744,-0.287512,-0.287682
Net3,first_order,401,dose_step,B0,77,0.180936,2.88152,0.606523,77,23,21,0,,,,,,,,,1.33333,1.6,0.287682,0.287682,0.287688,0.287682
Net3,first_order,402,oracle,full,92,0.550659,4.17226,2.72749,,38,29,0,0.25,0.6,1,0.85,1.1,0.9,0.142274,0.394039,,,,,,
Net3,first_order,402,oracle,full_lowkb,92,0.550659,4.17226,2.72749,,38,29,0,0.25,0.6,1,0.85,1.1,0.9,0.142274,0.394039,,,,,,
Net3,first_order,402,dose_step,B0,77,0.75356,5.04779,-2.40135,59,30,27,3,,,,,,,,,1,1.2,0,0,0,0
Net3,first_order,402,dose_step,B0,77,0.423878,3.78584,-1.80101,59,40,37,0,,,,,,,,,0.75,0.9,-0.287684,-0.287818,-0.28763,-0.287682
Net3,first_order,402,dose_step,B0,77,1.33966,6.73039,-3.2018,59,23,23,1,,,,,,,,,1.33333,1.6,0.287681,0.287637,0.287702,0.287682
Net3,first_order,403,oracle,full,92,0.31731,3.29671,1.76369,,35,30,4,0.4,0.6,0.5,0.85,1.1,1,0.151045,0.393184,,,,,,
Net3,first_order,403,oracle,full_lowkb,92,0.31731,3.29671,1.76369,,35,30,4,0.4,0.6,0.5,0.85,1.1,1,0.151045,0.393184,,,,,,
Net3,first_order,403,dose_step,B0,77,5.17581,16.0105,-15.95,21,28,28,44,,,,,,,,,1,1.2,0,0,0,0
Net3,first_order,403,dose_step,B0,77,2.91139,12.0079,-11.9625,21,38,38,34,,,,,,,,,0.75,0.9,-0.287682,-0.287697,-0.287642,-0.287682
Net3,first_order,403,dose_step,B0,77,9.20143,21.3473,-21.2666,21,24,24,38,,,,,,,,,1.33333,1.6,0.287682,0.287671,0.287717,0.287682
Net3,first_order,404,oracle,full,92,0.328134,3.75945,-3.53082,,38,38,6,0.55,0.6,1,0.85,0.9,0.9,0.150561,0.27774,,,,,,
Net3,first_order,404,oracle,full_lowkb,92,0.328134,3.75945,-3.53082,,38,38,6,0.55,0.6,1,0.85,0.9,0.9,0.150561,0.27774,,,,,,
Net3,first_order,404,dose_step,B0,77,1.93638,9.08941,-9.07036,46,31,31,9,,,,,,,,,1,1.2,0,0,0,0
Net3,first_order,404,dose_step,B0,77,1.08921,6.81706,-6.80276,46,39,39,12,,,,,,,,,0.75,0.9,-0.287682,-0.287692,-0.287657,-0.287682
Net3,first_order,404,dose_step,B0,77,3.44245,12.1192,-12.0938,46,24,24,8,,,,,,,,,1.33333,1.6,0.28768,0.287565,0.287739,0.287682
Net3,first_order,405,oracle,full,92,0.302754,4.02771,-3.34478,,34,34,2,0.55,0.6,1,1,1.1,1,0.148331,0.257688,,,,,,
Net3,first_order,405,oracle,full_lowkb,92,0.302754,4.02771,-3.34478,,34,34,2,0.55,0.6,1,1,1.1,1,0.148331,0.257688,,,,,,
Net3,first_order,405,dose_step,B0,77,0.447187,4.47974,-3.83633,70,31,30,2,,,,,,,,,1,1.2,0,0,0,0
Net3,first_order,405,dose_step,B0,77,0.251543,3.3598,-2.87725,70,35,35,3,,,,,,,,,0.75,0.9,-0.287681,-0.287726,-0.287638,-0.287682
Net3,first_order,405,dose_step,B0,77,0.794999,5.97297,-5.1151,70,26,26,1,,,,,,,,,1.33333,1.6,0.287679,0.287591,0.287703,0.287682
Net3,first_order,406,oracle,full,92,0.242383,3.53987,-2.50925,,35,35,1,0.4,0.6,1,0.85,1.1,0.9,0.18441,0.24333,,,,,,
Net3,first_order,406,oracle,full_lowkb,92,0.242383,3.53987,-2.50925,,35,35,1,0.4,0.6,1,0.85,1.1,0.9,0.18441,0.24333,,,,,,
Net3,first_order,406,dose_step,B0,77,0.838605,5.93701,-5.55058,53,29,29,5,,,,,,,,,1,1.2,0,0,0,0
Net3,first_order,406,dose_step,B0,77,0.471714,4.45274,-4.16295,53,33,33,8,,,,,,,,,0.75,0.9,-0.287681,-0.287698,-0.28762,-0.287682
Net3,first_order,406,dose_step,B0,77,1.49085,7.916,-7.40079,53,22,22,8,,,,,,,,,1.33333,1.6,0.287682,0.287667,0.287696,0.287682
Net3,first_order,407,oracle,full,92,0.505804,4.95938,3.8844,,33,31,1,0.1,1,0,1.15,0.9,1.05,0.334183,0.290469,,,,,,
Net3,first_order,407,oracle,full_lowkb,92,0.505804,4.95938,3.8844,,33,31,1,0.1,1,0,1.15,0.9,1.05,0.334183,0.290469,,,,,,
Net3,first_order,407,dose_step,B0,77,0.340256,3.60293,-0.644343,70,29,29,6,,,,,,,,,1,1.2,0,0,0,0
Net3,first_order,407,dose_step,B0,77,0.191394,2.7022,-0.483265,70,39,36,2,,,,,,,,,0.75,0.9,-0.287679,-0.287721,-0.287485,-0.287682
Net3,first_order,407,dose_step,B0,77,0.604899,4.8039,-0.859124,70,26,25,4,,,,,,,,,1.33333,1.6,0.287682,0.287679,0.287684,0.287682
Net3,2ra,400,oracle,full,92,0.192725,2.86567,-1.46438,,32,32,7,0.25,1,1,0.85,1.1,1.05,0.143331,0.238076,,,,,,
Net3,2ra,400,oracle,full_lowkb,92,0.192725,2.86567,-1.46438,,32,32,7,0.25,1,1,0.85,1.1,1.05,0.143331,0.238076,,,,,,
Net3,2ra,400,dose_step,B0,77,0.541432,5.03959,-4.6137,62,26,26,12,,,,,,,,,1,1.2,0,0,0,0
Net3,2ra,400,dose_step,B0,77,0.24177,3.24382,-2.82747,67,38,36,6,,,,,,,,,0.75,0.9,-0.344985,-0.478485,-0.287693,-0.287682
Net3,2ra,400,dose_step,B0,77,1.22106,7.73435,-7.3096,48,23,23,8,,,,,,,,,1.33333,1.6,0.342351,0.287696,0.471137,0.287682
Net3,2ra,401,oracle,full,92,0.0963869,2.24462,-0.317699,,30,28,9,0.4,0.6,0,1,1,0.9,0.144759,0.176738,,,,,,
Net3,2ra,401,oracle,full_lowkb,92,0.0963869,2.24462,-0.317699,,30,28,9,0.4,0.6,0,1,1,0.9,0.144759,0.176738,,,,,,
Net3,2ra,401,dose_step,B0,77,0.228674,2.71345,-0.542936,73,24,20,7,,,,,,,,,1,1.2,0,0,0,0
Net3,2ra,401,dose_step,B0,77,0.104503,1.97178,0.382949,74,41,38,0,,,,,,,,,0.75,0.9,-0.360386,-0.56335,-0.287689,-0.287682
Net3,2ra,401,dose_step,B0,77,0.557014,4.04222,-2.21555,72,19,18,7,,,,,,,,,1.33333,1.6,0.356374,0.287691,0.549774,0.287682
Net3,2ra,402,oracle,full,92,0.224691,3.37007,0.117417,,42,38,6,0.25,1,0.5,1,1.1,1,0.152165,0.32331,,,,,,
Net3,2ra,402,oracle,full_lowkb,92,0.224691,3.37007,0.117417,,42,38,6,0.25,1,0.5,1,1.1,1,0.152165,0.32331,,,,,,
Net3,2ra,402,dose_step,B0,77,0.39857,3.66338,-1.50809,72,34,30,3,,,,,,,,,1,1.2,0,0,0,0
Net3,2ra,402,dose_step,B0,77,0.218643,2.77603,-0.562984,73,44,40,0,,,,,,,,,0.75,0.9,-0.348202,-0.479332,-0.287687,-0.287682
Net3,2ra,402,dose_step,B0,77,0.779925,5.33189,-3.10902,66,24,23,2,,,,,,,,,1.33333,1.6,0.35116,0.287689,0.541665,0.287682
Net3,2ra,403,oracle,full,92,0.186384,2.85882,-0.409169,,36,36,5,0.25,1,0,1,1.1,1.1,0.135994,0.309067,,,,,,
Net3,2ra,403,oracle,full_lowkb,92,0.186384,2.85882,-0.409169,,36,36,5,0.25,1,0,1,1.1,1.1,0.135994,0.309067,,,,,,
Net3,2ra,403,dose_step,B0,77,4.21329,14.8182,-14.8182,15,29,29,43,,,,,,,,,1,1.2,0,0,0,0
Net3,2ra,403,dose_step,B0,77,2.20577,10.5745,-10.5745,19,40,40,32,,,,,,,,,0.75,0.9,-0.343586,-0.46919,-0.287687,-0.287682
Net3,2ra,403,dose_step,B0,77,8.08394,20.7727,-20.7727,14,24,24,36,,,,,,,,,1.33333,1.6,0.342316,0.287689,0.464182,0.287682
Net3,2ra,404,oracle,full,92,0.212737,3.32005,-3.22102,,36,36,9,0.4,1,1,1,1.1,0.95,0.135793,0.282764,,,,,,
Net3,2ra,404,oracle,full_lowkb,92,0.212737,3.32005,-3.22102,,36,36,9,0.4,1,1,1,1.1,0.95,0.135793,0.282764,,,,,,
Net3,2ra,404,dose_step,B0,77,1.58601,8.60774,-8.60774,48,30,30,14,,,,,,,,,1,1.2,0,0,0,0
Net3,2ra,404,dose_step,B0,77,0.787615,5.8618,-5.85989,53,42,42,11,,,,,,,,,0.75,0.9,-0.341368,-0.472243,-0.287688,-0.287682
Net3,2ra,404,dose_step,B0,77,3.22567,12.6148,-12.6148,41,23,23,12,,,,,,,,,1.33333,1.6,0.343186,0.28769,0.433751,0.287682
Net3,2ra,405,oracle,full,92,0.381365,4.40894,-2.65837,,27,27,12,0.25,1,1,1,1.1,1.1,0.137596,0.240124,,,,,,
Net3,2ra,405,oracle,full_lowkb,92,0.381365,4.40894,-2.65837,,27,27,12,0.25,1,1,1,1.1,1.1,0.137596,0.240124,,,,,,
Net3,2ra,405,dose_step,B0,77,0.793374,5.93148,-5.53103,65,24,24,11,,,,,,,,,1,1.2,0,0,0,0
Net3,2ra,405,dose_step,B0,77,0.345844,3.74843,-3.20514,68,39,39,4,,,,,,,,,0.75,0.9,-0.369364,-0.507437,-0.287689,-0.287682
Net3,2ra,405,dose_step,B0,77,1.85897,9.46714,-9.16248,58,20,20,10,,,,,,,,,1.33333,1.6,0.367774,0.287691,0.561405,0.287682
Net3,2ra,406,oracle,full,92,0.279351,3.51994,-0.697672,,30,30,3,0.1,1,1,0.85,1.1,1.05,0.169443,0.233816,,,,,,
Net3,2ra,406,oracle,full_lowkb,92,0.279351,3.51994,-0.697672,,30,30,3,0.1,1,1,0.85,1.1,1.05,0.169443,0.233816,,,,,,
Net3,2ra,406,dose_step,B0,77,0.873392,6.26338,-6.0626,49,25,25,11,,,,,,,,,1,1.2,0,0,0,0
Net3,2ra,406,dose_step,B0,77,0.407488,4.15355,-3.92255,51,36,36,9,,,,,,,,,0.75,0.9,-0.340115,-0.447661,-0.287691,-0.287682
Net3,2ra,406,dose_step,B0,77,1.89306,9.4068,-9.25843,44,22,22,9,,,,,,,,,1.33333,1.6,0.340561,0.287694,0.471497,0.287682
Net3,2ra,407,oracle,full,92,0.355517,4.12154,2.24758,,34,28,4,0.1,1,0,1.15,1.1,0.95,0.272811,0.257228,,,,,,
Net3,2ra,407,oracle,full_lowkb,92,0.373733,4.01233,3.07548,,34,32,1,0.025,1,0,1.15,0.9,0.95,0.270877,0.238334,,,,,,
Net3,2ra,407,dose_step,B0,77,0.299401,3.93763,-2.18961,76,30,28,10,,,,,,,,,1,1.2,0,0,0,0
Net3,2ra,407,dose_step,B0,77,0.141239,2.64575,-1.14105,76,41,39,4,,,,,,,,,0.75,0.9,-0.339389,-0.488095,-0.287686,-0.287682
Net3,2ra,407,dose_step,B0,77,0.663671,5.8693,-3.89965,74,23,23,8,,,,,,,,,1.33333,1.6,0.340163,0.287688,0.501394,0.287682
