truth,seed,bin,n_bins,nominal_age_lo_h,nominal_age_hi_h,frac_lower_bound,nominal_age_mean_h,true_age_mean_h,n,rmse,mae,bias,coverage90,n_true_viol,n_found,recall,false_alarms,n_flagged
first_order|B0,400,1,10,1.45833,3.14331,0,2.13293,,3,0.134299,0.102154,-0.0790565,0.666667,0,0,,0,0
first_order|B0,400,2,10,3.16304,18.9435,0.333333,11.4911,,2,0.0532862,0.0501211,-0.0180914,1,0,0,,0,0
first_order|B0,400,3,10,23.1942,29.7103,0.75,24.3742,,2,0.0403445,0.0403385,0.0403385,1,1,1,1,0,1
first_order|B0,400,4,10,36.2447,38.7102,1,38.254,,2,0.0512865,0.0363078,0.0362222,1,0,0,,0,0
first_order|B0,400,5,10,44.4675,49.2939,1,46.3808,,3,0.0312564,0.0272782,0.0272782,1,1,1,1,0,1
first_order|B0,400,6,10,49.3628,53.2451,1,51.304,,2,0.102762,0.101685,0.101685,1,0,0,,0,0
first_order|B0,400,7,10,53.7298,62.9606,1,59.4025,,3,0.0604388,0.0559104,0.0559104,1,2,0,0,0,0
first_order|B0,400,8,10,66.3787,71.1993,1,68.8332,,4,0.0590074,0.0491181,0.0491181,1,4,3,0.75,0,3
first_order|B0,400,9,10,75.2181,78.8564,1,77.4413,,3,0.0360484,0.0346519,0.0346519,1,3,2,0.666667,0,2
first_order|B0,400,10,10,79.4339,97.0401,1,85.3412,,3,0.0191428,0.0160745,0.00284815,1,3,3,1,0,3
first_order|B0,401,1,10,1.45833,3.14331,0,2.45196,,3,0.0279221,0.0266438,-0.0111535,1,0,0,,0,0
first_order|B0,401,2,10,3.16304,18.9435,0.333333,3.60086,,2,0.130209,0.114777,-0.114777,1,0,0,,0,0
first_order|B0,401,3,10,23.1942,29.7103,0.75,26.279,,4,0.0337927,0.0310109,-0.0310109,1,3,3,1,1,4
first_order|B0,401,4,10,36.2447,38.7102,1,37.0213,,2,0.0304166,0.0237938,-0.0237938,1,2,2,1,0,2
first_order|B0,401,5,10,44.4675,49.2939,1,48.648,,2,0.0169622,0.0167333,0.0167333,1,2,2,1,0,2
first_order|B0,401,6,10,49.3628,53.2451,1,51.3868,,2,0.0140692,0.0101618,-0.0101618,1,0,0,,0,0
first_order|B0,401,7,10,53.7298,62.9606,1,57.6234,,2,0.0261696,0.0261691,-0.0261691,1,2,2,1,0,2
first_order|B0,401,8,10,66.3787,71.1993,1,69.4104,,3,0.0571624,0.0561182,-0.0561182,0.666667,3,3,1,0,3
first_order|B0,401,9,10,75.2181,78.8564,1,77.4413,,3,0.0618101,0.0534491,-0.0534491,1,3,3,1,0,3
first_order|B0,401,10,10,79.4339,97.0401,1,84.8799,,4,0.0322686,0.0299413,-0.0299413,1,4,4,1,0,4
first_order|B0,402,1,10,1.45833,3.14331,0,2.26263,,3,0.104568,0.0963357,-0.0704104,1,0,0,,0,0
first_order|B0,402,2,10,3.16304,18.9435,0.333333,8.71508,,3,0.102463,0.0698623,-0.0698623,1,0,0,,0,0
first_order|B0,402,3,10,23.1942,29.7103,0.75,27.3073,,3,0.0290852,0.0233031,-0.0233031,1,1,1,1,0,1
first_order|B0,402,4,10,36.2447,38.7102,1,37.0213,,2,0.0231382,0.0231362,0.0231362,1,2,2,1,0,2
first_order|B0,402,5,10,44.4675,49.2939,1,46.7861,,4,0.0431717,0.0420271,-0.028357,1,2,2,1,2,4
first_order|B0,402,6,10,49.3628,53.2451,1,50.7121,,3,0.046729,0.0463529,-0.0463529,1,0,0,,1,1
first_order|B0,402,7,10,53.7298,62.9606,1,57.6234,,2,0.0339443,0.0319565,-0.0319565,1,2,2,1,0,2
first_order|B0,402,8,10,66.3787,71.1993,1,68.789,,2,0.0346473,0.0341707,0.00572712,1,2,2,1,0,2
first_order|B0,402,9,10,75.2181,78.8564,1,77.4413,,3,0.0467635,0.0445881,-0.0112133,1,3,3,1,0,3
first_order|B0,402,10,10,79.4339,97.0401,1,88.237,,2,0.0572789,0.0554295,-0.0554295,1,2,2,1,0,2
first_order|B0,403,1,10,1.45833,3.14331,0,2.13293,,3,0.031376,0.0300041,0.0300041,1,0,0,,0,0
first_order|B0,403,2,10,3.16304,18.9435,0.333333,11.4911,,2,0.0777029,0.0605479,0.0487,1,1,1,1,0,1
first_order|B0,403,3,10,23.1942,29.7103,0.75,26.1529,,3,0.00688365,0.00595082,-0.00595082,1,2,2,1,0,2
first_order|B0,403,4,10,36.2447,38.7102,1,38.254,,2,0.0755215,0.065276,0.065276,1,2,1,0.5,0,1
first_order|B0,403,5,10,44.4675,49.2939,1,47.2545,,3,0.0285984,0.0285951,0.0285951,1,3,0,0,0,0
first_order|B0,403,6,10,49.3628,53.2451,1,51.3868,,2,0.037173,0.0284138,0.0284138,1,1,0,0,0,0
first_order|B0,403,7,10,53.7298,62.9606,1,57.6234,,2,0.0138408,0.0132243,0.0132243,1,2,2,1,0,2
first_order|B0,403,8,10,66.3787,71.1993,1,68.0445,,3,0.0219479,0.0214668,0.0214668,1,3,3,1,0,3
first_order|B0,403,9,10,75.2181,78.8564,1,77.4413,,3,0.0213361,0.014774,-0.014774,1,3,3,1,0,3
first_order|B0,403,10,10,79.4339,97.0401,1,84.8799,,4,0.0335223,0.0323064,-0.00722731,1,4,4,1,0,4
first_order|B0,404,1,10,1.45833,3.14331,0,2.38553,,4,0.0689416,0.062098,-0.062098,1,0,0,,0,0
first_order|B0,404,2,10,3.16304,18.9435,0.333333,8.71508,,3,0.0522967,0.0462861,-0.0268804,1,0,0,,1,1
first_order|B0,404,3,10,23.1942,29.7103,0.75,24.9257,,2,0.0145175,0.013086,-0.00628594,1,2,2,1,0,2
first_order|B0,404,4,10,36.2447,38.7102,1,37.5842,,3,0.0661685,0.0504736,0.0464708,1,3,2,0.666667,0,2
first_order|B0,404,5,10,44.4675,49.2939,1,45.9502,,3,0.0200252,0.0163419,-0.0163419,1,1,1,1,1,2
first_order|B0,404,6,10,49.3628,53.2451,1,49.4457,,2,0.0344683,0.0330512,-0.0330512,1,0,0,,0,0
first_order|B0,404,7,10,53.7298,62.9606,1,58.3452,,2,0.0216021,0.0215994,0.000346416,1,1,0,0,1,1
first_order|B0,404,8,10,66.3787,71.1993,1,68.2266,,3,0.0273395,0.0273293,-0.0273293,1,3,3,1,0,3
first_order|B0,404,9,10,75.2181,78.8564,1,78.5529,,2,0.0343525,0.0293788,-0.017804,1,2,2,1,0,2
first_order|B0,404,10,10,79.4339,97.0401,1,86.6953,,3,0.0412332,0.0395938,-0.0395938,1,3,3,1,0,3
first_order|B0,405,1,10,1.45833,3.14331,0,2.13293,,3,0.150168,0.116637,-0.116637,1,0,0,,0,0
first_order|B0,405,2,10,3.16304,18.9435,0.333333,3.60086,,2,0.14936,0.149336,-0.149336,0.5,0,0,,0,0
first_order|B0,405,3,10,23.1942,29.7103,0.75,26.279,,4,0.0175714,0.0164185,-0.000259294,1,4,4,1,0,4
first_order|B0,405,4,10,36.2447,38.7102,1,38.254,,2,0.00649698,0.00636709,-0.00129263,1,1,1,1,0,1
first_order|B0,405,5,10,44.4675,49.2939,1,47.2545,,3,0.0196246,0.0190562,0.0190562,1,3,3,1,0,3
first_order|B0,405,6,10,49.3628,53.2451,1,51.3868,,2,0.0273222,0.0273222,0.0273222,1,2,0,0,0,0
first_order|B0,405,7,10,53.7298,62.9606,1,59.4025,,3,0.0326267,0.0304721,0.0304721,1,3,3,1,0,3
first_order|B0,405,8,10,66.3787,71.1993,1,66.3787,,1,0.0184454,0.0184454,0.0184454,1,1,1,1,0,1
first_order|B0,405,9,10,75.2181,78.8564,1,77.4413,,3,0.0213673,0.0180291,0.0180291,1,3,3,1,0,3
first_order|B0,405,10,10,79.4339,97.0401,1,84.8799,,4,0.0201154,0.0175034,0.00224343,1,4,4,1,0,4
first_order|B0,406,1,10,1.45833,3.14331,0,2.38553,,4,0.0939998,0.0748777,-0.0458256,1,0,0,,0,0
first_order|B0,406,2,10,3.16304,18.9435,0.333333,11.4911,,2,0.011231,0.00927436,0.00633418,1,0,0,,0,0
first_order|B0,406,3,10,23.1942,29.7103,0.75,26.279,,4,0.0299911,0.0247409,0.0247409,1,2,1,0.5,0,1
first_order|B0,406,4,10,36.2447,38.7102,1,37.5842,,3,0.0467951,0.03912,0.03912,1,1,0,0,0,0
first_order|B0,406,5,10,44.4675,49.2939,1,48.648,,2,0.0489791,0.048036,0.00956536,1,0,0,,0,0
first_order|B0,406,6,10,49.3628,53.2451,1,53.2451,,1,0.0568383,0.0568383,0.0568383,1,0,0,,0,0
first_order|B0,406,7,10,53.7298,62.9606,1,62.2388,,2,0.0500219,0.0485904,0.0485904,1,1,0,0,0,0
first_order|B0,406,8,10,66.3787,71.1993,1,68.8332,,4,0.0466159,0.0400041,0.0400041,1,3,3,1,0,3
first_order|B0,406,9,10,75.2181,78.8564,1,78.5529,,2,0.0220239,0.0203302,0.0203302,1,2,1,0.5,0,1
first_order|B0,406,10,10,79.4339,97.0401,1,85.3412,,3,0.0144702,0.0119773,-0.00939978,1,3,3,1,0,3
first_order|B0,407,1,10,1.45833,3.14331,0,1.82228,,2,0.129479,0.127689,0.0214537,1,0,0,,0,0
first_order|B0,407,2,10,3.16304,18.9435,0.333333,8.71508,,3,0.0794238,0.0630978,0.0243112,1,0,0,,1,1
first_order|B0,407,3,10,23.1942,29.7103,0.75,27.3073,,3,0.0275996,0.0247212,-0.0196875,1,1,1,1,1,2
first_order|B0,407,4,10,36.2447,38.7102,1,37.5842,,3,0.0270719,0.0198718,0.0123876,1,3,2,0.666667,0,2
first_order|B0,407,5,10,44.4675,49.2939,1,46.7861,,4,0.0319346,0.0304713,-0.0304713,1,1,1,1,3,4
first_order|B0,407,6,10,49.3628,53.2451,1,50.7121,,3,0.0516268,0.0483553,0.0238824,1,1,0,0,0,0
first_order|B0,407,7,10,53.7298,62.9606,1,62.2388,,2,0.0323522,0.0304959,-0.010801,1,2,2,1,0,2
first_order|B0,407,8,10,66.3787,71.1993,1,70.9262,,2,0.010545,0.00938355,-0.00938355,1,2,2,1,0,2
first_order|B0,407,9,10,75.2181,78.8564,1,78.5529,,2,0.0209745,0.0163322,-0.0163322,1,2,2,1,0,2
first_order|B0,407,10,10,79.4339,97.0401,1,85.3412,,3,0.0164369,0.0160107,-0.00874511,1,3,3,1,0,3
first_order|B0,all,1,10,1.45833,3.14331,0,2.24276,,25,0.099547,0.0767442,-0.0452219,0.96,0,0,,0,0
first_order|B0,all,2,10,3.16304,18.9435,0.333333,8.51504,,19,0.0903669,0.0687291,-0.0353493,0.947368,1,1,1,2,3
first_order|B0,all,3,10,23.1942,29.7103,0.75,26.25,,25,0.0268647,0.0222982,-0.00419345,1,16,15,0.9375,2,17
first_order|B0,all,4,10,36.2447,38.7102,1,37.6772,,19,0.0467783,0.0335873,0.025949,1,14,10,0.714286,0,10
first_order|B0,all,5,10,44.4675,49.2939,1,47.0584,,24,0.0320486,0.0288894,-0.000289704,1,13,10,0.769231,6,16
first_order|B0,all,6,10,49.3628,53.2451,1,51.0199,,17,0.0519763,0.0436607,0.0128143,1,4,0,0,1,1
first_order|B0,all,7,10,53.7298,62.9606,1,59.3223,,18,0.0381811,0.0335122,0.0136454,1,15,11,0.733333,1,12
first_order|B0,all,8,10,66.3787,71.1993,1,68.7963,,22,0.0421433,0.0353084,0.00825814,0.954545,21,20,0.952381,0,20
first_order|B0,all,9,10,75.2181,78.8564,1,77.7589,,21,0.0370752,0.0299314,-0.00513704,1,21,19,0.904762,0,19
first_order|B0,all,10,10,79.4339,97.0401,1,85.5073,,26,0.0306838,0.0261859,-0.0159704,1,26,26,1,0,26
first_order|lowkb,400,1,10,1.45833,3.14331,0,2.13293,,3,0.11829,0.0866388,-0.0827762,1,0,0,,0,0
first_order|lowkb,400,2,10,3.16304,18.9435,0.333333,11.4911,,2,0.0819756,0.0804154,-0.0159175,1,0,0,,0,0
first_order|lowkb,400,3,10,23.1942,29.7103,0.75,24.3742,,2,0.0719238,0.0718472,0.0718472,1,1,0,0,0,0
first_order|lowkb,400,4,10,36.2447,38.7102,1,38.254,,2,0.0814874,0.0728985,0.0728985,1,0,0,,0,0
first_order|lowkb,400,5,10,44.4675,49.2939,1,46.3808,,3,0.0584593,0.0562522,0.0562522,1,1,1,1,0,1
first_order|lowkb,400,6,10,49.3628,53.2451,1,51.304,,2,0.131033,0.130128,0.130128,0.5,0,0,,0,0
first_order|lowkb,400,7,10,53.7298,62.9606,1,59.4025,,3,0.0842071,0.0807608,0.0807608,1,2,0,0,0,0
first_order|lowkb,400,8,10,66.3787,71.1993,1,68.8332,,4,0.0831777,0.0770579,0.0770579,1,4,1,0.25,0,1
first_order|lowkb,400,9,10,75.2181,78.8564,1,77.4413,,3,0.0731494,0.0723016,0.0723016,1,3,1,0.333333,0,1
first_order|lowkb,400,10,10,79.4339,97.0401,1,85.3412,,3,0.0519229,0.0475146,0.0475146,1,3,2,0.666667,0,2
first_order|lowkb,401,1,10,1.45833,3.14331,0,2.45196,,3,0.0530286,0.0527074,-0.0122842,1,0,0,,0,0
first_order|lowkb,401,2,10,3.16304,18.9435,0.333333,3.60086,,2,0.148974,0.14444,-0.14444,1,0,0,,0,0
first_order|lowkb,401,3,10,23.1942,29.7103,0.75,26.279,,4,0.0159868,0.0145244,-0.0145244,1,3,3,1,1,4
first_order|lowkb,401,4,10,36.2447,38.7102,1,37.0213,,2,0.0254616,0.021286,-0.0139713,1,2,2,1,0,2
first_order|lowkb,401,5,10,44.4675,49.2939,1,48.648,,2,0.00775992,0.00680643,0.00680643,1,2,2,1,0,2
first_order|lowkb,401,6,10,49.3628,53.2451,1,51.3868,,2,0.0103771,0.0100026,0.0100026,1,0,0,,0,0
first_order|lowkb,401,7,10,53.7298,62.9606,1,57.6234,,2,0.0178209,0.0174297,-0.0174297,1,2,2,1,0,2
first_order|lowkb,401,8,10,66.3787,71.1993,1,69.4104,,3,0.0368619,0.0358273,-0.0358273,1,3,3,1,0,3
first_order|lowkb,401,9,10,75.2181,78.8564,1,77.4413,,3,0.0474382,0.0432517,-0.0314531,1,3,3,1,0,3
first_order|lowkb,401,10,10,79.4339,97.0401,1,84.8799,,4,0.0118982,0.0109937,-0.00438789,1,4,4,1,0,4
first_order|lowkb,402,1,10,1.45833,3.14331,0,2.26263,,3,0.0703254,0.0633217,-0.0489889,1,0,0,,0,0
first_order|lowkb,402,2,10,3.16304,18.9435,0.333333,8.71508,,3,0.107008,0.0760377,-0.0705614,1,0,0,,0,0
first_order|lowkb,402,3,10,23.1942,29.7103,0.75,27.3073,,3,0.0169422,0.0148435,-0.00840112,1,1,1,1,0,1
first_order|lowkb,402,4,10,36.2447,38.7102,1,37.0213,,2,0.0535405,0.0500907,0.0500907,1,2,1,0.5,0,1
first_order|lowkb,402,5,10,44.4675,49.2939,1,46.7861,,4,0.0432602,0.042849,-0.0262914,1,2,2,1,2,4
first_order|lowkb,402,6,10,49.3628,53.2451,1,50.7121,,3,0.0486682,0.048334,-0.048334,1,0,0,,1,1
first_order|lowkb,402,7,10,53.7298,62.9606,1,57.6234,,2,0.0257593,0.0223562,-0.0223562,1,2,2,1,0,2
first_order|lowkb,402,8,10,66.3787,71.1993,1,68.789,,2,0.028,0.0248465,0.0129093,1,2,2,1,0,2
first_order|lowkb,402,9,10,75.2181,78.8564,1,77.4413,,3,0.0357069,0.0340327,0.00494081,1,3,3,1,0,3
first_order|lowkb,402,10,10,79.4339,97.0401,1,88.237,,2,0.0244894,0.0221908,-0.0221908,1,2,2,1,0,2
first_order|lowkb,403,1,10,1.45833,3.14331,0,2.13293,,3,0.0648595,0.0577888,-0.0577888,1,0,0,,0,0
first_order|lowkb,403,2,10,3.16304,18.9435,0.333333,11.4911,,2,0.0595523,0.0456609,0.0382303,1,1,1,1,0,1
first_order|lowkb,403,3,10,23.1942,29.7103,0.75,26.1529,,3,0.0136599,0.00954524,0.00932192,1,2,2,1,0,2
first_order|lowkb,403,4,10,36.2447,38.7102,1,38.254,,2,0.0870874,0.0824463,0.0824463,0.5,2,1,0.5,0,1
first_order|lowkb,403,5,10,44.4675,49.2939,1,47.2545,,3,0.0137195,0.0125512,0.00938882,1,3,2,0.666667,0,2
first_order|lowkb,403,6,10,49.3628,53.2451,1,51.3868,,2,0.0293122,0.0242619,0.0164488,1,1,0,0,0,0
first_order|lowkb,403,7,10,53.7298,62.9606,1,57.6234,,2,0.00470557,0.00348727,0.00348727,1,2,2,1,0,2
first_order|lowkb,403,8,10,66.3787,71.1993,1,68.0445,,3,0.0167568,0.0138723,0.0138723,1,3,3,1,0,3
first_order|lowkb,403,9,10,75.2181,78.8564,1,77.4413,,3,0.0211452,0.0201527,-0.0120856,1,3,3,1,0,3
first_order|lowkb,403,10,10,79.4339,97.0401,1,84.8799,,4,0.025449,0.0250533,0.00255445,1,4,4,1,0,4
first_order|lowkb,404,1,10,1.45833,3.14331,0,2.38553,,4,0.105147,0.102233,-0.102233,1,0,0,,0,0
first_order|lowkb,404,2,10,3.16304,18.9435,0.333333,8.71508,,3,0.0818656,0.0653578,-0.0653578,1,0,0,,1,1
first_order|lowkb,404,3,10,23.1942,29.7103,0.75,24.9257,,2,0.0151897,0.0129636,-0.0129636,1,2,2,1,0,2
first_order|lowkb,404,4,10,36.2447,38.7102,1,37.5842,,3,0.0557367,0.0462803,0.0340078,1,3,2,0.666667,0,2
first_order|lowkb,404,5,10,44.4675,49.2939,1,45.9502,,3,0.0380111,0.0366476,-0.0366476,1,1,1,1,2,3
first_order|lowkb,404,6,10,49.3628,53.2451,1,49.4457,,2,0.0500741,0.0492651,-0.0492651,1,0,0,,0,0
first_order|lowkb,404,7,10,53.7298,62.9606,1,58.3452,,2,0.0290716,0.0245115,-0.0245115,1,1,1,1,1,2
first_order|lowkb,404,8,10,66.3787,71.1993,1,68.2266,,3,0.0319611,0.0316497,-0.0316497,1,3,3,1,0,3
first_order|lowkb,404,9,10,75.2181,78.8564,1,78.5529,,2,0.0250873,0.0181526,-0.0181526,1,2,2,1,0,2
first_order|lowkb,404,10,10,79.4339,97.0401,1,86.6953,,3,0.0327781,0.0317059,-0.0317059,1,3,3,1,0,3
first_order|lowkb,405,1,10,1.45833,3.14331,0,2.13293,,3,0.155392,0.131106,-0.131106,1,0,0,,0,0
first_order|lowkb,405,2,10,3.16304,18.9435,0.333333,3.60086,,2,0.14134,0.141338,-0.141338,1,0,0,,0,0
first_order|lowkb,405,3,10,23.1942,29.7103,0.75,26.279,,4,0.0232992,0.0181423,0.0159246,1,4,3,0.75,0,3
first_order|lowkb,405,4,10,36.2447,38.7102,1,38.254,,2,0.0053892,0.00475395,0.00475395,1,1,1,1,0,1
first_order|lowkb,405,5,10,44.4675,49.2939,1,47.2545,,3,0.0353393,0.0353195,0.0353195,1,3,3,1,0,3
first_order|lowkb,405,6,10,49.3628,53.2451,1,51.3868,,2,0.049894,0.0498402,0.0498402,1,2,0,0,0,0
first_order|lowkb,405,7,10,53.7298,62.9606,1,59.4025,,3,0.0345027,0.0342483,0.0342483,1,3,3,1,0,3
first_order|lowkb,405,8,10,66.3787,71.1993,1,66.3787,,1,0.0190021,0.0190021,0.0190021,1,1,1,1,0,1
first_order|lowkb,405,9,10,75.2181,78.8564,1,77.4413,,3,0.0320818,0.0319792,0.0319792,1,3,3,1,0,3
first_order|lowkb,405,10,10,79.4339,97.0401,1,84.8799,,4,0.0326313,0.0277459,0.0277459,1,4,4,1,0,4
first_order|lowkb,406,1,10,1.45833,3.14331,0,2.38553,,4,0.16035,0.146556,-0.146556,0.5,0,0,,0,0
first_order|lowkb,406,2,10,3.16304,18.9435,0.333333,11.4911,,2,0.0706614,0.0515539,-0.0515539,1,0,0,,0,0
first_order|lowkb,406,3,10,23.1942,29.7103,0.75,26.279,,4,0.032721,0.0259541,0.0193006,1,2,0,0,0,0
first_order|lowkb,406,4,10,36.2447,38.7102,1,37.5842,,3,0.0270328,0.0218181,0.0176214,1,1,1,1,0,1
first_order|lowkb,406,5,10,44.4675,49.2939,1,48.648,,2,0.0561815,0.0505683,-0.0244786,1,0,0,,0,0
first_order|lowkb,406,6,10,49.3628,53.2451,1,53.2451,,1,0.0450823,0.0450823,0.0450823,1,0,0,,0,0
first_order|lowkb,406,7,10,53.7298,62.9606,1,62.2388,,2,0.0405756,0.0356841,0.0356841,1,1,0,0,0,0
first_order|lowkb,406,8,10,66.3787,71.1993,1,68.8332,,4,0.0441584,0.0374411,0.0374411,1,3,3,1,0,3
first_order|lowkb,406,9,10,75.2181,78.8564,1,78.5529,,2,0.0262823,0.0253313,0.0253313,1,2,1,0.5,0,1
first_order|lowkb,406,10,10,79.4339,97.0401,1,85.3412,,3,0.0106434,0.00953086,0.00381527,1,3,3,1,0,3
first_order|lowkb,407,1,10,1.45833,3.14331,0,1.82228,,2,0.145842,0.143477,0.0261565,1,0,0,,0,0
first_order|lowkb,407,2,10,3.16304,18.9435,0.333333,8.71508,,3,0.054117,0.0414783,-0.0263491,1,0,0,,1,1
first_order|lowkb,407,3,10,23.1942,29.7103,0.75,27.3073,,3,0.010225,0.00968694,-0.00604989,1,1,1,1,0,1
first_order|lowkb,407,4,10,36.2447,38.7102,1,37.5842,,3,0.0340828,0.0244844,0.0243488,1,3,2,0.666667,0,2
first_order|lowkb,407,5,10,44.4675,49.2939,1,46.7861,,4,0.0182114,0.0178326,-0.0178326,1,1,1,1,1,2
first_order|lowkb,407,6,10,49.3628,53.2451,1,50.7121,,3,0.0675499,0.0580313,0.0480862,1,1,0,0,0,0
first_order|lowkb,407,7,10,53.7298,62.9606,1,62.2388,,2,0.0212231,0.0212179,-0.00046934,1,2,2,1,0,2
first_order|lowkb,407,8,10,66.3787,71.1993,1,70.9262,,2,0.00961019,0.00913362,0.00298875,1,2,2,1,0,2
first_order|lowkb,407,9,10,75.2181,78.8564,1,78.5529,,2,0.0166017,0.0166014,8.53363e-05,1,2,2,1,0,2
first_order|lowkb,407,10,10,79.4339,97.0401,1,85.3412,,3,0.015948,0.0123805,0.0123805,1,3,3,1,0,3
first_order|lowkb,all,1,10,1.45833,3.14331,0,2.24276,,25,0.116606,0.098272,-0.0776671,0.92,0,0,,0,0
first_order|lowkb,all,2,10,3.16304,18.9435,0.333333,8.51504,,19,0.0968188,0.0776547,-0.0587813,1,1,1,1,2,3
first_order|lowkb,all,3,10,23.1942,29.7103,0.75,26.25,,25,0.0282973,0.0202533,0.00740734,1,16,12,0.75,1,13
first_order|lowkb,all,4,10,36.2447,38.7102,1,37.6772,,19,0.0515719,0.0389842,0.0326511,0.947368,14,10,0.714286,0,10
first_order|lowkb,all,5,10,44.4675,49.2939,1,47.0584,,24,0.0377181,0.0324911,-0.000787568,1,13,12,0.923077,5,17
first_order|lowkb,all,6,10,49.3628,53.2451,1,51.0199,,17,0.0637522,0.052422,0.021097,0.941176,4,0,0,1,1
first_order|lowkb,all,7,10,53.7298,62.9606,1,59.3223,,18,0.0426447,0.0330223,0.0163243,1,15,12,0.8,1,13
first_order|lowkb,all,8,10,66.3787,71.1993,1,68.7963,,22,0.0455127,0.0358639,0.0158173,1,21,18,0.857143,0,18
first_order|lowkb,all,9,10,75.2181,78.8564,1,77.7589,,21,0.0403846,0.0345393,0.0100751,1,21,18,0.857143,0,18
first_order|lowkb,all,10,10,79.4339,97.0401,1,85.5073,,26,0.02844,0.0231904,0.00597238,1,26,25,0.961538,0,25
2ra|B0,400,1,10,1.45833,3.14331,0,2.13293,,3,0.0289973,0.01953,0.0135433,1,0,0,,0,0
2ra|B0,400,2,10,3.16304,18.9435,0.333333,11.4911,,2,0.0367672,0.0366827,0.00249162,1,0,0,,0,0
2ra|B0,400,3,10,23.1942,29.7103,0.75,24.3742,,2,0.0572455,0.0541154,0.0541154,1,1,0,0,0,0
2ra|B0,400,4,10,36.2447,38.7102,1,38.254,,2,0.0970936,0.0727087,0.0643477,1,0,0,,0,0
2ra|B0,400,5,10,44.4675,49.2939,1,46.3808,,3,0.0731,0.0713146,0.0713146,1,1,0,0,0,0
2ra|B0,400,6,10,49.3628,53.2451,1,51.304,,2,0.111018,0.110777,0.110777,1,0,0,,0,0
2ra|B0,400,7,10,53.7298,62.9606,1,59.4025,,3,0.0681822,0.0679188,0.0679188,1,0,0,,0,0
2ra|B0,400,8,10,66.3787,71.1993,1,68.8332,,4,0.0483624,0.0421632,0.0354956,1,4,3,0.75,0,3
2ra|B0,400,9,10,75.2181,78.8564,1,77.4413,,3,0.0416363,0.0330205,0.0330205,1,2,1,0.5,0,1
2ra|B0,400,10,10,79.4339,97.0401,1,85.3412,,3,0.028274,0.0229633,-0.0190964,1,2,2,1,1,3
2ra|B0,401,1,10,1.45833,3.14331,0,2.45196,,3,0.0330815,0.0277947,0.00697075,1,0,0,,0,0
2ra|B0,401,2,10,3.16304,18.9435,0.333333,3.60086,,2,0.116364,0.0986061,-0.0986061,1,0,0,,0,0
2ra|B0,401,3,10,23.1942,29.7103,0.75,26.279,,4,0.0511757,0.0503303,-0.0503303,1,2,2,1,2,4
2ra|B0,401,4,10,36.2447,38.7102,1,37.0213,,2,0.0487031,0.0457206,-0.0457206,1,1,1,1,1,2
2ra|B0,401,5,10,44.4675,49.2939,1,48.648,,2,0.00975364,0.00922746,0.00922746,1,1,1,1,0,1
2ra|B0,401,6,10,49.3628,53.2451,1,51.3868,,2,0.00638886,0.00607467,0.00197886,1,0,0,,0,0
2ra|B0,401,7,10,53.7298,62.9606,1,57.6234,,2,0.0334589,0.0334583,-0.0334583,1,2,2,1,0,2
2ra|B0,401,8,10,66.3787,71.1993,1,69.4104,,3,0.0563398,0.0543396,-0.0543396,0.666667,3,3,1,0,3
2ra|B0,401,9,10,75.2181,78.8564,1,77.4413,,3,0.0815699,0.0713316,-0.0713316,1,1,1,1,2,3
2ra|B0,401,10,10,79.4339,97.0401,1,84.8799,,4,0.0482095,0.0444785,-0.0444785,1,4,4,1,0,4
2ra|B0,402,1,10,1.45833,3.14331,0,2.26263,,3,0.0857021,0.0811266,-0.0525845,1,0,0,,0,0
2ra|B0,402,2,10,3.16304,18.9435,0.333333,8.71508,,3,0.0870697,0.0606065,-0.0606065,1,0,0,,0,0
2ra|B0,402,3,10,23.1942,29.7103,0.75,27.3073,,3,0.0363594,0.0303794,-0.0278729,1,1,1,1,0,1
2ra|B0,402,4,10,36.2447,38.7102,1,37.0213,,2,0.0232266,0.0174061,0.0174061,1,2,2,1,0,2
2ra|B0,402,5,10,44.4675,49.2939,1,46.7861,,4,0.0466926,0.045865,-0.018242,1,1,1,1,2,3
2ra|B0,402,6,10,49.3628,53.2451,1,50.7121,,3,0.0435231,0.043018,-0.043018,1,0,0,,0,0
2ra|B0,402,7,10,53.7298,62.9606,1,57.6234,,2,0.0320669,0.0282177,-0.0282177,1,0,0,,1,1
2ra|B0,402,8,10,66.3787,71.1993,1,68.789,,2,0.0393154,0.0387249,-0.00678814,1,1,1,1,1,2
2ra|B0,402,9,10,75.2181,78.8564,1,77.4413,,3,0.0559297,0.055742,-0.0167355,1,2,1,0.5,1,2
2ra|B0,402,10,10,79.4339,97.0401,1,88.237,,2,0.062349,0.0599972,-0.0599972,1,1,1,1,1,2
2ra|B0,403,1,10,1.45833,3.14331,0,2.13293,,3,0.0288945,0.0274128,0.0274128,1,0,0,,0,0
2ra|B0,403,2,10,3.16304,18.9435,0.333333,11.4911,,2,0.0878706,0.0721175,0.0502027,0.5,0,0,,1,1
2ra|B0,403,3,10,23.1942,29.7103,0.75,26.1529,,3,0.0159029,0.0141382,-0.0141382,1,1,1,1,0,1
2ra|B0,403,4,10,36.2447,38.7102,1,38.254,,2,0.0857901,0.0726567,0.0726567,1,2,1,0.5,0,1
2ra|B0,403,5,10,44.4675,49.2939,1,47.2545,,3,0.028353,0.0283447,0.0283447,1,2,0,0,0,0
2ra|B0,403,6,10,49.3628,53.2451,1,51.3868,,2,0.0513838,0.0397828,0.0397828,1,1,0,0,0,0
2ra|B0,403,7,10,53.7298,62.9606,1,57.6234,,2,0.0115973,0.00929552,0.00929552,1,2,2,1,0,2
2ra|B0,403,8,10,66.3787,71.1993,1,68.0445,,3,0.0119144,0.011119,0.011119,1,3,3,1,0,3
2ra|B0,403,9,10,75.2181,78.8564,1,77.4413,,3,0.0340393,0.0287152,-0.0287152,1,3,3,1,0,3
2ra|B0,403,10,10,79.4339,97.0401,1,84.8799,,4,0.038834,0.0346639,-0.017168,1,4,4,1,0,4
2ra|B0,404,1,10,1.45833,3.14331,0,2.38553,,4,0.0197843,0.0157921,0.0148421,1,0,0,,0,0
2ra|B0,404,2,10,3.16304,18.9435,0.333333,8.71508,,3,0.0596855,0.0435648,0.023986,1,0,0,,0,0
2ra|B0,404,3,10,23.1942,29.7103,0.75,24.9257,,2,0.025144,0.0221494,-0.0119007,1,2,2,1,0,2
2ra|B0,404,4,10,36.2447,38.7102,1,37.5842,,3,0.0696292,0.0558138,0.0424137,1,2,1,0.5,0,1
2ra|B0,404,5,10,44.4675,49.2939,1,45.9502,,3,0.0223501,0.0185084,-0.0173467,1,1,1,1,0,1
2ra|B0,404,6,10,49.3628,53.2451,1,49.4457,,2,0.0375561,0.0371202,-0.0371202,1,0,0,,0,0
2ra|B0,404,7,10,53.7298,62.9606,1,58.3452,,2,0.0347939,0.0337718,0.00837112,1,1,0,0,0,0
2ra|B0,404,8,10,66.3787,71.1993,1,68.2266,,3,0.0319909,0.031939,-0.031939,1,3,3,1,0,3
2ra|B0,404,9,10,75.2181,78.8564,1,78.5529,,2,0.0414423,0.0375051,-0.0176304,1,2,2,1,0,2
2ra|B0,404,10,10,79.4339,97.0401,1,86.6953,,3,0.0491639,0.045381,-0.045381,1,3,3,1,0,3
2ra|B0,405,1,10,1.45833,3.14331,0,2.13293,,3,0.148298,0.115772,-0.109687,1,0,0,,0,0
2ra|B0,405,2,10,3.16304,18.9435,0.333333,3.60086,,2,0.15332,0.153308,-0.153308,0.5,0,0,,0,0
2ra|B0,405,3,10,23.1942,29.7103,0.75,26.279,,4,0.0205697,0.0182044,-0.0182044,1,3,3,1,1,4
2ra|B0,405,4,10,36.2447,38.7102,1,38.254,,2,0.0301406,0.0300669,-0.0300669,1,1,1,1,0,1
2ra|B0,405,5,10,44.4675,49.2939,1,47.2545,,3,0.00627848,0.00547083,0.00547083,1,3,3,1,0,3
2ra|B0,405,6,10,49.3628,53.2451,1,51.3868,,2,0.00618557,0.00593438,0.00593438,1,0,0,,0,0
2ra|B0,405,7,10,53.7298,62.9606,1,59.4025,,3,0.0190588,0.0154422,0.0154422,1,3,3,1,0,3
2ra|B0,405,8,10,66.3787,71.1993,1,66.3787,,1,0.00369853,0.00369853,0.00369853,1,1,1,1,0,1
2ra|B0,405,9,10,75.2181,78.8564,1,77.4413,,3,0.0208535,0.0186888,0.0186888,1,3,3,1,0,3
2ra|B0,405,10,10,79.4339,97.0401,1,84.8799,,4,0.0159836,0.0111716,-0.00659937,1,4,4,1,0,4
2ra|B0,406,1,10,1.45833,3.14331,0,2.38553,,4,0.0871249,0.0789832,-0.00553558,1,0,0,,0,0
2ra|B0,406,2,10,3.16304,18.9435,0.333333,11.4911,,2,0.0348507,0.0334898,0.0334898,1,0,0,,0,0
2ra|B0,406,3,10,23.1942,29.7103,0.75,26.279,,4,0.0358712,0.032668,0.032668,1,1,0,0,0,0
2ra|B0,406,4,10,36.2447,38.7102,1,37.5842,,3,0.0513013,0.0425824,0.0425824,1,1,0,0,0,0
2ra|B0,406,5,10,44.4675,49.2939,1,48.648,,2,0.0564164,0.0441416,0.0351331,1,0,0,,0,0
2ra|B0,406,6,10,49.3628,53.2451,1,53.2451,,1,0.0661122,0.0661122,0.0661122,1,0,0,,0,0
2ra|B0,406,7,10,53.7298,62.9606,1,62.2388,,2,0.0643658,0.0607032,0.0607032,1,1,0,0,0,0
2ra|B0,406,8,10,66.3787,71.1993,1,68.8332,,4,0.0543157,0.0473636,0.0473636,0.75,3,1,0.333333,0,1
2ra|B0,406,9,10,75.2181,78.8564,1,78.5529,,2,0.0245124,0.0209562,0.0209562,1,1,1,1,0,1
2ra|B0,406,10,10,79.4339,97.0401,1,85.3412,,3,0.0225891,0.0169389,-0.0139108,1,1,1,1,1,2
2ra|B0,407,1,10,1.45833,3.14331,0,1.82228,,2,0.141704,0.133644,0.047109,1,0,0,,0,0
2ra|B0,407,2,10,3.16304,18.9435,0.333333,8.71508,,3,0.0809549,0.0709624,0.0111391,1,0,0,,1,1
2ra|B0,407,3,10,23.1942,29.7103,0.75,27.3073,,3,0.0537349,0.0466824,-0.0466824,1,1,1,1,2,3
2ra|B0,407,4,10,36.2447,38.7102,1,37.5842,,3,0.0281366,0.0272832,-0.014341,1,1,1,1,1,2
2ra|B0,407,5,10,44.4675,49.2939,1,46.7861,,4,0.061891,0.0597711,-0.0597711,1,1,1,1,3,4
2ra|B0,407,6,10,49.3628,53.2451,1,50.7121,,3,0.0497916,0.0441568,-0.00326599,1,0,0,,0,0
2ra|B0,407,7,10,53.7298,62.9606,1,62.2388,,2,0.0475111,0.033842,-0.033842,1,1,1,1,1,2
2ra|B0,407,8,10,66.3787,71.1993,1,70.9262,,2,0.0245827,0.0245616,-0.0245616,1,2,2,1,0,2
2ra|B0,407,9,10,75.2181,78.8564,1,78.5529,,2,0.0417578,0.0398418,-0.0398418,1,2,2,1,0,2
2ra|B0,407,10,10,79.4339,97.0401,1,85.3412,,3,0.0362836,0.0319149,-0.0319149,1,3,3,1,0,3
2ra|B0,all,1,10,1.45833,3.14331,0,2.24276,,25,0.0820757,0.0584519,-0.00846357,1,0,0,,0,0
2ra|B0,all,2,10,3.16304,18.9435,0.333333,8.51504,,19,0.088187,0.0691479,-0.0214686,0.894737,0,0,,2,2
2ra|B0,all,3,10,23.1942,29.7103,0.75,26.25,,25,0.0392534,0.0332376,-0.0130047,1,12,10,0.833333,5,15
2ra|B0,all,4,10,36.2447,38.7102,1,37.6772,,19,0.058951,0.0449556,0.0194322,1,10,7,0.7,2,9
2ra|B0,all,5,10,44.4675,49.2939,1,47.0584,,24,0.0459429,0.0375083,0.00166747,1,10,7,0.7,5,12
2ra|B0,all,6,10,49.3628,53.2451,1,51.0199,,17,0.0544495,0.0427656,0.00999799,1,1,0,0,0,0
2ra|B0,all,7,10,53.7298,62.9606,1,59.3223,,18,0.0439839,0.0360367,0.0119882,1,10,8,0.8,2,10
2ra|B0,all,8,10,66.3787,71.1993,1,68.7963,,22,0.0418269,0.0354805,0.0021344,0.909091,20,17,0.85,1,18
2ra|B0,all,9,10,75.2181,78.8564,1,77.7589,,21,0.0475348,0.0390048,-0.0127738,1,16,14,0.875,3,17
2ra|B0,all,10,10,79.4339,97.0401,1,85.5073,,26,0.0388565,0.0320325,-0.0278418,1,22,22,1,3,25
2ra|lowkb,400,1,10,1.45833,3.14331,0,2.13293,,3,0.0740395,0.0586942,-0.0397393,1,0,0,,0,0
2ra|lowkb,400,2,10,3.16304,18.9435,0.333333,11.4911,,2,0.0603243,0.0592805,-0.0111731,1,0,0,,0,0
2ra|lowkb,400,3,10,23.1942,29.7103,0.75,24.3742,,2,0.0503109,0.0502769,0.0502769,1,1,0,0,0,0
2ra|lowkb,400,4,10,36.2447,38.7102,1,38.254,,2,0.0593156,0.0474101,0.0474101,1,0,0,,0,0
2ra|lowkb,400,5,10,44.4675,49.2939,1,46.3808,,3,0.0424357,0.0381423,0.0298056,1,1,1,1,0,1
2ra|lowkb,400,6,10,49.3628,53.2451,1,51.304,,2,0.119731,0.118157,0.118157,0.5,0,0,,0,0
2ra|lowkb,400,7,10,53.7298,62.9606,1,59.4025,,3,0.0596992,0.0540026,0.0540026,1,0,0,,0,0
2ra|lowkb,400,8,10,66.3787,71.1993,1,68.8332,,4,0.0628802,0.0556341,0.0556341,1,4,1,0.25,0,1
2ra|lowkb,400,9,10,75.2181,78.8564,1,77.4413,,3,0.0540957,0.0510417,0.0510417,1,2,1,0.5,0,1
2ra|lowkb,400,10,10,79.4339,97.0401,1,85.3412,,3,0.0329959,0.0278847,0.0228281,1,2,1,0.5,1,2
2ra|lowkb,401,1,10,1.45833,3.14331,0,2.45196,,3,0.0607205,0.0506112,0.0143048,1,0,0,,0,0
2ra|lowkb,401,2,10,3.16304,18.9435,0.333333,3.60086,,2,0.110696,0.0965115,-0.0965115,1,0,0,,0,0
2ra|lowkb,401,3,10,23.1942,29.7103,0.75,26.279,,4,0.0335634,0.0320049,-0.0320049,1,2,2,1,2,4
2ra|lowkb,401,4,10,36.2447,38.7102,1,37.0213,,2,0.0405482,0.0344845,-0.0344845,1,1,1,1,1,2
2ra|lowkb,401,5,10,44.4675,49.2939,1,48.648,,2,0.011583,0.0112314,0.0112314,1,1,1,1,0,1
2ra|lowkb,401,6,10,49.3628,53.2451,1,51.3868,,2,0.00669302,0.0050909,-0.00434503,1,0,0,,0,0
2ra|lowkb,401,7,10,53.7298,62.9606,1,57.6234,,2,0.0349957,0.0345003,-0.0345003,1,2,2,1,0,2
2ra|lowkb,401,8,10,66.3787,71.1993,1,69.4104,,3,0.0553584,0.0544383,-0.0544383,1,3,3,1,0,3
2ra|lowkb,401,9,10,75.2181,78.8564,1,77.4413,,3,0.0728313,0.062545,-0.0557433,1,1,1,1,2,3
2ra|lowkb,401,10,10,79.4339,97.0401,1,84.8799,,4,0.0280251,0.0237608,-0.0237608,1,4,4,1,0,4
2ra|lowkb,402,1,10,1.45833,3.14331,0,2.26263,,3,0.175172,0.148155,-0.148155,1,0,0,,0,0
2ra|lowkb,402,2,10,3.16304,18.9435,0.333333,8.71508,,3,0.143885,0.116641,-0.116641,1,0,0,,0,0
2ra|lowkb,402,3,10,23.1942,29.7103,0.75,27.3073,,3,0.043721,0.0358233,-0.0352885,1,1,1,1,0,1
2ra|lowkb,402,4,10,36.2447,38.7102,1,37.0213,,2,0.0327491,0.0292618,0.0147055,1,2,1,0.5,0,1
2ra|lowkb,402,5,10,44.4675,49.2939,1,46.7861,,4,0.0519302,0.050516,-0.0355814,1,1,1,1,3,4
2ra|lowkb,402,6,10,49.3628,53.2451,1,50.7121,,3,0.0681483,0.067998,-0.067998,1,0,0,,0,0
2ra|lowkb,402,7,10,53.7298,62.9606,1,57.6234,,2,0.0406012,0.039639,-0.039639,1,0,0,,2,2
2ra|lowkb,402,8,10,66.3787,71.1993,1,68.789,,2,0.05082,0.0421749,-0.0283541,1,1,1,1,1,2
2ra|lowkb,402,9,10,75.2181,78.8564,1,77.4413,,3,0.044116,0.0375444,-0.0119895,1,2,2,1,1,3
2ra|lowkb,402,10,10,79.4339,97.0401,1,88.237,,2,0.0404979,0.0396638,-0.0396638,1,1,1,1,1,2
2ra|lowkb,403,1,10,1.45833,3.14331,0,2.13293,,3,0.0382781,0.0327623,-0.0327623,1,0,0,,0,0
2ra|lowkb,403,2,10,3.16304,18.9435,0.333333,11.4911,,2,0.0670592,0.0529866,0.0411017,0.5,0,0,,1,1
2ra|lowkb,403,3,10,23.1942,29.7103,0.75,26.1529,,3,0.00422498,0.00390098,-5.78319e-08,1,1,1,1,0,1
2ra|lowkb,403,4,10,36.2447,38.7102,1,38.254,,2,0.0838371,0.0757151,0.0757151,1,2,0,0,0,0
2ra|lowkb,403,5,10,44.4675,49.2939,1,47.2545,,3,0.0136301,0.0119989,-0.0019789,1,2,2,1,0,2
2ra|lowkb,403,6,10,49.3628,53.2451,1,51.3868,,2,0.0366824,0.0359811,0.00713844,1,1,0,0,0,0
2ra|lowkb,403,7,10,53.7298,62.9606,1,57.6234,,2,0.0113204,0.00955196,-0.00607552,1,2,2,1,0,2
2ra|lowkb,403,8,10,66.3787,71.1993,1,68.0445,,3,0.00894223,0.00688008,0.00460103,1,3,3,1,0,3
2ra|lowkb,403,9,10,75.2181,78.8564,1,77.4413,,3,0.0325252,0.0269185,-0.0240114,1,3,3,1,0,3
2ra|lowkb,403,10,10,79.4339,97.0401,1,84.8799,,4,0.0313602,0.0304132,-0.00694335,1,4,4,1,0,4
2ra|lowkb,404,1,10,1.45833,3.14331,0,2.38553,,4,0.0419835,0.041121,-0.041121,1,0,0,,0,0
2ra|lowkb,404,2,10,3.16304,18.9435,0.333333,8.71508,,3,0.0494065,0.0472876,-0.0273362,1,0,0,,1,1
2ra|lowkb,404,3,10,23.1942,29.7103,0.75,24.9257,,2,0.0225958,0.0172795,-0.0145598,1,2,2,1,0,2
2ra|lowkb,404,4,10,36.2447,38.7102,1,37.5842,,3,0.0553681,0.0462085,0.0336933,1,2,1,0.5,0,1
2ra|lowkb,404,5,10,44.4675,49.2939,1,45.9502,,3,0.0392395,0.038863,-0.038863,1,1,1,1,1,2
2ra|lowkb,404,6,10,49.3628,53.2451,1,49.4457,,2,0.0541724,0.0540662,-0.0540662,1,0,0,,0,0
2ra|lowkb,404,7,10,53.7298,62.9606,1,58.3452,,2,0.031299,0.0244633,-0.0195237,1,1,0,0,1,1
2ra|lowkb,404,8,10,66.3787,71.1993,1,68.2266,,3,0.0372176,0.0368761,-0.0368761,1,3,3,1,0,3
2ra|lowkb,404,9,10,75.2181,78.8564,1,78.5529,,2,0.0352391,0.0304512,-0.0177346,1,2,2,1,0,2
2ra|lowkb,404,10,10,79.4339,97.0401,1,86.6953,,3,0.0420816,0.0394785,-0.0394785,1,3,3,1,0,3
2ra|lowkb,405,1,10,1.45833,3.14331,0,2.13293,,3,0.139435,0.110608,-0.110608,1,0,0,,0,0
2ra|lowkb,405,2,10,3.16304,18.9435,0.333333,3.60086,,2,0.150294,0.150278,-0.150278,0.5,0,0,,0,0
2ra|lowkb,405,3,10,23.1942,29.7103,0.75,26.279,,4,0.0168568,0.0153611,0.000409622,1,3,2,0.666667,0,2
2ra|lowkb,405,4,10,36.2447,38.7102,1,38.254,,2,0.0184344,0.0184243,-0.0184243,1,1,1,1,0,1
2ra|lowkb,405,5,10,44.4675,49.2939,1,47.2545,,3,0.0143706,0.0140299,0.0140299,1,3,3,1,0,3
2ra|lowkb,405,6,10,49.3628,53.2451,1,51.3868,,2,0.0234951,0.0234793,0.0234793,1,0,0,,0,0
2ra|lowkb,405,7,10,53.7298,62.9606,1,59.4025,,3,0.0215233,0.020162,0.020162,1,3,3,1,0,3
2ra|lowkb,405,8,10,66.3787,71.1993,1,66.3787,,1,0.0129884,0.0129884,0.0129884,1,1,1,1,0,1
2ra|lowkb,405,9,10,75.2181,78.8564,1,77.4413,,3,0.026308,0.0254478,0.0254478,1,3,3,1,0,3
2ra|lowkb,405,10,10,79.4339,97.0401,1,84.8799,,4,0.0216259,0.0192987,0.00853232,1,4,4,1,0,4
2ra|lowkb,406,1,10,1.45833,3.14331,0,2.38553,,4,0.0549725,0.0457207,-0.0443559,1,0,0,,0,0
2ra|lowkb,406,2,10,3.16304,18.9435,0.333333,11.4911,,2,0.0192136,0.0191275,0.00181653,1,0,0,,0,0
2ra|lowkb,406,3,10,23.1942,29.7103,0.75,26.279,,4,0.0416009,0.0363585,0.0363585,1,1,0,0,0,0
2ra|lowkb,406,4,10,36.2447,38.7102,1,37.5842,,3,0.0438059,0.0381588,0.0381588,1,1,0,0,0,0
2ra|lowkb,406,5,10,44.4675,49.2939,1,48.648,,2,0.0523996,0.0479679,0.0210904,1,0,0,,0,0
2ra|lowkb,406,6,10,49.3628,53.2451,1,53.2451,,1,0.0772005,0.0772005,0.0772005,1,0,0,,0,0
2ra|lowkb,406,7,10,53.7298,62.9606,1,62.2388,,2,0.0664306,0.0640864,0.0640864,1,1,0,0,0,0
2ra|lowkb,406,8,10,66.3787,71.1993,1,68.8332,,4,0.0601044,0.0546965,0.0546965,1,3,1,0.333333,0,1
2ra|lowkb,406,9,10,75.2181,78.8564,1,78.5529,,2,0.0400102,0.0398595,0.0398595,1,1,0,0,0,0
2ra|lowkb,406,10,10,79.4339,97.0401,1,85.3412,,3,0.0176696,0.0154215,0.00498889,1,1,0,0,1,1
2ra|lowkb,407,1,10,1.45833,3.14331,0,1.82228,,2,0.149201,0.140737,0.0495368,1,0,0,,0,0
2ra|lowkb,407,2,10,3.16304,18.9435,0.333333,8.71508,,3,0.0495043,0.0471713,-0.0204704,1,0,0,,1,1
2ra|lowkb,407,3,10,23.1942,29.7103,0.75,27.3073,,3,0.0338573,0.030079,-0.030079,1,1,1,1,0,1
2ra|lowkb,407,4,10,36.2447,38.7102,1,37.5842,,3,0.0212217,0.0184945,0.00235072,1,1,1,1,1,2
2ra|lowkb,407,5,10,44.4675,49.2939,1,46.7861,,4,0.0465873,0.0456651,-0.0456651,1,1,1,1,1,2
2ra|lowkb,407,6,10,49.3628,53.2451,1,50.7121,,3,0.0554687,0.0533456,0.0224167,1,0,0,,0,0
2ra|lowkb,407,7,10,53.7298,62.9606,1,62.2388,,2,0.0366566,0.0261442,-0.0261442,1,1,1,1,1,2
2ra|lowkb,407,8,10,66.3787,71.1993,1,70.9262,,2,0.0116796,0.0109604,-0.0109604,1,2,2,1,0,2
2ra|lowkb,407,9,10,75.2181,78.8564,1,78.5529,,2,0.031389,0.0261888,-0.0261888,1,2,2,1,0,2
2ra|lowkb,407,10,10,79.4339,97.0401,1,85.3412,,3,0.0183378,0.0174863,-0.0107081,1,3,3,1,0,3
2ra|lowkb,all,1,10,1.45833,3.14331,0,2.24276,,25,0.0991856,0.0732533,-0.0477485,1,0,0,,0,0
2ra|lowkb,all,2,10,3.16304,18.9435,0.333333,8.51504,,19,0.0927583,0.0731404,-0.0486017,0.894737,0,0,,3,3
2ra|lowkb,all,3,10,23.1942,29.7103,0.75,26.25,,25,0.0333921,0.0271768,-0.00422462,1,12,9,0.75,2,11
2ra|lowkb,all,4,10,36.2447,38.7102,1,37.6772,,19,0.0478549,0.0378514,0.0206554,1,10,5,0.5,2,7
2ra|lowkb,all,5,10,44.4675,49.2939,1,47.0584,,24,0.0389587,0.0338427,-0.0104734,1,10,10,1,5,15
2ra|lowkb,all,6,10,49.3628,53.2451,1,51.0199,,17,0.063035,0.0538106,0.0071284,0.941176,1,0,0,0,0
2ra|lowkb,all,7,10,53.7298,62.9606,1,59.3223,,18,0.0418709,0.0344036,0.00549451,1,10,8,0.8,4,12
2ra|lowkb,all,8,10,66.3787,71.1993,1,68.7963,,22,0.0474158,0.0388711,0.0052519,1,20,15,0.75,1,16
2ra|lowkb,all,9,10,75.2181,78.8564,1,77.7589,,21,0.0454798,0.0382615,-0.00256627,1,16,14,0.875,3,17
2ra|lowkb,all,10,10,79.4339,97.0401,1,85.5073,,26,0.0295808,0.0259243,-0.00904322,1,22,20,0.909091,3,23
2ra_m96|B0,400,1,10,1.45833,3.14331,0,2.13293,,3,0.0561565,0.052401,0.052401,1,0,0,,0,0
2ra_m96|B0,400,2,10,3.16304,18.9435,0.333333,11.4911,,2,0.00657892,0.00578533,0.00313244,1,1,1,1,0,1
2ra_m96|B0,400,3,10,23.1942,29.7103,0.75,24.3742,,2,0.00318511,0.00286929,0.00286929,1,1,1,1,0,1
2ra_m96|B0,400,4,10,36.2447,38.7102,1,38.254,,2,0.0521787,0.0500924,0.0146073,1,0,0,,1,1
2ra_m96|B0,400,5,10,44.4675,49.2939,1,46.3808,,3,0.0415377,0.0357187,0.0357187,1,1,1,1,0,1
2ra_m96|B0,400,6,10,49.3628,53.2451,1,51.304,,2,0.0868962,0.0868943,0.0868943,1,2,0,0,0,0
2ra_m96|B0,400,7,10,53.7298,62.9606,1,59.4025,,3,0.0318154,0.0275583,0.0221998,1,2,1,0.5,0,1
2ra_m96|B0,400,8,10,66.3787,71.1993,1,68.8332,,4,0.0384889,0.0339922,0.0213944,1,4,3,0.75,0,3
2ra_m96|B0,400,9,10,75.2181,78.8564,1,77.4413,,3,0.00992964,0.00826894,0.00826894,1,3,3,1,0,3
2ra_m96|B0,400,10,10,79.4339,97.0401,1,85.3412,,3,0.0303673,0.0246971,-0.0246971,1,3,3,1,0,3
2ra_m96|B0,401,1,10,1.45833,3.14331,0,2.45196,,3,0.0210299,0.0196362,2.03223e-05,1,0,0,,0,0
2ra_m96|B0,401,2,10,3.16304,18.9435,0.333333,3.60086,,2,0.096807,0.0854102,-0.0854102,1,0,0,,0,0
2ra_m96|B0,401,3,10,23.1942,29.7103,0.75,26.279,,4,0.0375072,0.0363065,-0.0363065,1,4,4,1,0,4
2ra_m96|B0,401,4,10,36.2447,38.7102,1,37.0213,,2,0.0370792,0.0311498,-0.0311498,1,2,2,1,0,2
2ra_m96|B0,401,5,10,44.4675,49.2939,1,48.648,,2,0.011289,0.0110959,-0.0110959,1,2,2,1,0,2
2ra_m96|B0,401,6,10,49.3628,53.2451,1,51.3868,,2,0.0210538,0.0202693,-0.0202693,1,2,2,1,0,2
2ra_m96|B0,401,7,10,53.7298,62.9606,1,57.6234,,2,0.0338113,0.0333241,-0.0333241,1,2,2,1,0,2
2ra_m96|B0,401,8,10,66.3787,71.1993,1,69.4104,,3,0.0516878,0.0509697,-0.0509697,0.666667,3,3,1,0,3
2ra_m96|B0,401,9,10,75.2181,78.8564,1,77.4413,,3,0.059873,0.0510028,-0.0510028,1,3,3,1,0,3
2ra_m96|B0,401,10,10,79.4339,97.0401,1,84.8799,,4,0.0320448,0.0296658,-0.0296658,1,4,4,1,0,4
2ra_m96|B0,402,1,10,1.45833,3.14331,0,2.26263,,3,0.134945,0.11305,-0.11305,1,0,0,,0,0
2ra_m96|B0,402,2,10,3.16304,18.9435,0.333333,8.71508,,3,0.119105,0.103239,-0.103239,1,0,0,,1,1
2ra_m96|B0,402,3,10,23.1942,29.7103,0.75,27.3073,,3,0.0578401,0.0521873,-0.0521873,1,1,1,1,2,3
2ra_m96|B0,402,4,10,36.2447,38.7102,1,37.0213,,2,0.0241815,0.0241734,0.000626133,1,2,2,1,0,2
2ra_m96|B0,402,5,10,44.4675,49.2939,1,46.7861,,4,0.0468937,0.0425497,-0.0382608,1,3,3,1,1,4
2ra_m96|B0,402,6,10,49.3628,53.2451,1,50.7121,,3,0.0631489,0.0630093,-0.0630093,1,0,0,,2,2
2ra_m96|B0,402,7,10,53.7298,62.9606,1,57.6234,,2,0.0418318,0.0413338,-0.0413338,1,2,2,1,0,2
2ra_m96|B0,402,8,10,66.3787,71.1993,1,68.789,,2,0.0520041,0.0382797,-0.0382797,0.5,2,2,1,0,2
2ra_m96|B0,402,9,10,75.2181,78.8564,1,77.4413,,3,0.0421577,0.0359649,-0.0274268,1,3,3,1,0,3
2ra_m96|B0,402,10,10,79.4339,97.0401,1,88.237,,2,0.0498612,0.0494134,-0.0494134,1,2,2,1,0,2
2ra_m96|B0,403,1,10,1.45833,3.14331,0,2.13293,,3,0.0849755,0.0755099,0.0755099,1,0,0,,0,0
2ra_m96|B0,403,2,10,3.16304,18.9435,0.333333,11.4911,,2,0.0807334,0.0695449,0.0410048,0.5,1,1,1,0,1
2ra_m96|B0,403,3,10,23.1942,29.7103,0.75,26.1529,,3,0.0230714,0.0227817,-0.0227817,1,3,3,1,0,3
2ra_m96|B0,403,4,10,36.2447,38.7102,1,38.254,,2,0.05978,0.0479129,0.0479129,1,2,1,0.5,0,1
2ra_m96|B0,403,5,10,44.4675,49.2939,1,47.2545,,3,0.00698638,0.00650077,0.00650077,1,3,3,1,0,3
2ra_m96|B0,403,6,10,49.3628,53.2451,1,51.3868,,2,0.0290016,0.0224247,0.0183909,1,1,0,0,0,0
2ra_m96|B0,403,7,10,53.7298,62.9606,1,57.6234,,2,0.010221,0.00888295,-0.00888295,1,2,2,1,0,2
2ra_m96|B0,403,8,10,66.3787,71.1993,1,68.0445,,3,0.00450221,0.00388874,0.00334826,1,3,3,1,0,3
2ra_m96|B0,403,9,10,75.2181,78.8564,1,77.4413,,3,0.0292445,0.0249436,-0.0249436,1,3,3,1,0,3
2ra_m96|B0,403,10,10,79.4339,97.0401,1,84.8799,,4,0.0332985,0.0291263,-0.0154671,1,4,4,1,0,4
2ra_m96|B0,404,1,10,1.45833,3.14331,0,2.38553,,4,0.0100791,0.00970365,0.000923667,1,0,0,,0,0
2ra_m96|B0,404,2,10,3.16304,18.9435,0.333333,8.71508,,3,0.0445791,0.041997,-0.000412769,1,1,1,1,0,1
2ra_m96|B0,404,3,10,23.1942,29.7103,0.75,24.9257,,2,0.0242435,0.0201842,-0.0201842,1,2,2,1,0,2
2ra_m96|B0,404,4,10,36.2447,38.7102,1,37.5842,,3,0.0576449,0.04517,0.0303766,1,3,2,0.666667,0,2
2ra_m96|B0,404,5,10,44.4675,49.2939,1,45.9502,,3,0.0322095,0.0303495,-0.0303495,1,2,2,1,1,3
2ra_m96|B0,404,6,10,49.3628,53.2451,1,49.4457,,2,0.0424023,0.0417849,-0.0417849,1,0,0,,1,1
2ra_m96|B0,404,7,10,53.7298,62.9606,1,58.3452,,2,0.0254549,0.0199054,-0.015866,1,2,2,1,0,2
2ra_m96|B0,404,8,10,66.3787,71.1993,1,68.2266,,3,0.0350502,0.0350439,-0.0350439,1,3,3,1,0,3
2ra_m96|B0,404,9,10,75.2181,78.8564,1,78.5529,,2,0.0311236,0.0235929,-0.0202991,1,2,2,1,0,2
2ra_m96|B0,404,10,10,79.4339,97.0401,1,86.6953,,3,0.0423586,0.0401212,-0.0401212,1,3,3,1,0,3
2ra_m96|B0,405,1,10,1.45833,3.14331,0,2.13293,,3,0.146884,0.110487,-0.104872,1,0,0,,0,0
2ra_m96|B0,405,2,10,3.16304,18.9435,0.333333,3.60086,,2,0.130629,0.130552,-0.130552,0.5,0,0,,0,0
2ra_m96|B0,405,3,10,23.1942,29.7103,0.75,26.279,,4,0.0167867,0.0136781,-0.0124776,1,4,4,1,0,4
2ra_m96|B0,405,4,10,36.2447,38.7102,1,38.254,,2,0.0178283,0.0178212,-0.0178212,1,2,2,1,0,2
2ra_m96|B0,405,5,10,44.4675,49.2939,1,47.2545,,3,0.00600543,0.0056313,0.0056313,1,3,3,1,0,3
2ra_m96|B0,405,6,10,49.3628,53.2451,1,51.3868,,2,0.0136495,0.0136414,0.0136414,1,2,2,1,0,2
2ra_m96|B0,405,7,10,53.7298,62.9606,1,59.4025,,3,0.0162988,0.0131953,0.0131953,1,3,3,1,0,3
2ra_m96|B0,405,8,10,66.3787,71.1993,1,66.3787,,1,0.00215704,0.00215704,0.00215704,1,1,1,1,0,1
2ra_m96|B0,405,9,10,75.2181,78.8564,1,77.4413,,3,0.0132555,0.0131976,0.0131976,1,3,3,1,0,3
2ra_m96|B0,405,10,10,79.4339,97.0401,1,84.8799,,4,0.0110648,0.00814137,-0.00315034,1,4,4,1,0,4
2ra_m96|B0,406,1,10,1.45833,3.14331,0,2.38553,,4,0.0616362,0.0531458,0.0220067,1,0,0,,0,0
2ra_m96|B0,406,2,10,3.16304,18.9435,0.333333,11.4911,,2,0.0408902,0.0346851,0.0346851,1,0,0,,0,0
2ra_m96|B0,406,3,10,23.1942,29.7103,0.75,26.279,,4,0.0240538,0.0204356,0.0204356,1,2,2,1,0,2
2ra_m96|B0,406,4,10,36.2447,38.7102,1,37.5842,,3,0.0419797,0.0345918,0.0345918,1,1,1,1,0,1
2ra_m96|B0,406,5,10,44.4675,49.2939,1,48.648,,2,0.0485428,0.0472013,0.0113331,1,0,0,,0,0
2ra_m96|B0,406,6,10,49.3628,53.2451,1,53.2451,,1,0.0534086,0.0534086,0.0534086,1,0,0,,0,0
2ra_m96|B0,406,7,10,53.7298,62.9606,1,62.2388,,2,0.0463673,0.0450209,0.0450209,1,1,0,0,0,0
2ra_m96|B0,406,8,10,66.3787,71.1993,1,68.8332,,4,0.0400059,0.032985,0.032985,1,4,3,0.75,0,3
2ra_m96|B0,406,9,10,75.2181,78.8564,1,78.5529,,2,0.019135,0.0140955,0.0140955,1,2,1,0.5,0,1
2ra_m96|B0,406,10,10,79.4339,97.0401,1,85.3412,,3,0.0244137,0.0198994,-0.0198994,1,3,3,1,0,3
2ra_m96|B0,407,1,10,1.45833,3.14331,0,1.82228,,2,0.134971,0.127324,0.0447874,1,0,0,,0,0
2ra_m96|B0,407,2,10,3.16304,18.9435,0.333333,8.71508,,3,0.0545841,0.0519005,-0.0322609,1,1,1,1,0,1
2ra_m96|B0,407,3,10,23.1942,29.7103,0.75,27.3073,,3,0.0482342,0.0444056,-0.0444056,1,1,1,1,2,3
2ra_m96|B0,407,4,10,36.2447,38.7102,1,37.5842,,3,0.0246491,0.0227776,-0.0155532,1,3,3,1,0,3
2ra_m96|B0,407,5,10,44.4675,49.2939,1,46.7861,,4,0.0603633,0.0589011,-0.0589011,1,1,1,1,3,4
2ra_m96|B0,407,6,10,49.3628,53.2451,1,50.7121,,3,0.0453937,0.0365143,-0.0103427,1,2,1,0.5,1,2
2ra_m96|B0,407,7,10,53.7298,62.9606,1,62.2388,,2,0.0429632,0.0323864,-0.0323864,1,2,2,1,0,2
2ra_m96|B0,407,8,10,66.3787,71.1993,1,70.9262,,2,0.024997,0.0248987,-0.0248987,1,2,2,1,0,2
2ra_m96|B0,407,9,10,75.2181,78.8564,1,78.5529,,2,0.0394582,0.0379912,-0.0379912,1,2,2,1,0,2
2ra_m96|B0,407,10,10,79.4339,97.0401,1,85.3412,,3,0.0309775,0.0288524,-0.0288524,1,3,3,1,0,3
2ra_m96|B0,all,1,10,1.45833,3.14331,0,2.24276,,25,0.0902977,0.064772,-0.00354702,1,0,0,,0,0
2ra_m96|B0,all,2,10,3.16304,18.9435,0.333333,8.51504,,19,0.0816911,0.0654402,-0.0358957,0.894737,4,4,1,1,5
2ra_m96|B0,all,3,10,23.1942,29.7103,0.75,26.25,,25,0.0339867,0.0274365,-0.0202459,1,18,18,1,4,22
2ra_m96|B0,all,4,10,36.2447,38.7102,1,37.6772,,19,0.0424425,0.0342062,0.00929453,1,15,13,0.866667,1,14
2ra_m96|B0,all,5,10,44.4675,49.2939,1,47.0584,,24,0.0392013,0.0315416,-0.0139862,1,15,15,1,5,20
2ra_m96|B0,all,6,10,49.3628,53.2451,1,51.0199,,17,0.0500804,0.0424711,-0.00311191,1,9,5,0.555556,4,9
2ra_m96|B0,all,7,10,53.7298,62.9606,1,59.3223,,18,0.0325885,0.0268871,-0.00374221,1,16,14,0.875,0,14
2ra_m96|B0,all,8,10,66.3787,71.1993,1,68.7963,,22,0.0373874,0.0302786,-0.00703084,0.909091,22,20,0.909091,0,20
2ra_m96|B0,all,9,10,75.2181,78.8564,1,77.7589,,21,0.0346811,0.0262615,-0.01591,1,21,20,0.952381,0,20
2ra_m96|B0,all,10,10,79.4339,97.0401,1,85.5073,,26,0.0321181,0.0272027,-0.0243335,1,26,26,1,0,26
2ra_m96|lowkb,400,1,10,1.45833,3.14331,0,2.13293,,3,0.0363839,0.0314237,-0.00601122,1,0,0,,0,0
2ra_m96|lowkb,400,2,10,3.16304,18.9435,0.333333,11.4911,,2,0.0378909,0.0367736,-0.00913359,1,1,0,0,0,0
2ra_m96|lowkb,400,3,10,23.1942,29.7103,0.75,24.3742,,2,0.0291963,0.029042,0.029042,1,1,1,1,0,1
2ra_m96|lowkb,400,4,10,36.2447,38.7102,1,38.254,,2,0.0499333,0.0388077,0.0314214,1,0,0,,0,0
2ra_m96|lowkb,400,5,10,44.4675,49.2939,1,46.3808,,3,0.029819,0.0261818,0.0217778,1,1,1,1,0,1
2ra_m96|lowkb,400,6,10,49.3628,53.2451,1,51.304,,2,0.0930958,0.092348,0.092348,1,2,0,0,0,0
2ra_m96|lowkb,400,7,10,53.7298,62.9606,1,59.4025,,3,0.0372087,0.0302914,0.0302914,1,2,0,0,0,0
2ra_m96|lowkb,400,8,10,66.3787,71.1993,1,68.8332,,4,0.0459567,0.0395882,0.03694,1,4,3,0.75,0,3
2ra_m96|lowkb,400,9,10,75.2181,78.8564,1,77.4413,,3,0.0368584,0.0336498,0.0336498,1,3,3,1,0,3
2ra_m96|lowkb,400,10,10,79.4339,97.0401,1,85.3412,,3,0.025632,0.0234176,0.0133645,1,3,3,1,0,3
2ra_m96|lowkb,401,1,10,1.45833,3.14331,0,2.45196,,3,0.112541,0.0669855,0.0637312,1,0,0,,0,0
2ra_m96|lowkb,401,2,10,3.16304,18.9435,0.333333,3.60086,,2,0.0658043,0.0533363,-0.0533363,1,0,0,,0,0
2ra_m96|lowkb,401,3,10,23.1942,29.7103,0.75,26.279,,4,0.022757,0.0219466,-0.0219466,1,4,4,1,0,4
2ra_m96|lowkb,401,4,10,36.2447,38.7102,1,37.0213,,2,0.0357773,0.0280639,-0.0280639,1,2,2,1,0,2
2ra_m96|lowkb,401,5,10,44.4675,49.2939,1,48.648,,2,0.00895079,0.00776043,-0.00776043,1,2,2,1,0,2
2ra_m96|lowkb,401,6,10,49.3628,53.2451,1,51.3868,,2,0.00385264,0.00370377,-0.00370377,1,2,2,1,0,2
2ra_m96|lowkb,401,7,10,53.7298,62.9606,1,57.6234,,2,0.0306869,0.03062,-0.03062,1,2,2,1,0,2
2ra_m96|lowkb,401,8,10,66.3787,71.1993,1,69.4104,,3,0.0386544,0.0375745,-0.0375745,1,3,3,1,0,3
2ra_m96|lowkb,401,9,10,75.2181,78.8564,1,77.4413,,3,0.0539675,0.0478966,-0.0380787,1,3,3,1,0,3
2ra_m96|lowkb,401,10,10,79.4339,97.0401,1,84.8799,,4,0.0136552,0.0114727,-0.00798498,1,4,4,1,0,4
2ra_m96|lowkb,402,1,10,1.45833,3.14331,0,2.26263,,3,0.0589137,0.0520443,-0.0520443,1,0,0,,0,0
2ra_m96|lowkb,402,2,10,3.16304,18.9435,0.333333,8.71508,,3,0.0967952,0.0789562,-0.0789562,1,0,0,,1,1
2ra_m96|lowkb,402,3,10,23.1942,29.7103,0.75,27.3073,,3,0.0364701,0.0323373,-0.0323373,1,1,1,1,2,3
2ra_m96|lowkb,402,4,10,36.2447,38.7102,1,37.0213,,2,0.0313214,0.0246328,0.0193457,1,2,2,1,0,2
2ra_m96|lowkb,402,5,10,44.4675,49.2939,1,46.7861,,4,0.0382699,0.03569,-0.0296539,1,3,3,1,1,4
2ra_m96|lowkb,402,6,10,49.3628,53.2451,1,50.7121,,3,0.0507491,0.0506374,-0.0506374,1,0,0,,1,1
2ra_m96|lowkb,402,7,10,53.7298,62.9606,1,57.6234,,2,0.0342029,0.0337221,-0.0337221,1,2,2,1,0,2
2ra_m96|lowkb,402,8,10,66.3787,71.1993,1,68.789,,2,0.0400264,0.0290317,-0.0275549,1,2,2,1,0,2
2ra_m96|lowkb,402,9,10,75.2181,78.8564,1,77.4413,,3,0.0327472,0.0253804,-0.016273,1,3,3,1,0,3
2ra_m96|lowkb,402,10,10,79.4339,97.0401,1,88.237,,2,0.0325815,0.0321043,-0.0321043,1,2,2,1,0,2
2ra_m96|lowkb,403,1,10,1.45833,3.14331,0,2.13293,,3,0.08807,0.0658596,0.0658596,1,0,0,,0,0
2ra_m96|lowkb,403,2,10,3.16304,18.9435,0.333333,11.4911,,2,0.0730314,0.0595627,0.0422595,0.5,1,1,1,0,1
2ra_m96|lowkb,403,3,10,23.1942,29.7103,0.75,26.1529,,3,0.0108503,0.00909919,-0.00857282,1,3,3,1,0,3
2ra_m96|lowkb,403,4,10,36.2447,38.7102,1,38.254,,2,0.0606556,0.0543507,0.0543507,1,2,1,0.5,0,1
2ra_m96|lowkb,403,5,10,44.4675,49.2939,1,47.2545,,3,0.00476183,0.00425088,-0.00425088,1,3,3,1,0,3
2ra_m96|lowkb,403,6,10,49.3628,53.2451,1,51.3868,,2,0.0265728,0.0242938,0.0107669,1,1,0,0,1,1
2ra_m96|lowkb,403,7,10,53.7298,62.9606,1,57.6234,,2,0.0107677,0.0107676,-0.0107676,1,2,2,1,0,2
2ra_m96|lowkb,403,8,10,66.3787,71.1993,1,68.0445,,3,0.0119951,0.00994756,-0.00922765,1,3,3,1,0,3
2ra_m96|lowkb,403,9,10,75.2181,78.8564,1,77.4413,,3,0.0267353,0.0226242,-0.0209698,1,3,3,1,0,3
2ra_m96|lowkb,403,10,10,79.4339,97.0401,1,84.8799,,4,0.0233776,0.0217653,-0.00831694,1,4,4,1,0,4
2ra_m96|lowkb,404,1,10,1.45833,3.14331,0,2.38553,,4,0.0328764,0.030769,-0.030769,1,0,0,,0,0
2ra_m96|lowkb,404,2,10,3.16304,18.9435,0.333333,8.71508,,3,0.0518174,0.0452599,-0.0326983,1,1,1,1,0,1
2ra_m96|lowkb,404,3,10,23.1942,29.7103,0.75,24.9257,,2,0.0250719,0.0222879,-0.0222879,1,2,2,1,0,2
2ra_m96|lowkb,404,4,10,36.2447,38.7102,1,37.5842,,3,0.0460276,0.0383701,0.0219836,1,3,2,0.666667,0,2
2ra_m96|lowkb,404,5,10,44.4675,49.2939,1,45.9502,,3,0.0428399,0.041932,-0.041932,1,2,2,1,1,3
2ra_m96|lowkb,404,6,10,49.3628,53.2451,1,49.4457,,2,0.052644,0.0516614,-0.0516614,1,0,0,,2,2
2ra_m96|lowkb,404,7,10,53.7298,62.9606,1,58.3452,,2,0.0367689,0.0327114,-0.0327114,1,2,2,1,0,2
2ra_m96|lowkb,404,8,10,66.3787,71.1993,1,68.2266,,3,0.0360641,0.0357943,-0.0357943,1,3,3,1,0,3
2ra_m96|lowkb,404,9,10,75.2181,78.8564,1,78.5529,,2,0.0263589,0.0215622,-0.0215622,1,2,2,1,0,2
2ra_m96|lowkb,404,10,10,79.4339,97.0401,1,86.6953,,3,0.0352132,0.0334427,-0.0334427,1,3,3,1,0,3
2ra_m96|lowkb,405,1,10,1.45833,3.14331,0,2.13293,,3,0.146394,0.109026,-0.109026,1,0,0,,0,0
2ra_m96|lowkb,405,2,10,3.16304,18.9435,0.333333,3.60086,,2,0.129482,0.129482,-0.129482,0.5,0,0,,0,0
2ra_m96|lowkb,405,3,10,23.1942,29.7103,0.75,26.279,,4,0.0140113,0.0130393,-0.00322636,1,4,4,1,0,4
2ra_m96|lowkb,405,4,10,36.2447,38.7102,1,38.254,,2,0.015196,0.0151514,-0.0151514,1,2,2,1,0,2
2ra_m96|lowkb,405,5,10,44.4675,49.2939,1,47.2545,,3,0.0123852,0.0122882,0.0122882,1,3,3,1,0,3
2ra_m96|lowkb,405,6,10,49.3628,53.2451,1,51.3868,,2,0.0285176,0.0285053,0.0285053,1,2,2,1,0,2
2ra_m96|lowkb,405,7,10,53.7298,62.9606,1,59.4025,,3,0.0187361,0.0173336,0.0173336,1,3,3,1,0,3
2ra_m96|lowkb,405,8,10,66.3787,71.1993,1,66.3787,,1,0.00693776,0.00693776,0.00693776,1,1,1,1,0,1
2ra_m96|lowkb,405,9,10,75.2181,78.8564,1,77.4413,,3,0.0207387,0.0205635,0.0205635,1,3,3,1,0,3
2ra_m96|lowkb,405,10,10,79.4339,97.0401,1,84.8799,,4,0.015287,0.0132196,0.00830248,1,4,4,1,0,4
2ra_m96|lowkb,406,1,10,1.45833,3.14331,0,2.38553,,4,0.0842996,0.0730769,-0.0730769,1,0,0,,0,0
2ra_m96|lowkb,406,2,10,3.16304,18.9435,0.333333,11.4911,,2,0.0299581,0.0237312,-0.0237312,1,0,0,,0,0
2ra_m96|lowkb,406,3,10,23.1942,29.7103,0.75,26.279,,4,0.0246016,0.0208406,0.0128676,1,2,2,1,0,2
2ra_m96|lowkb,406,4,10,36.2447,38.7102,1,37.5842,,3,0.0267951,0.0164055,0.0158625,1,1,1,1,0,1
2ra_m96|lowkb,406,5,10,44.4675,49.2939,1,48.648,,2,0.0491937,0.0448053,-0.0203102,1,0,0,,0,0
2ra_m96|lowkb,406,6,10,49.3628,53.2451,1,53.2451,,1,0.0395251,0.0395251,0.0395251,1,0,0,,0,0
2ra_m96|lowkb,406,7,10,53.7298,62.9606,1,62.2388,,2,0.0306318,0.0237411,0.0237411,1,1,0,0,0,0
2ra_m96|lowkb,406,8,10,66.3787,71.1993,1,68.8332,,4,0.033035,0.0252636,0.0252636,1,4,3,0.75,0,3
2ra_m96|lowkb,406,9,10,75.2181,78.8564,1,78.5529,,2,0.0156795,0.0149679,0.0149679,1,2,2,1,0,2
2ra_m96|lowkb,406,10,10,79.4339,97.0401,1,85.3412,,3,0.0147851,0.0113797,-0.0106314,1,3,3,1,0,3
2ra_m96|lowkb,407,1,10,1.45833,3.14331,0,1.82228,,2,0.120936,0.120215,0.0131866,1,0,0,,0,0
2ra_m96|lowkb,407,2,10,3.16304,18.9435,0.333333,8.71508,,3,0.0556511,0.0438963,-0.03892,1,1,1,1,0,1
2ra_m96|lowkb,407,3,10,23.1942,29.7103,0.75,27.3073,,3,0.0337678,0.0312845,-0.0312845,1,1,1,1,2,3
2ra_m96|lowkb,407,4,10,36.2447,38.7102,1,37.5842,,3,0.0126455,0.0124043,-0.00448465,1,3,3,1,0,3
2ra_m96|lowkb,407,5,10,44.4675,49.2939,1,46.7861,,4,0.0523984,0.0513078,-0.0513078,1,1,1,1,3,4
2ra_m96|lowkb,407,6,10,49.3628,53.2451,1,50.7121,,3,0.0455596,0.0431541,0.00705286,1,2,0,0,1,1
2ra_m96|lowkb,407,7,10,53.7298,62.9606,1,62.2388,,2,0.0343909,0.027189,-0.027189,1,2,2,1,0,2
2ra_m96|lowkb,407,8,10,66.3787,71.1993,1,70.9262,,2,0.0194645,0.0177091,-0.0177091,1,2,2,1,0,2
2ra_m96|lowkb,407,9,10,75.2181,78.8564,1,78.5529,,2,0.026891,0.0214477,-0.0214477,1,2,2,1,0,2
2ra_m96|lowkb,407,10,10,79.4339,97.0401,1,85.3412,,3,0.0125026,0.0118693,-0.00763531,1,3,3,1,0,3
2ra_m96|lowkb,all,1,10,1.45833,3.14331,0,2.24276,,25,0.0898762,0.0652733,-0.0200593,1,0,0,,0,0
2ra_m96|lowkb,all,2,10,3.16304,18.9435,0.333333,8.51504,,19,0.0736204,0.0584267,-0.04203,0.894737,4,3,0.75,1,4
2ra_m96|lowkb,all,3,10,23.1942,29.7103,0.75,26.25,,25,0.0253014,0.0217652,-0.0100919,1,18,18,1,4,22
2ra_m96|lowkb,all,4,10,36.2447,38.7102,1,37.6772,,19,0.0372178,0.0275554,0.0117837,1,15,13,0.866667,0,13
2ra_m96|lowkb,all,5,10,44.4675,49.2939,1,47.0584,,24,0.0356736,0.0294617,-0.0173474,1,15,15,1,5,20
2ra_m96|lowkb,all,6,10,49.3628,53.2451,1,51.0199,,17,0.0493848,0.0424661,0.0036048,1,9,4,0.444444,5,9
2ra_m96|lowkb,all,7,10,53.7298,62.9606,1,59.3223,,18,0.030375,0.0255765,-0.00442573,1,16,13,0.8125,0,13
2ra_m96|lowkb,all,8,10,66.3787,71.1993,1,68.7963,,22,0.0341383,0.0277171,-0.00375295,1,22,20,0.909091,0,20
2ra_m96|lowkb,all,9,10,75.2181,78.8564,1,77.7589,,21,0.0329447,0.0269666,-0.00568613,1,21,21,1,0,21
2ra_m96|lowkb,all,10,10,79.4339,97.0401,1,85.5073,,26,0.0221927,0.0188603,-0.00812465,1,26,26,1,0,26
