truth,variant,test,seed,cls,model,n_true_low_all,r_all_n,r_all_sse,r_all_sae,r_all_low,r_all_tp,r_all_fp,r_all_in50,r_all_in80,r_all_in90,r_all_in95,r_seen_n,r_seen_in90,r_new_n,r_new_in90,d_n,d_sse,d_sae,d_se,d_in90,d_low,d_tp,d_fp,n_flag_all,d_n_a1,d_sse_a1,d_se_a1,d_n_a2,d_sse_a2,d_se_a2,d_n_a3,d_sse_a3,d_se_a3,n_months
O2,S,rolling,32,falling,B0,105,52,0.385646,3.20465,6,2,0,28,40,42,48,40,33,12,9,292,3.28097,22.8391,-19.2708,278,75,73,15,122,100,2.08457,-9.61228,97,0.506497,-4.00608,95,0.689903,-5.65244,4
O2,S,rolling,32,falling,M2,105,52,0.37706,3.20116,6,5,4,31,46,50,51,40,39,12,11,292,4.26012,28.4216,-27.8497,263,75,75,23,134,100,2.38263,-12.48,97,0.827947,-7.53893,95,1.04955,-7.8308,4
O2,S,rolling,32,falling,M2_TOC,105,52,0.364127,3.11512,6,5,4,32,46,50,51,40,39,12,11,292,4.04513,27.476,-26.8816,269,75,75,23,134,100,2.33652,-12.3001,97,0.782627,-7.28406,95,0.925983,-7.29748,4
O2,S,rolling,32,falling,M_TOC,105,52,0.388534,3.28368,6,2,0,27,38,42,50,40,33,12,9,292,3.23947,22.6042,-18.7668,278,75,73,15,122,100,2.14373,-9.69779,97,0.481014,-3.85477,95,0.614723,-5.21427,4
O2,S,rolling,32,falling,oracle,105,52,0.198558,2.36003,6,4,3,,,,,40,,12,,292,0.342399,7.09538,3.3506,,75,71,4,103,100,0.187373,1.93422,97,0.0930349,1.12682,95,0.0619906,0.289555,4
O2,S,rolling,32,steady,B0,82,39,0.227144,2.1981,8,6,1,16,28,33,38,30,25,9,8,219,1.65538,12.3169,-7.83947,185,63,62,16,102,76,1.00214,-2.51922,71,0.386334,-2.4606,72,0.266911,-2.85965,3
O2,S,rolling,32,steady,M2,82,39,0.195747,2.06645,8,6,1,20,33,35,36,30,26,9,9,219,1.3563,11.5678,-7.93472,196,63,63,17,104,76,0.785338,-2.46357,71,0.323878,-2.65818,72,0.24708,-2.81297,3
O2,S,rolling,32,steady,M2_TOC,82,39,0.196361,2.07543,8,6,1,20,33,35,37,30,26,9,9,219,1.38356,11.811,-7.97728,197,63,63,17,104,76,0.794809,-2.42445,71,0.335913,-2.69827,72,0.252839,-2.85456,3
O2,S,rolling,32,steady,M_TOC,82,39,0.227005,2.19571,8,6,1,16,28,33,38,30,25,9,8,219,1.66392,12.3819,-7.86647,188,63,62,16,102,76,1.00351,-2.54866,71,0.394828,-2.48934,72,0.265581,-2.82847,3
O2,S,rolling,32,steady,oracle,82,39,0.43212,2.17372,8,8,2,,,,,30,,9,,219,0.366477,6.99547,3.12333,,63,60,2,82,76,0.195161,1.45366,71,0.0803044,0.640452,72,0.0910115,1.02922,3
O2,S,rolling,32,first_storm,B0,34,13,0.0432877,0.576432,2,2,1,4,10,11,11,11,9,2,2,73,0.322486,4.16298,3.80072,42,27,23,0,30,25,0.16354,1.80188,24,0.0935916,1.3353,24,0.0653545,0.663545,1
O2,S,rolling,32,first_storm,M2,34,13,0.0700358,0.848132,2,2,1,4,8,11,12,11,9,2,2,73,0.582385,5.71509,5.51882,38,27,23,0,29,25,0.295979,2.46262,24,0.179199,1.93184,24,0.107206,1.12436,1
O2,S,rolling,32,first_storm,M2_TOC,34,13,0.0802951,0.872795,2,2,1,4,9,12,12,11,10,2,2,73,0.460804,5.16637,4.24891,46,27,23,0,29,25,0.237259,1.78604,24,0.144398,1.74348,24,0.0791465,0.719393,1
O2,S,rolling,32,first_storm,M_TOC,34,13,0.0468327,0.569262,2,2,1,7,10,11,11,11,9,2,2,73,0.233271,3.50633,2.71663,53,27,23,3,33,25,0.125411,1.63212,24,0.0598076,0.975889,24,0.048052,0.108616,1
O2,S,rolling,32,first_storm,oracle,34,13,0.0164593,0.397897,2,2,1,,,,,11,,2,,73,0.0666821,1.69229,-0.350183,,27,26,5,39,25,0.019253,0.483984,24,0.0145812,-0.190099,24,0.0328479,-0.644068,1
O2,S,rolling,32,after_storm,B0,26,13,0.387594,2.01733,1,1,3,1,3,5,9,10,5,3,0,74,1.07339,7.24716,-7.10785,44,19,19,5,32,28,0.751137,-3.7794,23,0.206737,-1.92174,23,0.115514,-1.40671,1
O2,S,rolling,32,after_storm,M2,26,13,0.1758,1.26315,1,1,1,3,8,11,13,10,9,3,2,74,0.219781,3.06014,-2.45333,70,19,19,3,30,28,0.168421,-1.43815,23,0.0359666,-0.601668,23,0.0153937,-0.413514,1
O2,S,rolling,32,after_storm,M2_TOC,26,13,0.158509,1.16918,1,1,1,3,12,13,13,10,10,3,3,74,0.300798,3.41318,-2.78282,70,19,19,3,30,28,0.230715,-1.55962,23,0.0347861,-0.553935,23,0.0352972,-0.669264,1
O2,S,rolling,32,after_storm,M_TOC,26,13,0.40893,2.00669,1,1,4,2,5,7,7,10,6,3,1,74,1.73278,8.90944,-8.78747,39,19,19,6,34,28,1.27442,-4.88647,23,0.311206,-2.33815,23,0.147155,-1.56285,1
O2,S,rolling,32,after_storm,oracle,26,13,0.0276285,0.560761,1,1,0,,,,,10,,3,,74,0.0606548,1.58964,-0.0107266,,19,19,0,26,28,0.0348325,0.544896,23,0.00893719,-0.156259,23,0.0168851,-0.399363,1
O2,S,rolling,33,falling,B0,96,52,0.906886,5.06141,5,3,1,14,34,43,45,41,33,11,10,292,4.17663,21.6523,-11.7253,221,72,69,17,119,110,2.65848,-3.06294,96,0.587792,-2.88342,86,0.930353,-5.77893,4
O2,S,rolling,33,falling,M2,96,52,0.862966,4.53289,5,5,2,23,40,47,48,41,36,11,11,292,4.77908,24.4078,-20.1361,217,72,71,23,127,110,2.51268,-5.55694,96,0.912723,-6.51023,86,1.35368,-8.06891,4
O2,S,rolling,33,falling,M2_TOC,96,52,0.81993,4.42506,5,5,2,25,41,48,48,41,37,11,11,292,4.48567,23.1351,-18.5518,224,72,70,20,123,110,2.42,-4.96469,96,0.883879,-6.14721,86,1.18179,-7.43986,4
O2,S,rolling,33,falling,M_TOC,96,52,0.89014,5.04444,5,3,1,15,34,41,46,41,32,11,9,292,4.00935,21.0725,-10.2859,221,72,69,17,119,110,2.59959,-2.69481,96,0.583014,-2.49153,86,0.826739,-5.09954,4
O2,S,rolling,33,falling,oracle,96,52,0.256578,2.63772,5,4,0,,,,,41,,11,,292,1.85637,11.6842,2.16322,,72,70,2,96,110,1.53918,3.38946,96,0.208324,-1.1997,86,0.108862,-0.0265319,4
O2,S,rolling,33,steady,B0,73,39,0.474912,2.97811,4,3,0,17,28,30,34,32,26,7,4,223,1.09356,11.3977,-9.12352,188,59,59,19,103,80,0.22096,-1.1941,73,0.248864,-2.89244,70,0.62374,-5.03697,3
O2,S,rolling,33,steady,M2,73,39,0.491039,3.00116,4,3,0,18,30,32,36,32,28,7,4,223,1.05629,11.8273,-9.79939,194,59,59,17,102,80,0.237276,-1.35331,73,0.22766,-3.23892,70,0.591358,-5.20717,3
O2,S,rolling,33,steady,M2_TOC,73,39,0.501586,3.0402,4,3,0,18,30,32,36,32,28,7,4,223,0.897309,10.7952,-8.49156,196,59,59,13,98,80,0.219659,-0.963497,73,0.198966,-2.92334,70,0.478684,-4.60473,3
O2,S,rolling,33,steady,M_TOC,73,39,0.479175,2.97957,4,3,0,17,29,31,34,32,26,7,5,223,0.978708,10.7715,-8.29291,191,59,59,18,102,80,0.215312,-1.03978,73,0.230939,-2.70024,70,0.532457,-4.55289,3
O2,S,rolling,33,steady,oracle,73,39,0.410231,2.24971,4,4,1,,,,,32,,7,,223,0.428046,7.50324,3.61515,,59,56,3,75,80,0.24422,2.38076,73,0.0970587,0.576649,70,0.0867666,0.657742,3
O2,S,rolling,33,first_storm,B0,24,13,0.105966,1.00789,1,1,1,3,8,10,11,12,9,1,1,74,0.531254,5.07655,-4.68126,49,18,18,10,38,28,0.111196,-1.10381,25,0.234793,-1.87128,21,0.185266,-1.70617,1
O2,S,rolling,33,first_storm,M2,24,13,0.1638,1.29507,1,1,0,2,8,10,12,12,9,1,1,74,0.315234,3.76855,-2.56353,72,18,18,6,34,28,0.0701142,-0.227797,25,0.138297,-1.14747,21,0.106823,-1.18826,1
O2,S,rolling,33,first_storm,M2_TOC,24,13,0.144173,1.21098,1,1,0,2,8,9,12,12,8,1,1,74,0.386013,4.15205,-3.24137,62,18,18,9,37,28,0.083884,-0.412764,25,0.168298,-1.4338,21,0.133831,-1.3948,1
O2,S,rolling,33,first_storm,M_TOC,24,13,0.0870721,0.884726,1,1,1,6,10,10,10,12,9,1,1,74,0.797823,6.72699,-6.46812,42,18,18,13,41,28,0.194143,-1.86113,25,0.339079,-2.53591,21,0.264601,-2.07108,1
O2,S,rolling,33,first_storm,oracle,24,13,0.089689,0.697994,1,1,0,,,,,12,,1,,74,0.15645,2.6686,0.953089,,18,18,1,25,28,0.0733664,0.442353,25,0.0394287,-0.0867388,21,0.0436545,0.597475,1
O2,S,rolling,33,after_storm,B0,19,13,0.263424,1.27164,1,1,1,6,8,10,11,11,8,2,2,75,1.9921,11.328,-11.328,21,15,15,13,37,28,0.878591,-4.71257,25,0.659765,-3.80654,22,0.453747,-2.80892,1
O2,S,rolling,33,after_storm,M2,19,13,0.186543,1.10592,1,1,1,7,10,10,11,11,8,2,2,75,0.782667,6.67643,-6.50471,64,15,15,7,30,28,0.318091,-2.62842,25,0.24753,-2.10779,22,0.217047,-1.76851,1
O2,S,rolling,33,after_storm,M2_TOC,19,13,0.177186,1.07583,1,1,1,8,10,10,11,11,8,2,2,75,0.815543,6.73961,-6.61974,64,15,15,7,30,28,0.343743,-2.59739,25,0.280874,-2.34495,22,0.190927,-1.6774,1
O2,S,rolling,33,after_storm,M_TOC,19,13,0.275653,1.33637,1,1,1,6,8,10,11,11,8,2,2,75,2.01044,11.3673,-11.3673,19,15,15,13,37,28,0.900777,-4.77269,25,0.673589,-3.83967,22,0.436071,-2.75492,1
O2,S,rolling,33,after_storm,oracle,19,13,0.173265,1.27533,1,1,0,,,,,11,,2,,75,0.234166,3.09509,-1.15796,,15,15,3,24,28,0.122921,-0.262243,25,0.078186,-0.676707,22,0.0330592,-0.219006,1
O2,S,rolling,34,falling,B0,98,52,0.318728,3.27065,2,1,1,21,43,45,47,40,34,12,11,293,1.94491,18.3595,-13.7451,246,84,84,25,128,90,0.501042,-2.99375,103,0.56387,-3.53176,100,0.879995,-7.21961,4
O2,S,rolling,34,falling,M2,98,52,0.21911,2.71379,2,1,2,29,44,51,52,40,39,12,12,293,2.58261,23.6986,-22.9357,218,84,84,31,138,90,0.806636,-7.07542,103,0.833245,-7.64531,100,0.942731,-8.21496,4
O2,S,rolling,34,falling,M2_TOC,98,52,0.207859,2.66396,2,1,1,29,44,51,52,40,39,12,12,293,2.38507,22.7985,-21.8662,221,84,84,28,134,90,0.760871,-6.76806,103,0.776336,-7.33259,100,0.847861,-7.76553,4
O2,S,rolling,34,falling,M_TOC,98,52,0.320658,3.30808,2,1,1,20,41,45,46,40,34,12,11,293,1.71357,17.139,-12.9614,250,84,84,22,124,90,0.449662,-2.90818,103,0.50401,-3.42328,100,0.759898,-6.62995,4
O2,S,rolling,34,falling,oracle,98,52,0.0967016,1.90129,2,2,2,,,,,40,,12,,293,0.418156,7.90717,-3.71499,,84,82,2,99,90,0.150373,-0.98026,103,0.185925,-1.97168,100,0.0818581,-0.763047,4
O2,S,rolling,34,steady,B0,88,39,0.237836,2.38493,6,4,1,17,31,32,36,30,26,9,6,219,1.21567,12.935,-12.5671,180,73,73,26,121,68,0.256649,-3.18722,73,0.33336,-3.5684,78,0.625662,-5.81151,3
O2,S,rolling,34,steady,M2,88,39,0.196715,1.90849,6,4,1,24,34,36,37,30,28,9,8,219,1.01365,12.071,-11.7044,192,73,73,26,123,68,0.189743,-2.69038,73,0.252347,-3.32209,78,0.571562,-5.69194,3
O2,S,rolling,34,steady,M2_TOC,88,39,0.199555,1.91195,6,4,1,23,33,36,37,30,28,9,8,219,0.899663,11.4392,-11.0408,198,73,73,25,121,68,0.190854,-2.67623,73,0.237224,-3.18377,78,0.471584,-5.18082,3
O2,S,rolling,34,steady,M_TOC,88,39,0.237921,2.38598,6,4,1,17,29,32,36,30,26,9,6,219,1.03556,11.9704,-11.39,181,73,73,22,115,68,0.23609,-2.96073,73,0.299475,-3.26925,78,0.499998,-5.15999,3
O2,S,rolling,34,steady,oracle,88,39,0.0934853,1.59695,6,4,1,,,,,30,,9,,219,0.221607,5.20327,-1.53364,,73,71,6,93,68,0.0755409,0.00119562,73,0.0841414,-1.18459,78,0.0619247,-0.350241,3
O2,S,rolling,34,first_storm,B0,30,13,0.171059,1.25658,0,0,1,4,6,7,7,11,6,2,1,73,1.30227,8.09141,-7.65323,20,25,25,6,37,20,0.392949,-2.60193,28,0.764445,-3.91063,25,0.144873,-1.14068,1
O2,S,rolling,34,first_storm,M2,30,13,0.0758072,0.873374,0,0,0,4,10,13,13,11,11,2,2,73,0.575059,5.24203,-3.88931,64,25,25,1,32,20,0.154307,-1.3258,28,0.35786,-2.2283,25,0.0628922,-0.335216,1
O2,S,rolling,34,first_storm,M2_TOC,30,13,0.102395,1.00517,0,0,1,4,9,12,13,11,10,2,2,73,0.858785,6.47465,-5.6265,52,25,25,4,35,20,0.225558,-1.79959,28,0.512236,-2.8761,25,0.120991,-0.950815,1
O2,S,rolling,34,first_storm,M_TOC,30,13,0.221342,1.42113,0,0,1,3,5,6,7,11,6,2,0,73,1.73416,9.45436,-9.1758,20,25,25,10,41,20,0.512056,-3.01455,28,0.980801,-4.49767,25,0.241298,-1.66359,1
O2,S,rolling,34,first_storm,oracle,30,13,0.0340484,0.568205,0,0,0,,,,,11,,2,,73,0.293573,3.56872,0.569961,,25,25,0,30,20,0.0968685,-0.168102,28,0.109298,-0.4439,25,0.087407,1.18196,1
O2,S,rolling,34,after_storm,B0,24,13,0.0698639,0.786815,1,1,0,5,10,12,13,10,10,3,2,73,0.249582,3.19669,-2.58516,58,20,20,8,35,21,0.0188298,-0.0680008,27,0.0786058,-1.06439,25,0.152146,-1.45276,1
O2,S,rolling,34,after_storm,M2,24,13,0.237089,1.60694,1,0,0,2,4,7,8,10,5,3,2,73,0.848814,7.03402,6.06104,54,20,15,4,23,21,0.40514,2.84613,27,0.301892,2.59231,25,0.141782,0.622596,1
O2,S,rolling,34,after_storm,M2_TOC,24,13,0.247967,1.65517,1,0,0,0,4,6,8,10,4,3,2,73,0.918389,7.37212,5.99137,50,20,14,4,22,21,0.439861,2.97885,27,0.334073,2.69849,25,0.144455,0.314038,1
O2,S,rolling,34,after_storm,M_TOC,24,13,0.0783809,0.834914,1,1,0,5,10,12,13,10,10,3,2,73,0.262888,3.30861,-2.77755,57,20,20,7,34,21,0.0208086,-0.158409,27,0.082349,-1.13311,25,0.159731,-1.48603,1
O2,S,rolling,34,after_storm,oracle,24,13,0.0250427,0.482318,1,0,0,,,,,10,,3,,73,0.0699141,1.73426,0.11114,,20,20,2,26,21,0.0171945,0.302039,27,0.0337337,-0.130052,25,0.018986,-0.0608467,1
O2,S,rolling,35,falling,B0,103,52,0.396971,3.67574,5,3,1,24,41,44,48,40,35,12,9,294,1.44261,15.4455,0.874712,256,76,67,18,114,100,0.476956,0.940688,103,0.451791,2.59552,91,0.513867,-2.6615,4
O2,S,rolling,35,falling,M2,103,52,0.241156,2.8395,5,3,4,34,46,48,51,40,37,12,11,294,2.16804,19.1354,-15.299,231,76,72,27,132,100,0.722565,-4.88875,103,0.616217,-4.28099,91,0.829253,-6.1293,4
O2,S,rolling,35,falling,M2_TOC,103,52,0.260582,2.90638,5,3,4,34,47,48,50,40,37,12,11,294,2.0391,18.6639,-13.7989,230,76,73,26,132,100,0.69392,-4.5113,103,0.608921,-3.86946,91,0.736256,-5.41817,4
O2,S,rolling,35,falling,M_TOC,103,52,0.449421,3.89921,5,2,1,24,39,44,47,40,35,12,9,294,1.51845,15.798,2.12246,254,76,66,17,112,100,0.545761,1.29535,103,0.477852,2.95525,91,0.494841,-2.12814,4
O2,S,rolling,35,falling,oracle,103,52,0.212616,2.31266,5,2,4,,,,,40,,12,,294,0.327162,7.49489,-1.30916,,76,74,5,109,100,0.113162,0.224687,103,0.0804986,-0.0918519,91,0.133501,-1.442,4
O2,S,rolling,35,steady,B0,94,39,0.324114,2.87643,5,4,0,17,27,32,33,32,27,7,5,220,2.25976,16.3164,-12.6502,157,70,67,16,108,75,0.954438,-5.04573,77,0.715846,-4.21087,68,0.589479,-3.39359,3
O2,S,rolling,35,steady,M2,94,39,0.246121,2.48979,5,4,0,17,33,35,38,32,29,7,6,220,2.08257,16.0498,-14.6013,183,70,70,16,113,75,0.877163,-5.82634,77,0.666473,-5.03672,68,0.538935,-3.73821,3
O2,S,rolling,35,steady,M2_TOC,94,39,0.242331,2.46699,5,5,0,17,33,35,37,32,29,7,6,220,2.06969,16.0325,-14.6258,180,70,70,17,114,75,0.873588,-5.85536,77,0.660776,-5.07483,68,0.535327,-3.6956,3
O2,S,rolling,35,steady,M_TOC,94,39,0.323327,2.87326,5,4,0,17,27,32,33,32,27,7,5,220,2.27615,16.3689,-12.4059,155,70,66,16,107,75,0.961702,-4.94834,77,0.726863,-4.12468,68,0.587581,-3.33284,3
O2,S,rolling,35,steady,oracle,94,39,0.0971863,1.30029,5,5,1,,,,,32,,7,,220,0.282735,5.37179,-2.52079,,70,70,6,99,75,0.158253,-0.412318,77,0.0645061,-1.10522,68,0.0599759,-1.00325,3
O2,S,rolling,35,first_storm,B0,27,13,0.0708446,0.694217,2,1,0,6,11,12,13,10,9,3,3,74,0.329498,4.34193,-4.07688,65,21,21,9,37,25,0.141641,-1.42775,26,0.093636,-1.44726,23,0.0942215,-1.20187,1
O2,S,rolling,35,first_storm,M2,27,13,0.196435,1.35394,2,1,0,2,7,10,12,10,8,3,2,74,0.154635,2.82839,2.10508,74,21,20,3,30,25,0.0651667,0.866396,26,0.0465614,0.970885,23,0.0429072,0.267802,1
O2,S,rolling,35,first_storm,M2_TOC,27,13,0.144827,1.14041,2,1,0,3,9,10,12,10,8,3,2,74,0.100817,1.93434,0.437922,74,21,20,3,30,25,0.0348879,0.407326,26,0.0169196,0.444437,23,0.0490094,-0.41384,1
O2,S,rolling,35,first_storm,M_TOC,27,13,0.0784624,0.797123,2,1,1,6,11,11,12,10,8,3,3,74,0.493413,5.51283,-5.33012,48,21,21,12,42,25,0.191144,-1.84334,26,0.150823,-1.86804,23,0.151445,-1.61874,1
O2,S,rolling,35,first_storm,oracle,27,13,0.0289374,0.471274,2,1,0,,,,,10,,3,,74,0.107304,2.06753,1.03284,,21,21,0,26,25,0.0376757,0.181602,26,0.0244471,0.249578,23,0.045181,0.601662,1
O2,S,rolling,35,after_storm,B0,23,13,0.132546,1.09778,1,1,1,2,9,11,12,10,8,3,3,74,0.454697,5.09059,-4.9627,49,19,19,7,32,26,0.173157,-1.91045,25,0.110776,-1.44472,23,0.170764,-1.60754,1
O2,S,rolling,35,after_storm,M2,23,13,0.115059,0.785181,1,1,0,9,11,12,13,10,10,3,2,74,0.159201,2.51468,-1.77094,72,19,19,5,30,26,0.0591233,-0.616485,25,0.0304279,-0.387577,23,0.0696502,-0.76688,1
O2,S,rolling,35,after_storm,M2_TOC,23,13,0.115913,0.766241,1,1,0,10,10,12,12,10,10,3,2,74,0.149319,2.35833,-1.28817,72,19,19,5,30,26,0.045811,-0.312405,25,0.0211515,-0.157785,23,0.0823565,-0.817977,1
O2,S,rolling,35,after_storm,M_TOC,23,13,0.132001,1.11698,1,1,1,2,8,11,12,10,8,3,3,74,0.514693,5.46735,-5.37325,44,19,19,8,33,26,0.199112,-2.08718,25,0.133639,-1.60412,23,0.181942,-1.68194,1
O2,S,rolling,35,after_storm,oracle,23,13,0.132974,0.835331,1,1,0,,,,,10,,3,,74,0.0907395,1.72288,-0.723673,,19,19,2,25,26,0.061127,-0.458281,25,0.0101612,0.00623331,23,0.0194513,-0.271625,1
O2,S,rolling,36,falling,B0,94,52,0.68887,5.26142,1,0,0,6,18,22,28,41,17,11,5,294,2.03407,18.7146,-1.71113,264,75,69,26,117,97,0.439737,2.95618,88,0.400759,2.76603,109,1.19357,-7.43334,4
O2,S,rolling,36,falling,M2,94,52,0.15122,2.24917,1,0,0,35,48,51,52,41,41,11,10,294,1.98603,18.1421,-17.553,261,75,75,33,135,97,0.388833,-3.82798,88,0.356501,-4.25561,109,1.24069,-9.46941,4
O2,S,rolling,36,falling,M2_TOC,94,52,0.162451,2.36418,1,0,0,32,45,50,52,41,40,11,10,294,1.71557,16.5404,-15.396,264,75,75,31,130,97,0.362447,-3.24526,88,0.305987,-3.68351,109,1.04714,-8.46719,4
O2,S,rolling,36,falling,M_TOC,94,52,0.786207,5.72329,1,0,0,6,18,21,25,41,17,11,4,294,1.94905,18.5166,1.62086,255,75,69,22,113,97,0.507308,3.81229,88,0.460514,3.7366,109,0.981226,-5.92804,4
O2,S,rolling,36,falling,oracle,94,52,0.0852808,1.62728,1,1,1,,,,,41,,11,,294,0.562821,9.21134,2.42857,,75,69,4,93,97,0.268398,1.70201,88,0.13955,0.769549,109,0.154873,-0.0429853,4
O2,S,rolling,36,steady,B0,90,39,0.22143,2.27897,1,1,1,16,27,32,34,30,24,9,8,219,1.45797,12.5318,-8.06632,175,73,68,19,103,75,0.443486,-1.18892,61,0.176224,-0.696228,83,0.838262,-6.18117,3
O2,S,rolling,36,steady,M2,90,39,0.141068,1.92396,1,1,1,16,34,35,37,30,26,9,9,219,1.2711,11.2031,-7.9434,185,73,69,20,105,75,0.278445,-1.16098,61,0.176147,-0.666581,83,0.816503,-6.11584,3
O2,S,rolling,36,steady,M2_TOC,90,39,0.142402,1.90973,1,1,1,18,31,36,37,30,27,9,9,219,1.25177,11.1094,-7.47329,188,73,70,19,105,75,0.370192,-1.20636,61,0.162089,-0.618123,83,0.719494,-5.64881,3
O2,S,rolling,36,steady,M_TOC,90,39,0.216189,2.2362,1,1,1,16,27,32,32,30,24,9,8,219,1.34667,12.026,-7.42472,179,73,67,18,101,75,0.445454,-1.12765,61,0.163859,-0.591101,83,0.737361,-5.70597,3
O2,S,rolling,36,steady,oracle,90,39,0.0714524,1.40986,1,1,2,,,,,30,,9,,219,0.340904,6.33656,-0.877406,,73,73,9,100,75,0.186531,0.627583,61,0.0601519,0.201623,83,0.0942212,-1.70661,3
O2,S,rolling,36,first_storm,B0,31,13,0.158343,1.10224,0,0,1,4,4,7,7,11,6,2,1,73,0.208049,3.19324,-3.05237,61,26,26,3,35,25,0.0335147,-0.650976,22,0.0643752,-0.954464,26,0.110159,-1.44693,1
O2,S,rolling,36,first_storm,M2,31,13,0.0975924,0.825186,0,0,1,6,11,13,13,11,11,2,2,73,0.130363,2.55963,0.271971,73,26,26,2,34,25,0.045949,0.739875,22,0.0295537,0.210203,26,0.0548602,-0.678108,1
O2,S,rolling,36,first_storm,M2_TOC,31,13,0.10896,0.868691,0,0,1,4,11,13,13,11,11,2,2,73,0.159292,2.63401,-1.71912,70,26,26,2,34,25,0.0197346,0.0403649,22,0.0353248,-0.438843,26,0.104233,-1.32064,1
O2,S,rolling,36,first_storm,M_TOC,31,13,0.205651,1.32796,0,0,2,3,4,5,7,11,5,2,0,73,0.427182,4.98459,-4.98459,52,26,26,4,36,25,0.091373,-1.3683,22,0.134545,-1.56797,26,0.201264,-2.04833,1
O2,S,rolling,36,first_storm,oracle,31,13,0.0235381,0.490951,0,0,0,,,,,11,,2,,73,0.0758742,1.87537,0.071973,,26,24,1,31,25,0.0312263,0.232975,22,0.0261173,0.0733104,26,0.0185306,-0.234312,1
O2,S,rolling,36,after_storm,B0,21,13,0.112136,1.01587,0,0,1,3,9,11,13,10,8,3,3,73,0.568343,5.55381,-5.46536,56,16,16,15,38,26,0.102837,-1.37655,21,0.186471,-1.84627,26,0.279036,-2.24254,1
O2,S,rolling,36,after_storm,M2,21,13,0.0655759,0.676455,0,0,0,9,12,12,13,10,9,3,3,73,0.146546,2.57824,-0.0586117,73,16,14,7,27,26,0.0351216,0.537839,21,0.0255949,0.0116809,26,0.0858297,-0.608132,1
O2,S,rolling,36,after_storm,M2_TOC,21,13,0.0616667,0.650562,0,0,0,10,12,12,13,10,9,3,3,73,0.173212,2.63023,-0.572944,73,16,15,7,28,26,0.0315991,0.359077,21,0.0301874,-0.00171837,26,0.111426,-0.930302,1
O2,S,rolling,36,after_storm,M_TOC,21,13,0.121001,1.03635,0,0,1,3,9,12,13,10,9,3,3,73,0.67181,6.13692,-6.07386,52,16,16,15,38,26,0.161036,-1.71379,21,0.215236,-2.02099,26,0.295537,-2.33907,1
O2,S,rolling,36,after_storm,oracle,21,13,0.0359748,0.524285,0,0,0,,,,,10,,3,,73,0.175481,2.64367,-0.412014,,16,16,6,29,26,0.0379845,0.443228,21,0.0439133,0.09574,26,0.0935835,-0.950982,1
O2,S,rolling,37,falling,B0,89,52,0.4437,3.72368,0,0,1,22,34,39,44,41,31,11,8,293,2.55297,22.4432,-17.9887,219,64,62,19,111,103,1.00816,-7.80229,93,0.768944,-4.2528,97,0.775868,-5.93361,4
O2,S,rolling,37,falling,M2,89,52,0.386537,3.50965,0,0,3,28,43,47,48,41,37,11,10,293,4.82532,32.223,-30.4271,168,64,64,27,121,103,1.96419,-12.3632,93,1.51671,-8.80959,97,1.34441,-9.25431,4
O2,S,rolling,37,falling,M2_TOC,89,52,0.375303,3.46371,0,0,2,28,43,47,49,41,37,11,10,293,4.79868,32.0324,-30.2636,172,64,64,29,123,103,2.0012,-12.4572,93,1.55829,-9.01657,97,1.23919,-8.78978,4
O2,S,rolling,37,falling,M_TOC,89,52,0.45577,3.77065,0,0,1,23,34,39,44,41,31,11,8,293,2.38162,21.6339,-16.954,220,64,62,18,110,103,0.967095,-7.59182,93,0.741749,-4.07076,97,0.672774,-5.29139,4
O2,S,rolling,37,falling,oracle,89,52,0.395249,3.18895,0,0,0,,,,,41,,11,,293,1.2499,14.2925,-4.56024,,64,54,8,86,103,0.456664,-2.11467,93,0.439161,-1.84091,97,0.354071,-0.604664,4
O2,S,rolling,37,steady,B0,74,39,0.240446,2.43922,4,1,2,13,27,30,34,31,25,8,5,222,2.29217,17.8004,-15.1558,168,58,57,13,90,79,0.698748,-5.5234,68,0.757828,-3.63154,75,0.835593,-6.00082,3
O2,S,rolling,37,steady,M2,74,39,0.227988,2.47192,4,1,2,16,26,31,33,31,26,8,5,222,2.10634,17.4419,-15.259,171,58,57,14,91,79,0.616105,-5.39434,68,0.671358,-3.67392,75,0.818876,-6.19074,3
O2,S,rolling,37,steady,M2_TOC,74,39,0.230274,2.48038,4,1,2,16,26,31,33,31,26,8,5,222,2.08835,17.3508,-15.0995,169,58,57,14,91,79,0.62101,-5.3983,68,0.674341,-3.63224,75,0.793,-6.06898,3
O2,S,rolling,37,steady,M_TOC,74,39,0.258436,2.56644,4,1,2,12,26,29,32,31,24,8,5,222,2.27928,17.7149,-15.131,168,58,57,13,90,79,0.710542,-5.42369,68,0.748558,-3.77732,75,0.820176,-5.92998,3
O2,S,rolling,37,steady,oracle,74,39,0.230286,2.41181,4,1,0,,,,,31,,8,,222,0.734842,9.56336,-3.50464,,58,57,0,74,79,0.357881,-1.43675,68,0.311997,-1.53823,75,0.0649649,-0.529658,3
O2,S,rolling,37,first_storm,B0,29,13,0.0962207,0.960015,1,0,1,3,6,7,8,10,6,3,1,73,0.555028,5.49002,-4.72711,49,20,20,1,30,26,0.277689,-2.18967,23,0.202082,-1.87982,24,0.0752562,-0.657621,1
O2,S,rolling,37,first_storm,M2,29,13,0.120371,1.16216,1,0,1,2,6,9,9,10,7,3,2,73,0.285421,3.87989,-2.05391,72,20,19,1,28,26,0.120318,-1.18226,23,0.0898242,-0.883121,24,0.0752789,0.0114758,1
O2,S,rolling,37,first_storm,M2_TOC,29,13,0.121479,1.18241,1,0,1,2,6,9,9,10,7,3,2,73,0.373994,4.34122,-3.37613,71,20,20,1,30,26,0.155263,-1.55773,23,0.129966,-1.2512,24,0.088765,-0.567201,1
O2,S,rolling,37,first_storm,M_TOC,29,13,0.109498,0.962564,1,0,1,3,6,8,10,10,7,3,1,73,0.792063,6.65923,-6.29532,32,20,20,4,33,26,0.366191,-2.70669,23,0.296427,-2.34999,24,0.129445,-1.23864,1
O2,S,rolling,37,first_storm,oracle,29,13,0.0765924,0.84256,1,0,0,,,,,10,,3,,73,0.317317,3.96738,-2.76389,,20,18,0,26,26,0.153812,-1.28291,23,0.125441,-1.42441,24,0.0380645,-0.0565623,1
O2,S,rolling,37,after_storm,B0,23,13,0.278237,1.42681,0,0,2,6,9,10,11,11,8,2,2,73,1.8093,10.0798,-9.99436,23,16,16,6,29,24,0.780898,-3.96273,24,0.695005,-3.56943,25,0.333399,-2.46219,1
O2,S,rolling,37,after_storm,M2,23,13,0.248007,1.32934,0,0,1,6,11,12,12,11,10,2,2,73,1.63817,9.3851,-9.18064,39,16,16,5,28,24,0.742079,-3.7659,24,0.622072,-3.26349,25,0.27402,-2.15126,1
O2,S,rolling,37,after_storm,M2_TOC,23,13,0.236861,1.30896,0,0,1,7,11,12,12,11,10,2,2,73,1.61378,9.28421,-9.03629,38,16,16,5,28,24,0.712901,-3.65325,24,0.605537,-3.17118,25,0.295337,-2.21187,1
O2,S,rolling,37,after_storm,M_TOC,23,13,0.294052,1.46766,0,0,2,7,9,9,10,11,7,2,2,73,1.84762,10.3002,-10.228,22,16,16,7,30,24,0.767644,-3.96446,24,0.698912,-3.61035,25,0.381066,-2.65324,1
O2,S,rolling,37,after_storm,oracle,23,13,0.117971,1.10313,0,0,0,,,,,11,,2,,73,0.396988,4.22061,-0.874368,,16,12,1,20,24,0.167805,-0.407482,24,0.171128,-1.10144,25,0.0580543,0.634557,1
O2,S,rolling,38,falling,B0,104,52,0.491211,4.00363,4,1,0,18,38,46,49,40,35,12,11,292,2.39968,20.293,-16.5468,240,92,91,28,139,96,0.932643,-3.40885,91,0.453137,-4.64495,105,1.0139,-8.49298,4
O2,S,rolling,38,falling,M2,104,52,0.473345,3.86447,4,2,1,23,44,48,49,40,36,12,12,292,3.38529,24.0882,-21.6507,227,92,91,32,144,96,1.69106,-6.9466,91,0.758343,-6.51609,105,0.935886,-8.18806,4
O2,S,rolling,38,falling,M2_TOC,104,52,0.458763,3.84229,4,2,0,23,44,48,49,40,36,12,12,292,3.14846,23.1368,-20.6699,235,92,91,30,141,96,1.62601,-6.64872,91,0.690718,-6.2456,105,0.831732,-7.77561,4
O2,S,rolling,38,falling,M_TOC,104,52,0.521297,4.1039,4,1,0,20,35,44,48,40,33,12,11,292,2.25575,19.2654,-14.9411,249,92,91,25,135,96,0.995935,-3.00397,91,0.382476,-4.05442,105,0.877337,-7.88272,4
O2,S,rolling,38,falling,oracle,104,52,0.117999,2.066,4,4,0,,,,,40,,12,,292,0.462594,8.80945,-2.89339,,92,90,7,111,96,0.197485,0.920673,91,0.130476,-1.86787,105,0.134634,-1.94619,4
O2,S,rolling,38,steady,B0,88,39,0.157218,1.94427,4,3,1,21,26,30,36,30,23,9,7,219,0.619798,9.27364,-2.16152,204,75,73,3,90,73,0.286689,0.266196,67,0.123958,-0.283989,79,0.209151,-2.14372,3
O2,S,rolling,38,steady,M2,88,39,0.203633,2.30154,4,3,1,20,27,30,33,30,23,9,7,219,0.874067,11.884,-2.43596,193,75,72,6,93,73,0.354744,0.381127,67,0.250053,-0.498113,79,0.26927,-2.31898,3
O2,S,rolling,38,steady,M2_TOC,88,39,0.209073,2.33325,4,3,1,20,27,30,33,30,23,9,7,219,0.906001,12.0937,-2.28434,195,75,72,6,93,73,0.369469,0.443315,67,0.261236,-0.439982,79,0.275296,-2.28767,3
O2,S,rolling,38,steady,M_TOC,88,39,0.156876,1.94202,4,3,1,21,26,30,36,30,23,9,7,219,0.613679,9.22096,-1.99481,203,75,73,3,90,73,0.280189,0.349297,67,0.126317,-0.251387,79,0.207173,-2.09272,3
O2,S,rolling,38,steady,oracle,88,39,0.0991177,1.59069,4,4,1,,,,,30,,9,,219,0.389711,6.77425,0.68674,,75,72,4,89,73,0.201565,1.40288,67,0.0974412,-0.0463187,79,0.0907047,-0.669822,3
O2,S,rolling,38,first_storm,B0,31,13,0.0910099,0.960787,0,0,0,2,8,13,13,10,10,3,3,73,0.215436,2.81056,0.482298,72,26,25,0,30,24,0.165627,0.306899,23,0.0271054,-0.00664368,26,0.0227034,0.182042,1
O2,S,rolling,38,first_storm,M2,31,13,0.0603336,0.703116,0,0,0,8,12,13,13,10,10,3,3,73,0.291963,3.3033,2.09553,68,26,25,0,30,24,0.210764,0.903562,23,0.0387844,0.527304,26,0.0424139,0.664661,1
O2,S,rolling,38,first_storm,M2_TOC,31,13,0.0666462,0.72641,0,0,0,8,12,13,13,10,10,3,3,73,0.253599,3.02105,1.51663,69,26,25,0,30,24,0.198821,0.785079,23,0.0282333,0.370026,26,0.026545,0.361522,1
O2,S,rolling,38,first_storm,M_TOC,31,13,0.114901,1.06255,0,0,1,2,9,12,13,10,9,3,3,73,0.213292,2.94539,-0.62321,72,26,25,1,31,24,0.160258,0.00784655,23,0.0306018,-0.320734,26,0.022432,-0.310323,1
O2,S,rolling,38,first_storm,oracle,31,13,0.014944,0.294513,0,0,0,,,,,10,,3,,73,0.162539,2.57909,-0.54844,,26,26,5,37,24,0.100294,0.693023,23,0.040033,-0.606545,26,0.0222122,-0.634918,1
O2,S,rolling,38,after_storm,B0,29,13,0.166685,1.14139,2,1,0,6,7,9,10,10,8,3,1,73,0.727762,6.44009,-6.41904,51,25,25,4,33,24,0.357126,-2.58197,22,0.210993,-1.99356,27,0.159643,-1.84351,1
O2,S,rolling,38,after_storm,M2,29,13,0.158243,1.0258,2,1,0,7,10,11,12,10,9,3,2,73,0.331708,3.81587,-3.62387,73,25,25,2,31,24,0.162666,-1.33588,22,0.109693,-1.3251,27,0.0593485,-0.962895,1
O2,S,rolling,38,after_storm,M2_TOC,29,13,0.15913,1.02252,2,1,0,6,10,11,12,10,9,3,2,73,0.334253,3.86491,-3.6272,73,25,25,1,30,24,0.158867,-1.25319,22,0.105325,-1.27553,27,0.0700607,-1.09848,1
O2,S,rolling,38,after_storm,M_TOC,29,13,0.162095,1.11789,2,1,0,6,7,9,10,10,8,3,1,73,0.789673,6.83953,-6.81655,47,25,25,6,37,24,0.355257,-2.59628,22,0.236601,-2.1342,27,0.197815,-2.08607,1
O2,S,rolling,38,after_storm,oracle,29,13,0.131621,0.868178,2,1,0,,,,,10,,3,,73,0.136138,2.4219,1.43955,,25,19,0,23,24,0.0688694,0.852577,22,0.0169257,-0.0112278,27,0.0503428,0.598197,1
O2,S,rolling,39,falling,B0,83,52,0.312823,3.45964,4,3,0,17,38,40,41,42,34,10,6,295,3.76126,22.8792,-10.0534,240,59,56,34,117,106,1.21955,0.22182,90,0.35792,0.115347,99,2.18379,-10.3906,4
O2,S,rolling,39,falling,M2,83,52,0.261358,2.84003,4,4,3,27,41,50,51,42,40,10,10,295,4.00951,25.2372,-19.8317,238,59,59,39,127,106,1.13842,-4.34668,90,0.627305,-4.15186,99,2.24378,-11.3332,4
O2,S,rolling,39,falling,M2_TOC,83,52,0.258699,2.83928,4,4,3,26,41,50,51,42,40,10,10,295,3.57242,23.8447,-17.8401,247,59,59,35,122,106,1.05273,-3.69745,90,0.54588,-3.61212,99,1.9738,-10.5305,4
O2,S,rolling,39,falling,M_TOC,83,52,0.333704,3.55588,4,3,0,17,35,39,40,42,34,10,5,295,3.26395,21.3683,-6.37348,243,59,54,32,113,106,1.2135,1.35385,90,0.314476,1.06989,99,1.73597,-8.79722,4
O2,S,rolling,39,falling,oracle,83,52,0.191932,2.3723,4,4,3,,,,,42,,10,,295,0.556353,9.51699,0.356125,,59,58,13,98,106,0.222336,2.82551,90,0.126558,-0.121783,99,0.207459,-2.3476,4
O2,S,rolling,39,steady,B0,77,39,0.202786,2.33982,5,3,1,15,25,30,33,31,23,8,7,220,1.19175,12.3155,-5.10891,188,60,59,18,95,75,0.232638,0.889219,71,0.199231,-0.484425,74,0.759878,-5.5137,3
O2,S,rolling,39,steady,M2,77,39,0.118197,1.703,5,3,2,25,31,33,36,31,26,8,7,220,1.1842,11.2742,-6.97555,196,60,59,20,97,75,0.182261,0.321258,71,0.11427,-1.02874,74,0.887666,-6.26807,3
O2,S,rolling,39,steady,M2_TOC,77,39,0.108245,1.64459,5,3,2,24,31,33,37,31,26,8,7,220,1.05116,10.5755,-5.96857,198,60,59,20,97,75,0.18134,0.606092,71,0.104587,-0.89745,74,0.765231,-5.67721,3
O2,S,rolling,39,steady,M_TOC,77,39,0.193093,2.28759,5,3,1,15,25,31,33,31,24,8,7,220,1.14704,12.1806,-4.57157,187,60,59,15,92,75,0.233304,1.00589,71,0.200901,-0.344666,74,0.712834,-5.2328,3
O2,S,rolling,39,steady,oracle,77,39,0.0545489,1.10592,5,5,1,,,,,31,,8,,220,0.303444,6.10381,0.0998893,,60,59,5,82,75,0.157424,1.07599,71,0.0713822,-0.135204,74,0.0746376,-0.840893,3
O2,S,rolling,39,first_storm,B0,25,13,0.172457,1.34732,0,0,1,1,4,5,7,10,3,3,2,73,0.316461,4.18132,-3.92633,57,20,20,4,31,26,0.110361,-1.32555,23,0.111071,-1.42085,24,0.0950279,-1.17993,1
O2,S,rolling,39,first_storm,M2,25,13,0.0845323,0.825471,0,0,1,6,11,12,12,10,9,3,3,73,0.144155,2.28925,-1.2649,73,20,20,4,30,26,0.0649893,-0.280548,23,0.0322977,-0.507138,24,0.0468676,-0.477217,1
O2,S,rolling,39,first_storm,M2_TOC,25,13,0.0983468,0.913751,0,0,1,4,11,12,12,10,9,3,3,73,0.236336,3.30283,-2.77451,69,20,20,4,30,26,0.0727566,-0.681161,23,0.056219,-0.926009,24,0.107361,-1.16734,1
O2,S,rolling,39,first_storm,M_TOC,25,13,0.21321,1.54299,0,0,2,1,2,4,5,10,2,3,2,73,0.535867,5.65374,-5.48417,44,20,20,8,35,26,0.161782,-1.76479,23,0.175672,-1.88777,24,0.198413,-1.83161,1
O2,S,rolling,39,first_storm,oracle,25,13,0.0326426,0.473453,0,0,1,,,,,10,,3,,73,0.132027,2.34504,1.26529,,20,19,1,25,26,0.0886935,1.20539,23,0.0343478,-0.0520113,24,0.00898606,0.111908,1
O2,S,rolling,39,after_storm,B0,20,13,0.0418258,0.61111,0,0,1,9,11,11,11,11,9,2,2,73,0.355966,4.05449,-3.9179,64,16,16,8,30,25,0.0575573,-1.06542,24,0.0818016,-1.07679,24,0.216607,-1.77568,1
O2,S,rolling,39,after_storm,M2,20,13,0.0861799,0.936372,0,0,0,5,9,11,13,11,9,2,2,73,0.336983,4.01414,1.78484,71,16,11,5,20,25,0.124169,0.961052,24,0.104091,1.21463,24,0.108724,-0.390838,1
O2,S,rolling,39,after_storm,M2_TOC,20,13,0.103019,1.0481,0,0,0,4,9,11,13,11,9,2,2,73,0.363783,4.22453,1.94046,71,16,12,5,21,25,0.134961,1.13243,24,0.112403,1.27761,24,0.116419,-0.469576,1
O2,S,rolling,39,after_storm,M_TOC,20,13,0.0448839,0.642412,0,0,1,7,10,11,11,11,9,2,2,73,0.409001,4.43732,-4.35408,61,16,16,8,30,25,0.0754227,-1.24773,24,0.0946272,-1.21195,24,0.238951,-1.8944,1
O2,S,rolling,39,after_storm,oracle,20,13,0.0179639,0.353869,0,0,0,,,,,11,,2,,73,0.0663822,1.63493,0.788963,,16,15,2,22,25,0.0282655,0.476366,24,0.0243532,0.0851539,24,0.0137635,0.227444,1
O2,S,rolling,40,falling,B0,81,52,0.57936,4.42156,0,0,1,17,31,38,43,41,30,11,8,293,3.14891,20.5123,-14.0847,244,67,61,26,107,108,0.670922,-2.41316,86,0.380881,-2.29267,99,2.09711,-9.37892,4
O2,S,rolling,40,falling,M2,81,52,0.574827,3.80963,0,0,1,25,40,44,49,41,35,11,9,293,3.97519,24.9021,-22.7455,222,67,67,29,117,108,1.0487,-6.29562,86,0.887402,-6.15059,99,2.03909,-10.2993,4
O2,S,rolling,40,falling,M2_TOC,81,52,0.530296,3.75055,0,0,1,24,40,44,49,41,35,11,9,293,3.62218,23.7479,-21.5741,231,67,67,29,117,108,0.943404,-5.97561,86,0.797899,-5.8554,99,1.88088,-9.74309,4
O2,S,rolling,40,falling,M_TOC,81,52,0.575778,4.57239,0,0,1,13,28,38,41,41,30,11,8,293,2.72299,18.9977,-10.755,251,67,60,23,103,108,0.594056,-1.28586,86,0.309532,-1.30114,99,1.8194,-8.16802,4
O2,S,rolling,40,falling,oracle,81,52,0.148479,1.99994,0,0,1,,,,,41,,11,,293,1.17853,13.0368,-6.16029,,67,64,16,96,108,0.327856,-0.967725,86,0.240244,-2.59544,99,0.610432,-2.59712,4
O2,S,rolling,40,steady,B0,77,39,1.45248,5.07369,6,1,2,15,23,25,27,32,19,7,6,221,6.2756,27.348,-24.2747,142,59,59,23,108,83,3.71958,-11.3118,67,1.52254,-6.86133,71,1.03348,-6.10155,3
O2,S,rolling,40,steady,M2,77,39,0.948325,3.4573,6,1,2,23,31,31,32,32,24,7,7,221,5.45512,25.0556,-24.0247,164,59,59,25,108,83,3.2581,-10.9156,67,1.20055,-6.68974,71,0.996463,-6.41934,3
O2,S,rolling,40,steady,M2_TOC,77,39,0.943998,3.43691,6,1,2,22,31,31,32,32,24,7,7,221,5.28953,24.5296,-23.4608,171,59,59,25,108,83,3.17106,-10.6872,67,1.17675,-6.5736,71,0.941723,-6.20007,3
O2,S,rolling,40,steady,M_TOC,77,39,1.44893,5.05828,6,1,2,15,23,25,26,32,19,7,6,221,6.22382,27.2359,-23.8829,144,59,59,22,106,83,3.70176,-11.2055,67,1.5161,-6.77319,71,1.00596,-5.90416,3
O2,S,rolling,40,steady,oracle,77,39,0.38946,2.07295,6,4,0,,,,,32,,7,,221,0.747139,10.0032,-6.02647,,59,56,14,89,83,0.299628,-1.76732,67,0.195021,-2.13263,71,0.25249,-2.12652,3
O2,S,rolling,40,first_storm,B0,27,13,0.165027,0.840052,3,2,0,8,12,12,12,11,10,2,2,75,1.31833,7.97375,-7.62535,36,21,18,7,30,28,0.512346,-3.29196,21,0.208228,-1.85522,26,0.597758,-2.47818,1
O2,S,rolling,40,first_storm,M2,27,13,0.441717,1.67337,3,1,0,3,7,9,9,11,7,2,2,75,0.577307,3.98275,0.180739,70,21,15,5,25,28,0.0669614,0.330758,21,0.0388524,0.462654,26,0.471493,-0.612673,1
O2,S,rolling,40,first_storm,M2_TOC,27,13,0.398375,1.58459,3,1,0,3,7,9,10,11,7,2,2,75,0.590651,3.8643,-0.638722,71,21,16,7,28,28,0.0562283,0.193296,21,0.0323485,0.276651,26,0.502074,-1.10867,1
O2,S,rolling,40,first_storm,M_TOC,27,13,0.149512,0.839174,3,2,0,7,12,12,12,11,10,2,2,75,1.60104,8.9805,-8.96189,32,21,21,9,35,28,0.6074,-3.72108,21,0.270776,-2.16467,26,0.722862,-3.07615,1
O2,S,rolling,40,first_storm,oracle,27,13,0.39123,1.04245,3,1,0,,,,,11,,2,,75,0.735878,5.28994,-4.90362,,21,18,8,32,28,0.0845753,-1.19973,21,0.118541,-1.38862,26,0.532762,-2.31527,1
O2,S,rolling,40,after_storm,B0,23,13,0.435399,1.97814,1,1,0,3,5,8,9,11,7,2,1,74,2.8372,12.6505,-12.5084,22,18,18,7,31,27,1.45523,-5.99103,22,0.91647,-4.01797,25,0.4655,-2.4994,1
O2,S,rolling,40,after_storm,M2,23,13,0.296343,1.45025,1,0,0,5,9,13,13,11,11,2,2,74,2.16684,10.8389,-10.5875,45,18,18,6,30,27,1.14817,-5.24184,22,0.66464,-3.26923,25,0.354029,-2.07643,1
O2,S,rolling,40,after_storm,M2_TOC,23,13,0.289158,1.38547,1,1,0,5,10,13,13,11,11,2,2,74,2.07115,10.5742,-10.3397,47,18,18,6,30,27,1.0708,-5.0515,22,0.616847,-3.12643,25,0.383502,-2.16176,1
O2,S,rolling,40,after_storm,M_TOC,23,13,0.445767,2.09598,1,1,0,1,6,7,8,11,6,2,1,74,2.93823,12.6898,-12.4601,19,18,18,6,30,27,1.45375,-5.82751,22,1.02388,-4.18973,25,0.460595,-2.44285,1
O2,S,rolling,40,after_storm,oracle,23,13,0.0667584,0.585606,1,0,0,,,,,11,,2,,74,0.313461,3.88554,-2.15189,,18,18,2,26,27,0.172692,-1.1353,22,0.105132,-1.145,25,0.0356373,0.128417,1
O2,S,rolling,41,falling,B0,68,52,1.37687,6.78441,4,0,0,6,18,23,27,40,15,12,8,293,2.89314,22.9658,-5.11884,227,48,40,25,86,107,0.881843,-0.72589,89,0.656534,0.0151299,97,1.35476,-4.40808,4
O2,S,rolling,41,falling,M2,68,52,0.779414,4.00545,4,3,1,25,41,49,49,40,38,12,11,293,4.51553,29.8234,-27.7911,200,48,47,30,108,107,1.36778,-9.49329,89,1.32688,-8.63724,97,1.82087,-9.66059,4
O2,S,rolling,41,falling,M2_TOC,68,52,0.764852,3.97235,4,3,1,26,41,49,49,40,38,12,11,293,4.0713,28.1906,-26.0477,204,48,47,29,106,107,1.27281,-8.99334,89,1.21911,-8.22598,97,1.57938,-8.82839,4
O2,S,rolling,41,falling,M_TOC,68,52,1.40147,6.92765,4,0,0,6,15,22,26,40,15,12,7,293,2.75376,22.5123,-3.09923,230,48,39,22,81,107,0.900416,-0.314182,89,0.649529,0.44163,97,1.20381,-3.22668,4
O2,S,rolling,41,falling,oracle,68,52,0.317855,2.89251,4,2,0,,,,,40,,12,,293,0.820244,11.8646,-0.0356383,,48,43,3,63,107,0.376378,0.504677,89,0.244344,-1.77416,97,0.199522,1.23385,4
O2,S,rolling,41,steady,B0,60,39,0.716742,3.82261,3,3,5,7,14,20,25,31,15,8,5,219,3.54363,23.1734,-21.8454,92,42,42,24,92,82,1.27804,-7.60516,60,1.00479,-6.17789,77,1.2608,-8.06239,3
O2,S,rolling,41,steady,M2,60,39,0.666544,3.50332,3,3,5,8,21,29,34,31,24,8,5,219,3.55597,24.8437,-24.4223,83,42,42,27,95,82,1.24022,-8.66365,60,0.993751,-6.95025,77,1.32199,-8.80835,3
O2,S,rolling,41,steady,M2_TOC,60,39,0.661104,3.477,3,3,4,8,20,29,36,31,24,8,5,219,3.45055,24.4381,-24.0099,87,42,42,25,93,82,1.21973,-8.58418,60,0.964591,-6.83722,77,1.26622,-8.58849,3
O2,S,rolling,41,steady,M_TOC,60,39,0.713409,3.81386,3,3,5,7,14,21,25,31,16,8,5,219,3.48216,22.9895,-21.3596,97,42,42,24,92,82,1.26684,-7.4812,60,0.995226,-6.04888,77,1.22009,-7.82954,3
O2,S,rolling,41,steady,oracle,60,39,0.34573,1.92845,3,3,0,,,,,31,,8,,219,0.542653,8.19742,-0.423526,,42,37,4,60,82,0.309493,0.15955,60,0.121473,-1.04228,77,0.111688,0.459206,3
O2,S,rolling,41,first_storm,B0,19,13,0.133884,0.973453,1,1,0,5,11,12,12,11,10,2,2,74,0.443226,4.85116,-4.36059,67,16,16,7,30,27,0.25042,-2.26299,21,0.143476,-1.59323,26,0.0493299,-0.504371,1
O2,S,rolling,41,first_storm,M2,19,13,0.179177,1.13899,1,0,0,5,11,12,13,11,10,2,2,74,0.437842,4.5391,-0.492051,70,16,12,4,20,27,0.315399,-1.62928,21,0.0306592,0.159855,26,0.0917838,0.977378,1
O2,S,rolling,41,first_storm,M2_TOC,19,13,0.138807,1.01149,1,1,0,6,12,13,13,11,11,2,2,74,0.391945,4.2749,-1.40227,71,16,13,4,22,27,0.302553,-1.69684,21,0.0293033,-0.0300934,26,0.0600894,0.32466,1
O2,S,rolling,41,first_storm,M_TOC,19,13,0.123951,1.032,1,1,1,5,10,11,12,11,9,2,2,74,0.551998,5.47048,-5.36863,59,16,16,7,30,27,0.283103,-2.47674,21,0.188452,-1.84556,26,0.0804425,-1.04634,1
O2,S,rolling,41,first_storm,oracle,19,13,0.0122777,0.303358,1,1,0,,,,,11,,2,,74,0.0798144,1.74065,1.10399,,16,15,1,20,27,0.0534168,0.70124,21,0.0145315,0.152946,26,0.0118661,0.249805,1
O2,S,rolling,41,after_storm,B0,6,13,0.624278,1.90442,0,0,0,2,7,10,11,10,7,3,3,74,3.83629,15.3912,-15.2593,15,4,4,19,30,27,2.17362,-7.34139,21,1.0326,-4.50281,26,0.630064,-3.41506,1
O2,S,rolling,41,after_storm,M2,6,13,0.492039,1.32672,0,0,0,9,12,12,12,10,9,3,3,74,2.97971,12.8918,-12.2778,36,4,4,14,24,27,1.88419,-6.50621,21,0.654788,-3.45192,26,0.440729,-2.31966,1
O2,S,rolling,41,after_storm,M2_TOC,6,13,0.494135,1.27838,0,0,0,9,12,12,12,10,9,3,3,74,2.92178,12.7507,-12.3225,36,4,4,14,24,27,1.84197,-6.42138,21,0.652105,-3.47104,26,0.427706,-2.43004,1
O2,S,rolling,41,after_storm,M_TOC,6,13,0.645085,2.00724,0,0,1,2,7,10,11,10,7,3,3,74,4.02563,15.887,-15.8258,14,4,4,19,30,27,2.25195,-7.50946,21,1.11337,-4.69858,26,0.660316,-3.61773,1
O2,S,rolling,41,after_storm,oracle,6,13,0.0311177,0.525965,0,0,0,,,,,10,,3,,74,0.244681,3.50425,-1.80507,,4,3,1,6,27,0.0956921,-0.399034,21,0.0696267,-1.0734,26,0.0793624,-0.332636,1
O2,S,rolling,42,falling,B0,90,52,0.225017,2.66534,2,1,0,24,40,45,47,41,36,11,9,292,1.63051,14.9217,-11.8037,266,77,77,26,119,95,0.254687,-2.30886,89,0.214305,-2.13111,108,1.16152,-7.36376,4
O2,S,rolling,42,falling,M2,90,52,0.195993,2.5412,2,1,0,33,45,48,50,41,39,11,9,292,2.37068,20.415,-19.7812,245,77,77,31,124,95,0.439757,-5.00296,89,0.593812,-5.73753,108,1.33711,-9.04068,4
O2,S,rolling,42,falling,M2_TOC,90,52,0.18952,2.49029,2,1,0,36,46,48,50,41,39,11,9,292,2.10625,18.9154,-18.0771,252,77,77,29,122,95,0.407688,-4.59547,89,0.534075,-5.31632,108,1.16449,-8.16532,4
O2,S,rolling,42,falling,M_TOC,90,52,0.239688,2.73652,2,1,0,24,38,45,47,41,36,11,9,292,1.44819,13.6151,-8.91482,271,77,77,26,119,95,0.241641,-1.224,89,0.183251,-1.35355,108,1.0233,-6.33727,4
O2,S,rolling,42,falling,oracle,90,52,0.0865914,1.61333,2,1,0,,,,,41,,11,,292,0.499773,8.8843,-1.97969,,77,75,7,97,95,0.168746,-0.45487,89,0.177558,-1.96992,108,0.15347,0.445104,4
O2,S,rolling,42,steady,B0,76,39,0.255196,2.53764,0,0,1,14,29,33,34,31,28,8,5,219,2.08826,18.0004,-16.0894,159,64,64,23,101,72,0.695009,-4.33678,70,0.602252,-5.27838,77,0.791002,-6.47426,3
O2,S,rolling,42,steady,M2,76,39,0.36847,2.74607,0,0,1,21,32,36,38,31,29,8,7,219,2.50468,19.8981,-16.3472,163,64,64,23,100,72,0.844733,-4.23396,70,0.826169,-5.60245,77,0.833773,-6.51077,3
O2,S,rolling,42,steady,M2_TOC,76,39,0.37336,2.76363,0,0,1,21,32,35,38,31,28,8,7,219,2.32418,19.1503,-15.2581,173,64,64,20,97,72,0.818258,-3.96183,70,0.791995,-5.38646,77,0.713927,-5.9098,3
O2,S,rolling,42,steady,M_TOC,76,39,0.253937,2.51812,0,0,1,15,30,33,34,31,28,8,5,219,1.98005,17.4415,-15.2153,166,64,64,19,97,72,0.692581,-4.14849,70,0.581679,-5.06641,77,0.705788,-6.00042,3
O2,S,rolling,42,steady,oracle,76,39,0.150634,1.79819,0,0,1,,,,,31,,8,,219,0.593714,8.27596,-0.264538,,64,61,4,78,72,0.252893,0.251381,70,0.156764,-1.68222,77,0.184056,1.1663,3
O2,S,rolling,42,first_storm,B0,21,13,0.0448406,0.636759,0,0,0,6,9,12,13,10,10,3,2,74,0.281652,3.22145,-2.69145,63,19,19,7,30,25,0.0235577,-0.254047,23,0.065243,-1.00695,26,0.192852,-1.43045,1
O2,S,rolling,42,first_storm,M2,21,13,0.0264106,0.500968,0,0,0,10,12,13,13,10,10,3,3,74,0.222993,3.00146,-0.892473,71,19,19,7,30,25,0.0305385,0.39455,23,0.0297861,-0.389765,26,0.162669,-0.897258,1
O2,S,rolling,42,first_storm,M2_TOC,21,13,0.0283537,0.513868,0,0,0,9,13,13,13,10,10,3,3,74,0.268876,3.01128,-2.50313,68,19,19,7,30,25,0.0258125,-0.302936,23,0.0479871,-0.775154,26,0.195076,-1.42504,1
O2,S,rolling,42,first_storm,M_TOC,21,13,0.0718461,0.816892,0,0,0,5,8,10,13,10,8,3,2,74,0.496918,4.85389,-4.82636,59,19,19,9,33,25,0.0682085,-0.999299,23,0.147553,-1.67713,26,0.281157,-2.14993,1
O2,S,rolling,42,first_storm,oracle,21,13,0.0344916,0.560209,0,0,0,,,,,10,,3,,74,0.0892496,1.93469,-0.221327,,19,18,4,24,25,0.0190965,-0.180573,23,0.0313756,-0.470037,26,0.0387775,0.429282,1
O2,S,rolling,42,after_storm,B0,16,13,0.0645924,0.717598,0,0,0,6,10,11,13,10,9,3,2,74,0.755453,6.73061,-6.73061,44,15,15,12,30,25,0.192613,-2.07057,22,0.226511,-2.07032,27,0.33633,-2.58972,1
O2,S,rolling,42,after_storm,M2,16,13,0.0840283,0.750931,0,0,0,8,13,13,13,10,10,3,3,74,0.439488,4.67637,-4.67569,65,15,15,12,30,25,0.087111,-1.30199,22,0.124498,-1.45577,27,0.227879,-1.91793,1
O2,S,rolling,42,after_storm,M2_TOC,16,13,0.0758252,0.713211,0,0,0,9,13,13,13,10,10,3,3,74,0.503287,5.11991,-5.11991,64,15,15,12,30,25,0.10331,-1.44394,22,0.130535,-1.50585,27,0.269442,-2.17012,1
O2,S,rolling,42,after_storm,M_TOC,16,13,0.0546337,0.657279,0,0,0,7,10,11,13,10,9,3,2,74,0.909865,7.53042,-7.53042,40,15,15,14,33,25,0.244439,-2.3585,22,0.273683,-2.3113,27,0.391744,-2.86061,1
O2,S,rolling,42,after_storm,oracle,16,13,0.0142103,0.340968,0,0,0,,,,,10,,3,,74,0.0951015,1.87017,-0.66284,,15,15,4,20,25,0.0126791,-0.249427,22,0.0483108,-0.483229,27,0.0341115,0.069815,1
O2,S,rolling,43,falling,B0,97,52,0.578657,3.76947,2,1,1,29,43,44,47,42,36,10,8,295,5.57017,29.7179,-28.1104,231,80,76,17,117,104,3.27844,-13.304,98,1.16515,-7.28111,93,1.12657,-7.52528,4
O2,S,rolling,43,falling,M2,97,52,0.621885,4.03628,2,1,1,29,45,47,50,42,39,10,8,295,8.26766,37.8841,-37.3466,202,80,78,26,133,104,4.61188,-17.3522,98,2.31158,-11.383,93,1.3442,-8.6115,4
O2,S,rolling,43,falling,M2_TOC,97,52,0.602041,3.93267,2,1,1,28,45,48,50,42,40,10,8,295,7.48156,35.8007,-35.0731,207,80,78,24,129,104,4.27272,-16.6588,98,2.08856,-10.6354,93,1.12028,-7.77892,4
O2,S,rolling,43,falling,M_TOC,97,52,0.618981,3.92967,2,1,1,26,39,45,46,42,37,10,8,295,4.66378,26.7191,-24.2399,246,80,75,14,112,104,2.95095,-12.2549,98,0.922509,-6.03239,93,0.790328,-5.95266,4
O2,S,rolling,43,falling,oracle,97,52,0.316396,2.33499,2,1,0,,,,,42,,10,,295,0.85155,11.7483,-0.686388,,80,63,3,80,104,0.29564,-1.05983,98,0.200524,-1.17955,93,0.355386,1.553,4
O2,S,rolling,43,steady,B0,82,39,0.222434,2.59616,0,0,0,12,28,34,36,31,28,8,6,220,1.33934,12.7847,-8.70815,198,68,65,11,93,74,0.422955,-1.86575,74,0.288172,-2.6838,72,0.628216,-4.15861,3
O2,S,rolling,43,steady,M2,82,39,0.148479,1.9536,0,0,0,20,30,36,38,31,31,8,5,220,0.998202,11.1066,-6.69738,207,68,64,10,90,74,0.287855,-1.37161,74,0.193853,-1.86864,72,0.516494,-3.45712,3
O2,S,rolling,43,steady,M2_TOC,82,39,0.145963,1.93263,0,0,0,20,30,36,38,31,31,8,5,220,0.904118,10.5619,-6.00322,211,68,64,9,89,74,0.271465,-1.28066,74,0.171032,-1.63536,72,0.461621,-3.0872,3
O2,S,rolling,43,steady,M_TOC,82,39,0.225883,2.6209,0,0,0,10,28,32,34,31,28,8,4,220,1.16709,11.8561,-7.2867,200,68,65,9,90,74,0.391062,-1.55819,74,0.249516,-2.2745,72,0.526516,-3.45401,3
O2,S,rolling,43,steady,oracle,82,39,0.0388674,0.969246,0,0,0,,,,,31,,8,,220,0.453831,7.66884,-3.93424,,68,64,4,81,74,0.185849,-1.3492,74,0.131771,-1.96056,72,0.13621,-0.624482,3
O2,S,rolling,43,first_storm,B0,27,13,0.0682792,0.784512,0,0,1,7,10,12,13,11,10,2,2,73,0.839034,6.72493,-6.50167,38,22,22,7,35,23,0.241417,-2.04596,25,0.333709,-2.57957,25,0.263908,-1.87614,1
O2,S,rolling,43,first_storm,M2,27,13,0.0973878,0.979859,0,0,1,6,9,10,12,11,9,2,1,73,0.212014,3.15326,-1.3719,73,22,22,2,29,23,0.0501923,-0.189736,25,0.062874,-0.461406,25,0.0989472,-0.720754,1
O2,S,rolling,43,first_storm,M2_TOC,27,13,0.0786483,0.828385,0,0,1,8,9,11,13,11,10,2,1,73,0.410167,4.26771,-3.64342,72,22,22,6,33,23,0.0788322,-0.89795,25,0.128105,-1.26976,25,0.203229,-1.47571,1
O2,S,rolling,43,first_storm,M_TOC,27,13,0.109092,0.937389,0,0,1,6,10,12,13,11,10,2,2,73,1.24112,8.27087,-8.24073,26,22,22,9,37,23,0.35684,-2.65919,25,0.491898,-3.19527,25,0.392383,-2.38626,1
O2,S,rolling,43,first_storm,oracle,27,13,0.0385714,0.561481,0,0,1,,,,,11,,2,,73,0.53982,3.04129,0.343584,,22,19,1,25,23,0.0484907,-0.218969,25,0.0476037,0.172986,25,0.443725,0.389568,1
O2,S,rolling,43,after_storm,B0,22,13,0.0773542,0.788012,0,0,0,8,8,10,10,10,8,3,2,74,0.935819,7.53476,-7.01442,32,16,16,7,30,24,0.213729,-1.52321,27,0.27437,-2.5914,23,0.44772,-2.8998,1
O2,S,rolling,43,after_storm,M2,22,13,0.0310611,0.519033,0,0,0,8,13,13,13,10,10,3,3,74,0.50739,5.05238,-5.00052,68,16,16,7,30,24,0.0883219,-1.16804,27,0.110455,-1.53714,23,0.308613,-2.29534,1
O2,S,rolling,43,after_storm,M2_TOC,22,13,0.0244286,0.460148,0,0,0,10,13,13,13,10,10,3,3,74,0.540733,5.2112,-4.87551,66,16,16,7,30,24,0.096688,-0.992373,27,0.112801,-1.518,23,0.331244,-2.36513,1
O2,S,rolling,43,after_storm,M_TOC,22,13,0.0820075,0.815174,0,0,0,8,8,10,10,10,8,3,2,74,0.914521,7.51416,-7.00544,31,16,16,7,30,24,0.21789,-1.56929,27,0.27706,-2.6137,23,0.419571,-2.82245,1
O2,S,rolling,43,after_storm,oracle,22,13,0.0313326,0.477017,0,0,0,,,,,10,,3,,74,0.189074,2.72481,-2.06664,,16,16,2,24,24,0.070193,-0.37281,27,0.0392608,-0.740186,23,0.0796198,-0.95364,1
O2,S,rolling,44,falling,B0,101,52,0.760619,4.0798,6,5,0,17,38,44,47,41,33,11,11,293,1.21968,14.8672,-5.08866,262,90,89,19,122,87,0.335201,0.210016,96,0.227445,0.759819,110,0.657037,-6.05849,4
O2,S,rolling,44,falling,M2,101,52,0.683966,3.52563,6,6,0,32,44,51,52,41,40,11,11,293,1.99842,19.3783,-18.3146,248,90,90,30,136,87,0.554499,-4.80421,96,0.315129,-4.29143,110,1.12879,-9.21895,4
O2,S,rolling,44,falling,M2_TOC,101,52,0.668318,3.48902,6,6,0,32,44,50,52,41,39,11,11,293,1.75807,17.9191,-16.9027,249,90,90,29,135,87,0.512728,-4.61656,96,0.273243,-3.85314,110,0.972103,-8.43298,4
O2,S,rolling,44,falling,M_TOC,101,52,0.766619,4.15007,6,5,0,16,35,44,47,41,33,11,11,293,1.17255,14.7615,-2.93418,265,90,89,18,121,87,0.348321,0.681028,96,0.258904,1.45985,110,0.565325,-5.07506,4
O2,S,rolling,44,falling,oracle,101,52,0.0894643,1.76568,6,6,1,,,,,41,,11,,293,0.379735,7.6137,-3.13089,,90,87,10,108,87,0.152472,-1.15376,96,0.0640699,-0.745585,110,0.163193,-1.23155,4
O2,S,rolling,44,steady,B0,82,39,0.139813,1.88774,4,4,0,21,33,34,36,30,26,9,8,219,2.80833,19.3652,-17.4569,151,67,66,28,119,75,1.20472,-6.55247,71,0.643746,-4.68451,73,0.959861,-6.21991,3
O2,S,rolling,44,steady,M2,82,39,0.141774,1.9555,4,4,0,20,34,36,37,30,27,9,9,219,1.58163,15.1612,-12.4995,154,67,67,19,108,75,0.54035,-3.88873,71,0.424196,-3.44096,73,0.617082,-5.16983,3
O2,S,rolling,44,steady,M2_TOC,82,39,0.138114,1.94481,4,4,0,20,33,36,37,30,27,9,9,219,1.52557,14.9644,-12.2654,156,67,67,19,108,75,0.556968,-3.96403,71,0.421394,-3.45395,73,0.547207,-4.84745,3
O2,S,rolling,44,steady,M_TOC,82,39,0.138947,1.87707,4,4,0,21,33,34,36,30,26,9,8,219,2.81992,19.4871,-17.633,151,67,66,28,119,75,1.20904,-6.64535,71,0.660626,-4.79959,73,0.950252,-6.18809,3
O2,S,rolling,44,steady,oracle,82,39,0.0893252,1.43657,4,4,0,,,,,30,,9,,219,0.311834,5.88095,-0.773568,,67,65,0,80,75,0.200897,-0.663759,71,0.063617,0.193723,73,0.0473195,-0.303531,3
O2,S,rolling,44,first_storm,B0,31,13,0.155424,0.981005,2,1,0,6,8,10,11,10,9,3,1,73,0.171774,2.69578,-0.615846,69,26,25,8,38,26,0.0623536,-0.0385483,23,0.0797023,-0.0261643,24,0.0297185,-0.551133,1
O2,S,rolling,44,first_storm,M2,31,13,0.348156,1.68975,2,1,0,1,7,8,9,10,8,3,0,73,0.294357,3.11695,1.99397,69,26,25,4,34,26,0.116667,1.04829,23,0.153432,1.02683,24,0.0242567,-0.0811519,1
O2,S,rolling,44,first_storm,M2_TOC,31,13,0.286364,1.5096,2,1,0,1,8,8,9,10,8,3,0,73,0.242193,2.97952,0.940383,71,26,25,7,37,26,0.0971998,0.77565,23,0.115213,0.65421,24,0.0297804,-0.489477,1
O2,S,rolling,44,first_storm,M_TOC,31,13,0.114916,0.828283,2,1,0,4,10,11,12,10,10,3,1,73,0.22342,3.38047,-2.15911,69,26,25,10,40,26,0.0743997,-0.565078,23,0.0829106,-0.569333,24,0.06611,-1.0247,1
O2,S,rolling,44,first_storm,oracle,31,13,0.0184827,0.406367,2,1,0,,,,,10,,3,,73,0.0964381,1.91645,-1.2634,,26,26,6,37,26,0.0610052,-0.806389,23,0.0300609,-0.398006,24,0.00537193,-0.0590073,1
O2,S,rolling,44,after_storm,B0,22,13,0.0896058,0.945391,1,1,1,4,7,10,11,10,8,3,2,73,0.808139,6.6743,-6.58704,38,20,20,4,30,25,0.417067,-2.96218,23,0.204643,-1.84915,25,0.186429,-1.7757,1
O2,S,rolling,44,after_storm,M2,22,13,0.0718308,0.88317,1,1,1,3,10,12,12,10,9,3,3,73,0.641592,5.83397,-5.66365,42,20,20,4,30,25,0.33994,-2.62164,23,0.16066,-1.55724,25,0.140991,-1.48478,1
O2,S,rolling,44,after_storm,M2_TOC,22,13,0.0700166,0.885747,1,1,1,3,11,12,13,10,9,3,3,73,0.652551,5.86525,-5.67888,42,20,20,4,30,25,0.331073,-2.57163,23,0.157749,-1.51745,25,0.163729,-1.5898,1
O2,S,rolling,44,after_storm,M_TOC,22,13,0.113382,1.04677,1,1,1,5,7,8,11,10,7,3,1,73,0.96671,7.30084,-7.25043,32,20,20,4,30,25,0.465897,-3.12154,23,0.24033,-2.0064,25,0.260483,-2.12249,1
O2,S,rolling,44,after_storm,oracle,22,13,0.0335156,0.559569,1,1,0,,,,,10,,3,,73,0.153961,2.56033,0.505023,,20,17,1,22,25,0.0599989,-0.271408,23,0.0149495,-0.108555,25,0.0790129,0.884986,1
O2,S,rolling,45,falling,B0,82,52,0.49387,3.75614,4,0,0,24,35,39,40,41,31,11,8,299,2.99608,23.5022,-9.30563,229,64,62,30,110,109,1.24693,-1.14212,93,0.5039,-2.48947,97,1.24525,-5.67404,4
O2,S,rolling,45,falling,M2,82,52,0.4625,3.7314,4,2,1,20,37,44,47,41,35,11,9,299,3.40962,25.6398,-21.7722,229,64,64,32,120,109,1.09625,-6.75386,93,0.713528,-6.43212,97,1.59984,-8.58619,4
O2,S,rolling,45,falling,M2_TOC,82,52,0.435301,3.65183,4,2,1,21,37,46,47,41,36,11,10,299,3.07674,24.3827,-20.428,234,64,64,32,120,109,1.04512,-6.53665,93,0.645577,-6.08233,97,1.38604,-7.809,4
O2,S,rolling,45,falling,M_TOC,82,52,0.501416,3.78199,4,0,0,26,35,39,40,41,31,11,8,299,2.74467,22.256,-7.04057,226,64,60,29,106,109,1.20798,-0.485195,93,0.458118,-1.89891,97,1.07857,-4.65647,4
O2,S,rolling,45,falling,oracle,82,52,0.0969619,1.79608,4,1,0,,,,,41,,11,,299,0.718831,9.24719,-0.583707,,64,57,3,78,109,0.195929,0.694469,93,0.147772,-1.54204,97,0.37513,0.263863,4
O2,S,rolling,45,steady,B0,61,39,0.289579,2.65206,0,0,2,14,26,33,36,32,27,7,6,220,1.93346,15.9879,-14.368,128,52,52,23,91,81,0.563864,-3.77246,68,0.582199,-4.55416,71,0.787394,-6.04134,3
O2,S,rolling,45,steady,M2,61,39,0.412219,2.95718,0,0,2,18,31,34,35,32,28,7,6,220,2.33656,19.2405,-18.8551,135,52,52,26,95,81,0.699517,-6.03703,68,0.706634,-6.0717,71,0.930414,-6.74636,3
O2,S,rolling,45,steady,M2_TOC,61,39,0.410002,2.94253,0,0,2,17,32,35,35,32,29,7,6,220,2.28992,18.9854,-18.5332,127,52,52,26,95,81,0.68199,-5.88918,68,0.68767,-5.95405,71,0.92026,-6.68998,3
O2,S,rolling,45,steady,M_TOC,61,39,0.2895,2.65299,0,0,2,14,26,33,36,32,27,7,6,220,1.88652,15.8359,-14.2829,131,52,52,23,91,81,0.538946,-3.70874,68,0.5707,-4.57883,71,0.776871,-5.99531,3
O2,S,rolling,45,steady,oracle,61,39,0.40837,2.13337,0,0,2,,,,,32,,7,,220,0.236458,5.32451,-0.514702,,52,49,4,63,81,0.100676,0.735288,68,0.0714203,-0.990567,71,0.0643619,-0.259423,3
O2,S,rolling,45,first_storm,B0,28,13,0.12166,0.797997,1,0,0,8,8,8,11,10,6,3,2,75,0.333859,3.9811,1.20236,70,24,23,1,30,27,0.094743,1.01294,24,0.133923,0.584157,24,0.105192,-0.394733,1
O2,S,rolling,45,first_storm,M2,28,13,0.288195,1.63246,1,0,0,0,6,8,8,10,6,3,2,75,0.635114,5.25489,4.69849,64,24,22,0,26,27,0.254573,2.37984,24,0.248303,1.89803,24,0.132238,0.420629,1
O2,S,rolling,45,first_storm,M2_TOC,28,13,0.257166,1.53081,1,0,0,0,6,8,9,10,6,3,2,75,0.547333,4.97378,3.94163,66,24,23,0,28,27,0.230921,2.2543,24,0.212369,1.68051,24,0.104042,0.0068249,1
O2,S,rolling,45,first_storm,M_TOC,28,13,0.0995328,0.706384,1,0,0,9,9,11,12,10,9,3,2,75,0.286317,3.94232,-0.00130014,70,24,23,1,30,27,0.0701799,0.644478,24,0.109406,0.191482,24,0.106731,-0.83726,1
O2,S,rolling,45,first_storm,oracle,28,13,0.00784558,0.251353,1,1,1,,,,,10,,3,,75,0.120722,2.39567,0.736861,,24,24,1,32,27,0.0578072,0.747849,24,0.0225233,0.0275332,24,0.0403913,-0.0385216,1
O2,S,rolling,45,after_storm,B0,20,13,0.177437,1.29219,0,0,0,3,3,5,10,10,5,3,0,74,0.790914,6.96255,-6.94136,57,16,16,7,30,26,0.340669,-2.80895,24,0.293667,-2.45839,24,0.156578,-1.67402,1
O2,S,rolling,45,after_storm,M2,20,13,0.125237,1.07545,0,0,0,4,9,10,11,10,8,3,2,74,0.578373,5.69984,-5.52583,70,16,16,7,28,26,0.282373,-2.40582,24,0.201895,-1.98661,24,0.0941057,-1.13339,1
O2,S,rolling,45,after_storm,M2_TOC,20,13,0.112306,0.995543,0,0,0,7,9,10,12,10,8,3,2,74,0.566467,5.50715,-5.33305,70,16,15,6,26,26,0.291287,-2.32341,24,0.173564,-1.82896,24,0.101617,-1.18068,1
O2,S,rolling,45,after_storm,M_TOC,20,13,0.188694,1.32463,0,0,0,2,3,5,8,10,5,3,0,74,0.895053,7.48078,-7.48078,50,16,16,7,30,26,0.372586,-2.94556,24,0.322159,-2.59541,24,0.200308,-1.9398,1
O2,S,rolling,45,after_storm,oracle,20,13,0.0122008,0.295509,0,0,0,,,,,10,,3,,74,0.0674724,1.67261,-0.0417716,,16,14,1,17,26,0.0245874,0.198945,24,0.0194192,-0.454944,24,0.0234658,0.214227,1
O2,S,rolling,46,falling,B0,106,52,0.318931,3.10711,5,4,2,30,44,48,50,42,38,10,10,292,1.32574,15.0384,-8.65928,250,89,82,13,119,101,0.4402,-2.81128,92,0.283679,-0.547469,99,0.601864,-5.30053,4
O2,S,rolling,46,falling,M2,106,52,0.433781,3.60096,5,4,3,24,41,46,50,42,38,10,8,292,1.88572,18.8681,-14.9012,231,89,85,22,133,101,0.493905,-4.70826,92,0.468729,-3.05362,99,0.923089,-7.13932,4
O2,S,rolling,46,falling,M2_TOC,106,52,0.399634,3.5071,5,4,2,27,42,47,51,42,39,10,8,292,1.64806,17.7356,-14.0877,236,89,85,20,129,101,0.43979,-4.51658,92,0.415003,-2.95394,99,0.793271,-6.61717,4
O2,S,rolling,46,falling,M_TOC,106,52,0.313886,3.09001,5,2,2,28,43,48,49,42,38,10,10,292,0.926466,12.6258,-5.47488,258,89,81,13,118,101,0.251087,-1.54319,92,0.222611,0.252082,99,0.452768,-4.18377,4
O2,S,rolling,46,falling,oracle,106,52,0.105511,1.7701,5,2,0,,,,,42,,10,,292,0.368016,7.7031,1.81573,,89,81,4,100,101,0.156399,1.57102,92,0.125495,0.720649,99,0.0861215,-0.475939,4
O2,S,rolling,46,steady,B0,85,39,0.70014,3.58011,2,1,1,13,22,26,29,30,19,9,7,220,1.67634,14.944,-10.6745,163,73,70,6,92,72,0.83518,-4.77668,73,0.569821,-3.0329,75,0.271338,-2.86492,3
O2,S,rolling,46,steady,M2,85,39,0.667487,3.47409,2,2,0,15,23,28,33,30,22,9,6,220,1.41469,13.5801,-10.8736,184,73,70,5,90,72,0.621694,-4.37932,73,0.531633,-3.51873,75,0.261365,-2.97558,3
O2,S,rolling,46,steady,M2_TOC,85,39,0.659075,3.43663,2,2,0,15,23,28,33,30,22,9,6,220,1.38562,13.4262,-10.7511,184,73,70,5,90,72,0.608373,-4.35474,73,0.523983,-3.47152,75,0.253265,-2.92486,3
O2,S,rolling,46,steady,M_TOC,85,39,0.688964,3.53682,2,1,1,13,23,26,30,30,19,9,7,220,1.62892,14.8508,-10.3633,164,73,70,6,92,72,0.804788,-4.59907,73,0.555418,-2.882,75,0.268717,-2.88223,3
O2,S,rolling,46,steady,oracle,85,39,0.306698,1.94949,2,1,2,,,,,30,,9,,220,0.425369,7.30876,-1.3595,,73,68,2,81,72,0.205645,-0.0272053,73,0.1261,-0.779677,75,0.0936246,-0.552623,3
O2,S,rolling,46,first_storm,B0,30,13,0.192354,1.09847,1,1,0,6,11,11,11,10,9,3,2,73,0.304695,3.75586,2.58172,64,25,23,3,30,21,0.10817,1.22557,24,0.0550787,0.743514,28,0.141446,0.612633,1
O2,S,rolling,46,first_storm,M2,30,13,0.228538,1.25268,1,0,0,6,10,11,12,10,9,3,2,73,0.618187,5.94307,5.184,63,25,23,3,30,21,0.236295,2.00343,24,0.152747,1.69593,28,0.229145,1.48463,1
O2,S,rolling,46,first_storm,M2_TOC,30,13,0.202905,1.21633,1,0,0,7,10,11,12,10,9,3,2,73,0.525681,5.39857,4.54046,65,25,23,3,30,21,0.223302,1.91991,24,0.130892,1.55203,28,0.171487,1.06853,1
O2,S,rolling,46,first_storm,M_TOC,30,13,0.187721,1.10881,1,1,0,5,11,11,11,10,9,3,2,73,0.225385,3.01733,1.44025,68,25,23,3,30,21,0.0785737,0.92141,24,0.0369817,0.419102,28,0.10983,0.0997369,1
O2,S,rolling,46,first_storm,oracle,30,13,0.0409906,0.535286,1,1,0,,,,,10,,3,,73,0.117579,2.27335,-0.646708,,25,25,4,37,21,0.0480338,0.331207,24,0.0196675,-0.0562041,28,0.0498776,-0.921711,1
O2,S,rolling,46,after_storm,B0,24,13,0.154152,0.964721,1,1,1,7,13,13,13,10,10,3,3,73,0.771734,6.28893,-6.24477,61,23,23,6,34,21,0.318266,-2.12359,25,0.329124,-2.56268,27,0.124344,-1.55849,1
O2,S,rolling,46,after_storm,M2,24,13,0.0929654,0.682627,1,0,1,10,13,13,13,10,10,3,3,73,0.46152,4.46692,-3.7467,64,23,23,4,29,21,0.0756988,-0.490269,25,0.275802,-2.19275,27,0.11002,-1.06368,1
O2,S,rolling,46,after_storm,M2_TOC,24,13,0.100091,0.721911,1,0,1,11,13,13,13,10,10,3,3,73,0.287145,3.41161,-2.51707,69,23,23,4,29,21,0.0628256,-0.322827,25,0.129922,-1.32211,27,0.0943976,-0.872134,1
O2,S,rolling,46,after_storm,M_TOC,24,13,0.180285,1.01222,1,1,1,6,13,13,13,10,10,3,3,73,0.645419,5.60396,-5.47483,60,23,23,5,32,21,0.268863,-1.84836,25,0.248358,-2.16108,27,0.128198,-1.46538,1
O2,S,rolling,46,after_storm,oracle,24,13,0.0488973,0.590035,1,1,1,,,,,10,,3,,73,0.0938293,1.97569,-1.22806,,23,23,4,30,21,0.0204698,0.108205,25,0.0283955,-0.456861,27,0.044964,-0.879406,1
O2,S,rolling,47,falling,B0,100,52,0.280955,2.78752,0,0,1,29,38,43,47,42,35,10,8,293,2.44866,20.7534,-18.3924,238,89,88,35,136,93,0.819925,-6.54555,91,0.258156,-2.16144,109,1.37058,-9.68541,4
O2,S,rolling,47,falling,M2,100,52,0.369453,3.40202,0,0,3,23,37,42,46,42,35,10,7,293,3.12835,26.0455,-25.9487,198,89,89,47,155,93,1.29021,-9.65926,91,0.517437,-6.10085,109,1.3207,-10.1886,4
O2,S,rolling,47,falling,M2_TOC,100,52,0.357623,3.35595,0,0,3,23,38,43,47,42,36,10,7,293,2.83494,24.6327,-24.4667,211,89,89,39,147,93,1.20344,-9.26355,91,0.462266,-5.7149,109,1.16923,-9.48822,4
O2,S,rolling,47,falling,M_TOC,100,52,0.278783,2.83012,0,0,1,29,38,45,47,42,37,10,8,293,2.09901,19.014,-15.6635,248,89,88,33,134,93,0.715109,-5.82733,91,0.217291,-1.34269,109,1.16661,-8.49349,4
O2,S,rolling,47,falling,oracle,100,52,0.135245,2.13476,0,0,3,,,,,42,,10,,293,0.508477,9.9042,-3.69348,,89,88,10,112,93,0.19997,-1.15209,91,0.11762,-0.800017,109,0.190888,-1.74137,4
O2,S,rolling,47,steady,B0,93,39,0.245075,2.45833,0,0,0,13,32,35,36,30,27,9,8,219,1.13096,11.0892,-9.1071,185,81,80,18,118,69,0.264267,-1.8086,75,0.149617,-1.75109,75,0.717081,-5.54741,3
O2,S,rolling,47,steady,M2,93,39,0.202614,2.14127,0,0,0,17,31,37,38,30,28,9,9,219,0.920504,9.75363,-7.82611,194,81,80,16,113,69,0.208428,-1.66349,75,0.110304,-1.30668,75,0.601772,-4.85593,3
O2,S,rolling,47,steady,M2_TOC,93,39,0.197321,2.11982,0,0,0,18,31,37,38,30,28,9,9,219,0.779227,8.95018,-6.46874,203,81,80,15,111,69,0.180833,-1.21983,75,0.091549,-0.930305,75,0.506844,-4.3186,3
O2,S,rolling,47,steady,M_TOC,93,39,0.254486,2.52082,0,0,0,12,30,35,36,30,27,9,8,219,0.966669,10.3184,-7.94117,193,81,80,16,113,69,0.261591,-1.7013,75,0.127969,-1.43506,75,0.577109,-4.80481,3
O2,S,rolling,47,steady,oracle,93,39,0.175691,1.65101,0,0,0,,,,,30,,9,,219,0.198036,4.95699,-1.86376,,81,81,4,99,69,0.0687982,0.530061,75,0.052172,-0.909202,75,0.077066,-1.48462,3
O2,S,rolling,47,first_storm,B0,41,13,0.0636357,0.69313,2,2,0,5,10,11,12,11,9,2,2,73,0.140274,2.51671,1.71126,72,35,32,0,37,24,0.0785351,1.07809,23,0.0356056,0.540672,26,0.0261336,0.0924993,1
O2,S,rolling,47,first_storm,M2,41,13,0.138729,1.15804,2,2,0,2,7,8,11,11,7,2,1,73,0.571513,5.55381,5.44977,63,35,28,0,30,24,0.30332,2.59798,23,0.188138,1.88635,26,0.0800544,0.965438,1
O2,S,rolling,47,first_storm,M2_TOC,41,13,0.123769,1.08029,2,2,0,2,7,8,12,11,7,2,1,73,0.422877,4.81206,4.45256,66,35,29,0,31,24,0.230876,2.26698,23,0.13871,1.57217,26,0.0532914,0.613406,1
O2,S,rolling,47,first_storm,M_TOC,41,13,0.0559834,0.666579,2,2,0,6,10,11,12,11,9,2,2,73,0.0963512,1.98073,0.695677,72,35,34,1,41,24,0.0479921,0.700842,23,0.0229533,0.220796,26,0.0254058,-0.225961,1
O2,S,rolling,47,first_storm,oracle,41,13,0.021825,0.417385,2,2,0,,,,,11,,2,,73,0.0648947,1.70516,0.870058,,35,33,1,40,24,0.0297334,0.59886,23,0.0297231,0.245823,26,0.00543813,0.0253762,1
O2,S,rolling,47,after_storm,B0,25,13,0.125944,1.06868,0,0,1,3,9,11,11,10,8,3,3,74,0.94128,7.81286,-7.81286,23,23,23,11,40,25,0.457976,-3.19425,23,0.292258,-2.51759,26,0.191046,-2.10101,1
O2,S,rolling,47,after_storm,M2,25,13,0.119146,0.841846,0,0,0,8,12,12,12,10,9,3,3,74,0.573109,5.85427,-5.85427,59,23,23,8,36,25,0.275454,-2.36143,23,0.171673,-1.86862,26,0.125981,-1.62422,1
O2,S,rolling,47,after_storm,M2_TOC,25,13,0.121159,0.800527,0,0,0,8,12,13,13,10,10,3,3,74,1.2431,8.71608,-8.71608,27,23,23,11,42,25,0.689428,-3.97578,23,0.410132,-2.97053,26,0.143538,-1.76977,1
O2,S,rolling,47,after_storm,M_TOC,25,13,0.134804,1.05471,0,0,1,3,7,9,10,10,7,3,2,74,1.65509,10.1984,-10.1984,9,23,23,17,50,25,0.899194,-4.56067,23,0.551761,-3.469,26,0.204132,-2.16877,1
O2,S,rolling,47,after_storm,oracle,25,13,0.0121147,0.273811,0,0,0,,,,,10,,3,,74,0.0975615,2.12396,0.199551,,23,22,0,24,25,0.0354021,-0.184382,23,0.0190209,-0.225708,26,0.0431384,0.609642,1
O2,S,jan_mar_to_jul_sep,32,all_months,B0,86,39,0.487158,3.81204,8,2,0,11,22,27,31,32,20,7,7,219,1.40001,10.083,-4.70579,218,59,53,10,90,75,1.22369,-3.95482,72,0.0835708,-0.225538,72,0.092751,-0.525432,3
O2,S,jan_mar_to_jul_sep,32,all_months,M2,86,39,0.381781,3.22046,8,8,5,20,35,38,38,32,31,7,7,219,5.1075,29.5031,-29.5023,204,59,59,49,143,75,2.88418,-13.352,72,1.40589,-9.48465,72,0.817432,-6.66563,3
O2,S,jan_mar_to_jul_sep,32,all_months,M2_TOC,86,39,0.343171,3.07206,8,8,4,21,36,38,38,32,31,7,7,219,4.47289,27.0897,-27.0612,207,59,59,47,139,75,2.66744,-12.6325,72,1.21294,-8.76348,72,0.592512,-5.6652,3
O2,S,jan_mar_to_jul_sep,32,all_months,M_TOC,86,39,0.532008,3.99566,8,1,0,11,20,27,29,32,20,7,7,219,1.34721,9.85326,-3.49858,216,59,53,10,90,75,1.18376,-3.66481,72,0.0812009,0.115929,72,0.0822468,0.0503013,3
O2,S,jan_mar_to_jul_sep,32,all_months,oracle,86,39,0.0884843,1.3982,8,8,2,,,,,32,,7,,219,0.395835,7.31365,2.93537,,59,54,5,85,75,0.173644,1.46477,72,0.111647,0.943251,72,0.110544,0.52735,3
O2,S,jan_mar_to_jul_sep,33,all_months,B0,77,39,0.96669,4.58798,4,3,0,10,17,19,25,31,15,8,4,219,2.23168,14.313,-0.393211,195,62,57,9,87,81,1.66817,0.517186,72,0.326387,0.983676,66,0.237126,-1.89407,3
O2,S,jan_mar_to_jul_sep,33,all_months,M2,77,39,1.95793,6.30294,4,4,8,15,26,31,35,31,23,8,8,219,5.54584,28.5042,-26.8832,168,62,61,38,123,81,2.71879,-10.2125,72,1.62086,-9.0566,66,1.20618,-7.61411,3
O2,S,jan_mar_to_jul_sep,33,all_months,M2_TOC,77,39,1.67813,5.76723,4,4,6,18,29,32,35,31,24,8,8,219,4.72932,25.4589,-23.7709,175,62,61,32,117,81,2.47096,-9.09704,72,1.35137,-8.08491,66,0.906993,-6.58895,3
O2,S,jan_mar_to_jul_sep,33,all_months,M_TOC,77,39,0.907143,4.55553,4,3,0,10,17,18,23,31,14,8,4,219,2.15327,14.2465,1.2235,200,62,57,9,87,81,1.64239,0.972879,72,0.329203,1.46844,66,0.181672,-1.21782,3
O2,S,jan_mar_to_jul_sep,33,all_months,oracle,77,39,0.493949,2.91181,4,4,1,,,,,31,,8,,219,1.7071,9.51769,2.485,,62,60,1,75,81,1.4323,2.13386,72,0.192993,-0.232028,66,0.0817999,0.583165,3
O2,S,jan_mar_to_jul_sep,34,all_months,B0,87,39,0.614802,4.23471,4,0,0,9,15,17,21,32,14,7,3,222,0.905611,10.3086,-2.79956,205,80,75,12,102,66,0.204037,1.32873,78,0.209214,0.224743,78,0.49236,-4.35304,3
O2,S,jan_mar_to_jul_sep,34,all_months,M2,87,39,0.170639,2.05222,4,3,2,30,38,38,39,32,31,7,7,222,2.81724,22.1271,-22.1271,184,80,80,43,138,66,0.806119,-6.74348,78,0.989672,-7.85223,78,1.02145,-7.53144,3
O2,S,jan_mar_to_jul_sep,34,all_months,M2_TOC,87,39,0.152467,1.967,4,3,2,30,38,38,39,32,31,7,7,222,2.33704,20.0031,-20.0031,194,80,80,32,127,66,0.684049,-6.12879,78,0.821013,-7.06679,78,0.831981,-6.80751,3
O2,S,jan_mar_to_jul_sep,34,all_months,M_TOC,87,39,0.743378,4.72226,4,0,0,8,12,16,20,32,13,7,3,222,0.872489,10.6302,0.88007,204,80,72,9,96,66,0.298831,2.43023,78,0.227298,1.56807,78,0.34636,-3.11823,3
O2,S,jan_mar_to_jul_sep,34,all_months,oracle,87,39,0.0758374,1.44131,4,3,1,,,,,32,,7,,222,0.264726,5.68547,-3.27956,,80,78,7,91,66,0.0767024,-0.449554,78,0.140635,-2.11343,78,0.0473884,-0.716569,3
O2,S,jan_mar_to_jul_sep,35,all_months,B0,96,39,0.738958,4.79091,4,2,1,10,16,23,24,31,17,8,6,222,2.33962,19.6707,16.3345,158,70,57,9,90,72,0.91759,7.32827,81,1.06496,8.61035,69,0.357073,0.395842,3
O2,S,jan_mar_to_jul_sep,35,all_months,M2,96,39,0.230728,2.37263,4,4,3,31,36,37,39,31,29,8,8,222,1.69651,16.39,-15.8663,202,70,70,32,132,72,0.454735,-4.54004,81,0.456083,-5.30795,69,0.785696,-6.01834,3
O2,S,jan_mar_to_jul_sep,35,all_months,M2_TOC,96,39,0.182286,2.01859,4,4,3,31,37,37,39,31,29,8,8,222,1.24162,13.6434,-12.8206,212,70,70,23,121,72,0.351329,-3.56328,81,0.308155,-4.22564,69,0.582133,-5.03172,3
O2,S,jan_mar_to_jul_sep,35,all_months,M_TOC,96,39,0.859354,5.20094,4,1,1,8,14,19,23,31,13,8,6,222,2.70193,21.3238,18.3157,154,70,57,9,90,72,1.03897,7.82852,81,1.26347,9.46393,69,0.399493,1.02326,3
O2,S,jan_mar_to_jul_sep,35,all_months,oracle,96,39,0.151071,1.59642,4,4,3,,,,,31,,8,,222,0.306576,5.78123,-2.41023,,70,70,8,103,72,0.164836,-0.0170955,81,0.071009,-1.4382,69,0.0707312,-0.954938,3
O2,S,jan_mar_to_jul_sep,36,all_months,B0,96,39,2.23712,9.08122,1,0,0,0,0,1,3,32,1,7,0,219,3.32595,24.1012,13.4465,118,77,61,14,87,69,1.55029,8.40949,66,1.16625,7.62678,84,0.60941,-2.58975,3
O2,S,jan_mar_to_jul_sep,36,all_months,M2,96,39,0.149756,2.01339,1,1,0,36,38,39,39,32,32,7,7,219,1.48971,12.9827,-10.6896,201,77,75,24,118,69,0.198746,-1.00303,66,0.248413,-2.16121,84,1.04256,-7.52538,3
O2,S,jan_mar_to_jul_sep,36,all_months,M2_TOC,96,39,0.187508,2.31519,1,0,0,33,38,39,39,32,32,7,7,219,1.19753,11.5337,-7.03159,207,77,73,21,112,69,0.190991,0.310836,66,0.186932,-0.842901,84,0.819607,-6.49952,3
O2,S,jan_mar_to_jul_sep,36,all_months,M_TOC,96,39,2.63353,9.90161,1,0,0,0,0,0,1,32,0,7,0,219,4.01835,26.2666,18.8635,106,77,55,5,69,69,1.94769,9.8067,66,1.5804,9.37505,84,0.49026,-0.318248,3
O2,S,jan_mar_to_jul_sep,36,all_months,oracle,96,39,0.0795944,1.39705,1,1,1,,,,,32,,7,,219,0.55936,8.17875,0.571098,,77,74,8,100,69,0.286026,1.44466,66,0.108321,0.50603,84,0.165012,-1.37959,3
O2,S,jan_mar_to_jul_sep,37,all_months,B0,76,39,0.856863,4.97814,4,1,0,9,17,23,24,32,19,7,4,222,1.17456,12.6319,-2.60763,217,55,54,12,90,78,0.561358,-1.57856,72,0.404189,1.02298,72,0.209015,-2.05204,3
O2,S,jan_mar_to_jul_sep,37,all_months,M2,76,39,0.519142,3.87802,4,4,5,20,34,37,38,32,30,7,7,222,6.68264,34.2277,-34.189,130,55,55,42,128,78,2.74211,-13.6189,72,2.3577,-11.2262,72,1.58283,-9.34392,3
O2,S,jan_mar_to_jul_sep,37,all_months,M2_TOC,76,39,0.465864,3.5952,4,3,3,22,34,37,37,32,30,7,7,222,5.90176,32.0552,-31.9413,164,55,54,40,122,78,2.51446,-12.9953,72,2.10836,-10.5188,72,1.27894,-8.42733,3
O2,S,jan_mar_to_jul_sep,37,all_months,M_TOC,76,39,0.941439,5.2145,4,1,0,8,16,22,23,32,18,7,4,222,1.10986,12.1998,-1.21565,217,55,54,12,90,78,0.550719,-1.37786,72,0.416809,1.4439,72,0.142331,-1.2817,3
O2,S,jan_mar_to_jul_sep,37,all_months,oracle,76,39,0.199381,2.20334,4,1,0,,,,,32,,7,,222,0.581617,8.38298,-1.88246,,55,54,0,75,78,0.30253,-1.30105,72,0.242548,-0.722259,72,0.0365391,0.140842,3
O2,S,jan_mar_to_jul_sep,38,all_months,B0,85,39,0.39077,3.1984,5,3,0,10,23,33,35,31,25,8,8,219,1.9578,15.7868,-13.9431,187,77,77,16,108,69,0.726147,-3.33871,66,0.273059,-2.96209,84,0.958594,-7.64229,3
O2,S,jan_mar_to_jul_sep,38,all_months,M2,85,39,0.235831,2.53885,5,4,0,29,39,39,39,31,31,8,8,219,3.83139,26.4215,-26.3809,170,77,77,31,126,69,1.47604,-9.15893,66,1.01185,-7.76635,84,1.34351,-9.45565,3
O2,S,jan_mar_to_jul_sep,38,all_months,M2_TOC,85,39,0.205091,2.3447,5,4,0,30,39,39,39,31,31,8,8,219,3.51927,25.1394,-25.0798,173,77,77,31,126,69,1.41431,-8.83002,66,0.901873,-7.30597,84,1.20309,-8.94379,3
O2,S,jan_mar_to_jul_sep,38,all_months,M_TOC,85,39,0.567841,4.00661,5,1,0,8,18,26,33,31,18,8,8,219,1.81679,14.3611,-10.9895,194,77,77,13,99,69,0.865141,-2.45326,66,0.18684,-1.83137,84,0.764805,-6.7049,3
O2,S,jan_mar_to_jul_sep,38,all_months,oracle,85,39,0.105888,1.64821,5,5,0,,,,,31,,8,,219,0.335317,6.20479,0.704789,,77,75,3,86,69,0.15606,1.21102,66,0.0856071,-0.185605,84,0.0936495,-0.32063,3
O2,S,jan_mar_to_jul_sep,39,all_months,B0,78,39,0.786402,5.07212,5,2,0,5,10,13,16,30,8,9,5,222,2.46972,20.2657,9.49087,127,53,43,14,81,78,1.04948,7.54779,72,0.651271,6.22645,72,0.768974,-4.28337,3
O2,S,jan_mar_to_jul_sep,39,all_months,M2,78,39,0.0850026,1.48094,5,5,4,36,38,39,39,30,30,9,9,222,1.5254,13.2837,-12.2483,203,53,53,32,112,78,0.110372,-1.3943,72,0.212263,-3.05267,72,1.20277,-7.80134,3
O2,S,jan_mar_to_jul_sep,39,all_months,M2_TOC,78,39,0.0725487,1.35228,5,5,3,37,38,39,39,30,30,9,9,222,1.16494,11.1501,-8.63862,206,53,53,26,106,78,0.0957456,-0.0706788,72,0.128647,-1.8897,72,0.940551,-6.67825,3
O2,S,jan_mar_to_jul_sep,39,all_months,M_TOC,78,39,0.974741,5.73504,5,2,0,3,9,11,14,30,7,9,4,222,3.02802,22.5001,13.8105,106,53,43,14,81,78,1.42602,9.00804,72,0.952698,7.78268,72,0.649299,-2.98019,3
O2,S,jan_mar_to_jul_sep,39,all_months,oracle,78,39,0.104566,1.42053,5,5,3,,,,,30,,9,,222,0.35896,7.029,0.561032,,53,52,7,86,78,0.185836,1.7526,72,0.0898134,-0.0655773,72,0.0833102,-1.12599,3
O2,S,jan_mar_to_jul_sep,40,all_months,B0,80,39,1.90566,7.43093,6,1,0,4,8,9,10,30,5,9,4,219,2.11815,17.5627,7.65313,176,61,55,8,75,75,0.946789,6.36499,69,0.407277,4.40208,75,0.764082,-3.11395,3
O2,S,jan_mar_to_jul_sep,40,all_months,M2,80,39,0.599336,3.21763,6,5,2,30,37,38,38,30,29,9,9,219,3.2473,22.8082,-22.5737,200,61,61,35,123,75,0.726303,-6.53938,69,0.968981,-7.64859,75,1.55202,-8.38571,3
O2,S,jan_mar_to_jul_sep,40,all_months,M2_TOC,80,39,0.553015,2.85906,6,5,2,30,37,38,38,30,29,9,9,219,2.61222,19.9059,-19.6556,206,61,61,30,116,75,0.538593,-5.48375,69,0.767017,-6.69103,75,1.30662,-7.48083,3
O2,S,jan_mar_to_jul_sep,40,all_months,M_TOC,80,39,2.14648,8.02635,6,1,0,4,5,6,8,30,3,9,3,219,2.43281,19.1222,12.1824,157,61,47,7,66,75,1.18577,7.5458,69,0.611263,5.85088,75,0.635774,-1.21424,3
O2,S,jan_mar_to_jul_sep,40,all_months,oracle,80,39,0.4075,2.25226,6,4,0,,,,,30,,9,,219,1.1969,10.7594,-4.4998,,61,56,13,89,75,0.231643,-0.649301,69,0.216038,-1.94555,75,0.749214,-1.90495,3
O2,S,jan_mar_to_jul_sep,41,all_months,B0,72,39,1.68411,7.4514,5,0,0,2,7,7,8,32,4,7,3,222,2.9492,21.758,17.6563,136,49,33,12,63,87,1.39679,9.11318,63,0.939985,6.5313,72,0.61243,2.01183,3
O2,S,jan_mar_to_jul_sep,41,all_months,M2,72,39,0.315297,2.55214,5,5,2,32,38,38,38,32,32,7,6,222,2.93416,21.1304,-20.662,205,49,49,23,103,87,0.835909,-6.81532,63,0.850692,-6.21003,72,1.24755,-7.63665,3
O2,S,jan_mar_to_jul_sep,41,all_months,M2_TOC,72,39,0.286426,2.45805,5,5,2,32,38,38,38,32,32,7,6,222,2.12963,17.8491,-16.664,208,49,49,14,91,87,0.642026,-5.39134,63,0.615415,-5.10573,72,0.872187,-6.16691,3
O2,S,jan_mar_to_jul_sep,41,all_months,M_TOC,72,39,1.80338,7.75462,5,0,0,2,6,7,8,32,4,7,3,222,3.34173,23.7096,20.5378,127,49,24,12,45,87,1.58056,9.84827,63,1.06534,7.15853,72,0.695831,3.53096,3
O2,S,jan_mar_to_jul_sep,41,all_months,oracle,72,39,0.11925,1.7229,5,5,0,,,,,32,,7,,222,0.353128,6.88016,0.757183,,49,47,0,71,87,0.205741,0.27402,63,0.0772281,-0.773244,72,0.0701588,1.25641,3
O2,S,jan_mar_to_jul_sep,42,all_months,B0,75,39,0.530965,3.5629,1,0,1,15,20,24,26,30,19,9,5,219,0.829213,10.9867,-2.45773,215,60,60,15,90,75,0.239676,1.34557,66,0.174875,-0.777101,78,0.414662,-3.0262,3
O2,S,jan_mar_to_jul_sep,42,all_months,M2,75,39,0.975289,4.67014,1,1,4,17,29,38,38,30,29,9,9,219,4.74858,28.9606,-28.781,143,60,60,40,124,75,1.35364,-8.92805,66,2.05742,-10.9562,78,1.33752,-8.89683,3
O2,S,jan_mar_to_jul_sep,42,all_months,M2_TOC,75,39,0.862743,4.36876,1,1,3,18,31,38,39,30,29,9,9,219,3.97158,26.3274,-25.8994,159,60,60,39,123,75,1.1426,-7.90628,66,1.75945,-10.0834,78,1.06953,-7.90974,3
O2,S,jan_mar_to_jul_sep,42,all_months,M_TOC,75,39,0.540351,3.66952,1,0,1,15,20,23,25,30,18,9,5,219,0.956199,11.9971,2.74238,215,60,59,13,87,75,0.41363,3.73763,66,0.158931,0.805285,78,0.383638,-1.80054,3
O2,S,jan_mar_to_jul_sep,42,all_months,oracle,75,39,0.157242,1.84807,1,0,1,,,,,30,,9,,219,0.660509,8.83386,-1.179,,60,59,4,79,75,0.3308,0.310918,66,0.175649,-2.07638,78,0.15406,0.58646,3
O2,S,jan_mar_to_jul_sep,43,all_months,B0,88,39,0.910664,5.46463,1,1,0,4,9,13,17,31,11,8,2,219,1.62526,14.5811,2.36896,202,70,58,2,78,72,0.859147,0.90275,78,0.378929,3.34044,69,0.387186,-1.87423,3
O2,S,jan_mar_to_jul_sep,43,all_months,M2,88,39,0.374142,3.44451,1,1,1,26,39,39,39,31,31,8,8,219,3.25513,23.3839,-23.1055,196,70,69,33,123,72,1.17409,-8.26815,78,1.16274,-8.50133,69,0.918296,-6.33602,3
O2,S,jan_mar_to_jul_sep,43,all_months,M2_TOC,88,39,0.293266,2.97826,1,1,1,28,39,39,39,31,31,8,8,219,2.50926,20.2148,-19.7326,202,70,69,25,115,72,0.968505,-7.32036,78,0.835751,-6.99974,69,0.705,-5.41247,3
O2,S,jan_mar_to_jul_sep,43,all_months,M_TOC,88,39,1.11206,6.11527,1,0,0,3,7,10,15,31,8,8,2,219,1.82083,15.6385,6.45989,193,70,52,2,72,72,1.00239,1.69095,78,0.548359,4.96661,69,0.270075,-0.197673,3
O2,S,jan_mar_to_jul_sep,43,all_months,oracle,88,39,0.0432901,1.05707,1,1,0,,,,,31,,8,,219,0.415321,7.27169,-4.20446,,70,67,1,85,72,0.165213,-1.37026,78,0.134545,-1.66174,69,0.115564,-1.17247,3
O2,S,jan_mar_to_jul_sep,44,all_months,B0,84,39,0.78935,4.31862,5,4,0,7,15,21,26,31,16,8,5,219,0.764394,9.89494,2.79857,212,77,74,7,90,69,0.222604,2.10183,69,0.196194,2.59718,81,0.345596,-1.90044,3
O2,S,jan_mar_to_jul_sep,44,all_months,M2,84,39,0.413458,2.96721,5,5,1,22,35,36,38,31,28,8,8,219,3.06635,22.7359,-22.0179,183,77,77,39,134,69,1.14467,-7.48834,69,0.676505,-6.30397,81,1.24517,-8.2256,3
O2,S,jan_mar_to_jul_sep,44,all_months,M2_TOC,84,39,0.389477,2.76946,5,5,0,23,35,37,38,31,29,8,8,219,2.35457,19.6079,-18.6901,190,77,77,32,124,69,0.919689,-6.4425,69,0.465478,-5.11423,81,0.969403,-7.13335,3
O2,S,jan_mar_to_jul_sep,44,all_months,M_TOC,84,39,0.864055,4.57233,5,4,0,6,14,19,25,31,15,8,4,219,0.861591,10.7987,5.42233,211,77,72,6,87,69,0.277043,2.66892,69,0.284905,3.49069,81,0.299643,-0.737278,3
O2,S,jan_mar_to_jul_sep,44,all_months,oracle,84,39,0.0885639,1.40572,5,5,1,,,,,31,,8,,219,0.321649,6.27032,-2.39313,,77,75,4,87,69,0.159297,-0.984277,69,0.0617481,-0.0631387,81,0.100603,-1.34571,3
O2,S,jan_mar_to_jul_sep,45,all_months,B0,75,39,0.42636,3.54283,3,0,0,8,21,25,28,31,20,8,5,228,0.972554,11.0752,4.30983,213,63,63,12,90,84,0.549347,4.80451,69,0.102688,1.09676,75,0.320519,-1.59144,3
O2,S,jan_mar_to_jul_sep,45,all_months,M2,75,39,0.768394,4.56638,3,3,4,15,32,37,38,31,29,8,8,228,3.88524,26.4816,-26.0595,185,63,63,39,123,84,1.15347,-8.2591,69,1.39366,-9.39971,75,1.33811,-8.40064,3
O2,S,jan_mar_to_jul_sep,45,all_months,M2_TOC,75,39,0.629958,4.1241,3,3,4,19,35,37,39,31,29,8,8,228,2.91043,22.873,-21.8633,196,63,63,34,116,84,0.859327,-6.69392,69,1.05148,-8.10492,75,0.999621,-7.06445,3
O2,S,jan_mar_to_jul_sep,45,all_months,M_TOC,75,39,0.479916,3.70703,3,0,0,10,19,23,27,31,18,8,5,228,1.04557,11.9352,6.98691,212,63,63,12,87,84,0.625985,5.47154,69,0.141414,1.90353,75,0.278167,-0.38816,3
O2,S,jan_mar_to_jul_sep,45,all_months,oracle,75,39,0.40121,2.12709,3,1,1,,,,,31,,8,,228,0.561778,6.51754,1.04437,,63,59,1,73,84,0.127584,1.40773,69,0.0764146,-0.966703,75,0.357779,0.603344,3
O2,S,jan_mar_to_jul_sep,46,all_months,B0,86,39,0.786766,3.7073,2,1,0,22,28,32,37,31,25,8,7,219,1.63793,13.7385,-7.13802,189,67,62,7,90,75,0.993086,-3.78492,69,0.306136,-0.471177,75,0.338709,-2.88192,3
O2,S,jan_mar_to_jul_sep,46,all_months,M2,86,39,1.36307,5.30496,2,2,7,15,31,36,38,31,28,8,8,219,4.08897,26.0514,-25.9624,165,67,66,25,124,75,1.43139,-9.5004,69,1.16399,-7.75155,75,1.49359,-8.71048,3
O2,S,jan_mar_to_jul_sep,46,all_months,M2_TOC,86,39,1.15784,4.82471,2,2,5,17,35,37,38,31,29,8,8,219,3.2603,23.0967,-22.8846,172,67,66,24,123,75,1.21723,-8.58831,69,0.949402,-6.86177,75,1.09367,-7.43452,3
O2,S,jan_mar_to_jul_sep,46,all_months,M_TOC,86,39,0.738159,3.6161,2,1,0,20,30,31,36,31,26,8,5,219,0.963942,11.0853,0.0598327,194,67,59,7,87,75,0.512436,-0.405712,69,0.266421,1.6126,75,0.185084,-1.14706,3
O2,S,jan_mar_to_jul_sep,46,all_months,oracle,86,39,0.106948,1.56601,2,1,1,,,,,31,,8,,219,0.414169,6.901,-1.20116,,67,62,3,82,75,0.204221,0.473119,69,0.114341,-0.272459,75,0.0956066,-1.40182,3
O2,S,jan_mar_to_jul_sep,47,all_months,B0,91,39,0.215786,2.49787,0,0,0,15,27,31,35,30,22,9,9,219,1.279,11.7101,-6.39993,197,76,74,25,108,66,0.15233,0.372316,69,0.106027,-0.0799511,84,1.02065,-6.69229,3
O2,S,jan_mar_to_jul_sep,47,all_months,M2,91,39,0.359317,3.23958,0,0,3,20,29,37,39,30,28,9,9,219,2.96881,22.7932,-22.734,139,76,76,45,148,66,0.789603,-6.57429,69,0.737836,-6.72353,84,1.44137,-9.4362,3
O2,S,jan_mar_to_jul_sep,47,all_months,M2_TOC,91,39,0.319826,3.02725,0,0,2,21,30,38,39,30,29,9,9,219,2.36572,20.031,-19.9731,165,76,76,42,143,66,0.620039,-5.65759,69,0.545732,-5.72978,84,1.19995,-8.58571,3
O2,S,jan_mar_to_jul_sep,47,all_months,M_TOC,91,39,0.254503,2.70099,0,0,0,16,24,30,33,30,21,9,9,219,1.06576,11.0426,-2.99962,202,76,74,22,105,66,0.162901,1.30084,69,0.11277,1.00723,84,0.790088,-5.30769,3
O2,S,jan_mar_to_jul_sep,47,all_months,oracle,91,39,0.194235,1.84549,0,0,1,,,,,30,,9,,219,0.319128,6.36722,-3.39558,,76,76,11,103,66,0.0836339,0.261499,69,0.0572429,-0.929629,84,0.178251,-2.72745,3
