truth,variant,seed,month,cls,toc_mgL,temp_C,dose_ratio,B0_map_kb,B0_post_kb,B0_dose_edge,B0_kb_edge,M_TOC_map_kb,M_TOC_post_kb,M_TOC_P_H0,M_TOC_map_hypothesis,M_TOC_dose_edge,M_TOC_kb_edge,M_TOC_kw_edge,M_TOC_map_dose
O1,C,16,4,falling,2,20,1,0.1,0.125945,0.396476,0.834261,0.1,0.125945,0.25,TOC,0.396476,0.834261,0.0741691,0.95
O1,C,16,5,falling,2,20,1,0.1,0.143181,0.338002,0.728131,0.1,0.143181,0.25,TOC,0.338002,0.728131,0.0561629,1.05
O1,C,16,6,falling,2,20,1,0.1,0.10515,0.320455,0.965938,0.1,0.10515,0.25,TOC,0.320455,0.965938,0.0046371,0.9
O1,C,16,7,falling,2,20,1,0.1,0.117962,0.343743,0.880628,0.1,0.117962,0.25,TOC,0.343743,0.880628,0.215042,1
O1,C,16,8,steady,2,20,1,0.1,0.115313,0.379226,0.898597,0.1,0.115313,0.25,TOC,0.379226,0.898597,0.0867775,0.95
O1,C,16,9,steady,2,20,1,0.1,0.161073,0.387081,0.621845,0.1,0.161073,0.25,TOC,0.387081,0.621845,0.142525,0.9
O1,C,16,10,steady,2,20,1,0.1,0.106176,0.35267,0.959099,0.1,0.106176,0.25,TOC,0.35267,0.959099,0.00109287,0.9
O1,C,16,11,first_storm,2,20,1,0.1,0.104158,0.33559,0.972486,0.1,0.104158,0.25,TOC,0.33559,0.972486,0.002125,0.95
O1,C,16,12,after_storm,2,20,1,0.1,0.117666,0.317283,0.883518,0.1,0.117666,0.25,TOC,0.317283,0.883518,0.00437162,0.95
O1,C,17,4,falling,2,20,1,0.1,0.11517,0.404154,0.900337,0.1,0.11517,0.25,TOC,0.404154,0.900337,0.05295,1
O1,C,17,5,falling,2,20,1,0.1,0.129786,0.369292,0.804881,0.1,0.129786,0.25,TOC,0.369292,0.804881,0.151881,1.05
O1,C,17,6,falling,2,20,1,0.1,0.126557,0.36262,0.825482,0.1,0.126557,0.25,TOC,0.36262,0.825482,0.130455,1.05
O1,C,17,7,falling,2,20,1,0.1,0.116267,0.386964,0.891949,0.1,0.116267,0.25,TOC,0.386964,0.891949,0.136802,1.1
O1,C,17,8,steady,2,20,1,0.1,0.108926,0.375666,0.940613,0.1,0.108926,0.25,TOC,0.375666,0.940613,0.100066,0.95
O1,C,17,9,steady,2,20,1,0.1,0.109262,0.367519,0.938583,0.1,0.109262,0.25,TOC,0.367519,0.938583,0.0812424,0.9
O1,C,17,10,steady,2,20,1,0.1,0.15007,0.379886,0.685214,0.1,0.15007,0.25,TOC,0.379886,0.685214,0.124804,0.9
O1,C,17,11,first_storm,2,20,1,0.1,0.119182,0.362368,0.876714,0.1,0.119182,0.25,TOC,0.362368,0.876714,0.0324904,0.95
O1,C,17,12,after_storm,2,20,1,0.1,0.151893,0.345747,0.675871,0.1,0.151893,0.25,TOC,0.345747,0.675871,0.085735,0.95
O1,C,18,4,falling,2,20,1,0.1,0.111159,0.408498,0.925846,0.1,0.111159,0.25,TOC,0.408498,0.925846,0.0468837,0.95
O1,C,18,5,falling,2,20,1,0.25,0.192363,0.413301,0.43949,0.25,0.192363,0.25,TOC,0.413301,0.43949,0.202007,0.95
O1,C,18,6,falling,2,20,1,0.25,0.206556,0.370826,0.36575,0.25,0.206556,0.25,TOC,0.370826,0.36575,0.173007,0.95
O1,C,18,7,falling,2,20,1,0.25,0.188875,0.405431,0.41948,0.25,0.188875,0.25,TOC,0.405431,0.41948,0.379091,0.95
O1,C,18,8,steady,2,20,1,0.1,0.11257,0.389441,0.916409,0.1,0.11257,0.25,TOC,0.389441,0.916409,0.0503864,0.95
O1,C,18,9,steady,2,20,1,0.1,0.145563,0.354533,0.704588,0.1,0.145563,0.25,TOC,0.354533,0.704588,0.0145171,0.95
O1,C,18,10,steady,2,20,1,0.1,0.129654,0.309292,0.804205,0.1,0.129654,0.25,TOC,0.309292,0.804205,0.00503026,1
O1,C,18,11,first_storm,2,20,1,0.1,0.146692,0.402091,0.696156,0.1,0.146692,0.25,TOC,0.402091,0.696156,0.0833877,0.9
O1,C,18,12,after_storm,2,20,1,0.1,0.103642,0.394483,0.975797,0.1,0.103642,0.25,TOC,0.394483,0.975797,0.00598508,0.95
O1,C,19,4,falling,2,20,1,0.1,0.11498,0.384146,0.901678,0.1,0.11498,0.25,TOC,0.384146,0.901678,0.083467,0.9
O1,C,19,5,falling,2,20,1,0.1,0.144166,0.398726,0.709828,0.1,0.144166,0.25,TOC,0.398726,0.709828,0.176217,0.95
O1,C,19,6,falling,2,20,1,0.1,0.124519,0.372137,0.836751,0.1,0.124519,0.25,TOC,0.372137,0.836751,0.196998,0.9
O1,C,19,7,falling,2,20,1,0.1,0.100768,0.346566,0.994883,0.1,0.100768,0.25,TOC,0.346566,0.994883,0.050567,1.1
O1,C,19,8,steady,2,20,1,0.1,0.101325,0.354324,0.99117,0.1,0.101325,0.25,TOC,0.354324,0.99117,0.037637,1.1
O1,C,19,9,steady,2,20,1,0.1,0.100468,0.348782,0.99688,0.1,0.100468,0.25,TOC,0.348782,0.99688,0.0517012,1.1
O1,C,19,10,steady,2,20,1,0.1,0.101846,0.355007,0.987699,0.1,0.101846,0.25,TOC,0.355007,0.987699,0.0370801,0.95
O1,C,19,11,first_storm,2,20,1,0.1,0.128148,0.370737,0.813615,0.1,0.128148,0.25,TOC,0.370737,0.813615,0.137572,1
O1,C,19,12,after_storm,2,20,1,0.1,0.145435,0.411282,0.70257,0.1,0.145435,0.25,TOC,0.411282,0.70257,0.170276,0.95
O1,C,20,4,falling,2,20,1,0.1,0.127064,0.415614,0.822463,0.1,0.127064,0.25,TOC,0.415614,0.822463,0.137154,0.95
O1,C,20,5,falling,2,20,1,0.1,0.162087,0.379474,0.59304,0.1,0.162087,0.25,TOC,0.379474,0.59304,0.389668,1.05
O1,C,20,6,falling,2,20,1,0.1,0.113233,0.408402,0.913571,0.1,0.113233,0.25,TOC,0.408402,0.913571,0.0381721,1.1
O1,C,20,7,falling,2,20,1,0.1,0.117399,0.392793,0.884501,0.1,0.117399,0.25,TOC,0.392793,0.884501,0.0767527,1.05
O1,C,20,8,steady,2,20,1,0.1,0.10741,0.358097,0.950683,0.1,0.10741,0.25,TOC,0.358097,0.950683,0.0846288,0.95
O1,C,20,9,steady,2,20,1,0.1,0.103175,0.416963,0.978835,0.1,0.103175,0.25,TOC,0.416963,0.978835,0.465702,0.9
O1,C,20,10,steady,2,20,1,0.1,0.152339,0.397544,0.656537,0.1,0.152339,0.25,TOC,0.397544,0.656537,0.332494,0.95
O1,C,20,11,first_storm,2,20,1,0.25,0.173123,0.36603,0.537702,0.25,0.173123,0.25,TOC,0.36603,0.537702,0.134977,0.95
O1,C,20,12,after_storm,2,20,1,0.25,0.263968,0.372704,0.138524,0.25,0.263968,0.25,TOC,0.372704,0.138524,0.265712,0.95
O1,C,21,4,falling,2,20,1,0.1,0.126282,0.391507,0.826149,0.1,0.126282,0.25,TOC,0.391507,0.826149,0.286709,1.1
O1,C,21,5,falling,2,20,1,0.1,0.13452,0.389623,0.771048,0.1,0.13452,0.25,TOC,0.389623,0.771048,0.300905,1.1
O1,C,21,6,falling,2,20,1,0.1,0.111036,0.423687,0.926598,0.1,0.111036,0.25,TOC,0.423687,0.926598,0.0548493,1
O1,C,21,7,falling,2,20,1,0.1,0.109529,0.362532,0.93655,0.1,0.109529,0.25,TOC,0.362532,0.93655,0.113202,1.1
O1,C,21,8,steady,2,20,1,0.1,0.104956,0.370016,0.966975,0.1,0.104956,0.25,TOC,0.370016,0.966975,0.0481168,1.05
O1,C,21,9,steady,2,20,1,0.1,0.110382,0.362714,0.930813,0.1,0.110382,0.25,TOC,0.362714,0.930813,0.0684926,1.05
O1,C,21,10,steady,2,20,1,0.1,0.104508,0.420916,0.969972,0.1,0.104508,0.25,TOC,0.420916,0.969972,0.0231675,1
O1,C,21,11,first_storm,2,20,1,0.1,0.100587,0.382578,0.996086,0.1,0.100587,0.25,TOC,0.382578,0.996086,0.0142164,0.9
O1,C,21,12,after_storm,2,20,1,0.1,0.100638,0.414483,0.995752,0.1,0.100638,0.25,TOC,0.414483,0.995752,0.0041382,0.95
O1,C,22,4,falling,2,20,1,0.1,0.112703,0.399538,0.916373,0.1,0.112703,0.25,TOC,0.399538,0.916373,0.0489736,0.95
O1,C,22,5,falling,2,20,1,0.1,0.105179,0.299966,0.965729,0.1,0.105179,0.25,TOC,0.299966,0.965729,0.00475314,0.9
O1,C,22,6,falling,2,20,1,0.1,0.105713,0.371417,0.962042,0.1,0.105713,0.25,TOC,0.371417,0.962042,0.0141349,0.9
O1,C,22,7,falling,2,20,1,0.25,0.156152,0.329465,0.655894,0.25,0.156152,0.25,TOC,0.329465,0.655894,0.0261258,1
O1,C,22,8,steady,2,20,1,0.25,0.184641,0.360996,0.493277,0.25,0.184641,0.25,TOC,0.360996,0.493277,0.0471306,0.9
O1,C,22,9,steady,2,20,1,0.1,0.124082,0.332063,0.845668,0.1,0.124082,0.25,TOC,0.332063,0.845668,0.049635,0.95
O1,C,22,10,steady,2,20,1,0.1,0.103045,0.292869,0.979763,0.1,0.103045,0.25,TOC,0.292869,0.979763,0.00404791,0.9
O1,C,22,11,first_storm,2,20,1,0.1,0.100886,0.367104,0.994098,0.1,0.100886,0.25,TOC,0.367104,0.994098,0.000887151,0.9
O1,C,22,12,after_storm,2,20,1,0.1,0.101205,0.357564,0.991972,0.1,0.101205,0.25,TOC,0.357564,0.991972,0.000269467,0.9
O1,C,23,4,falling,2,20,1,0.1,0.10098,0.345927,0.99347,0.1,0.10098,0.25,TOC,0.345927,0.99347,0.0445317,0.95
O1,C,23,5,falling,2,20,1,0.1,0.100235,0.413347,0.998432,0.1,0.100235,0.25,TOC,0.413347,0.998432,0.0261092,0.9
O1,C,23,6,falling,2,20,1,0.1,0.100175,0.370993,0.998833,0.1,0.100175,0.25,TOC,0.370993,0.998833,0.0307021,0.95
O1,C,23,7,falling,2,20,1,0.1,0.100951,0.370892,0.993667,0.1,0.100951,0.25,TOC,0.370892,0.993667,0.0128582,1
O1,C,23,8,steady,2,20,1,0.1,0.102259,0.400471,0.984962,0.1,0.102259,0.25,TOC,0.400471,0.984962,0.0463301,0.9
O1,C,23,9,steady,2,20,1,0.1,0.100673,0.459982,0.995517,0.1,0.100673,0.25,TOC,0.459982,0.995517,0.292144,0.9
O1,C,23,10,steady,2,20,1,0.1,0.10564,0.439991,0.96252,0.1,0.10564,0.25,TOC,0.439991,0.96252,0.18389,0.9
O1,C,23,11,first_storm,2,20,1,0.1,0.116685,0.381034,0.890313,0.1,0.116685,0.25,TOC,0.381034,0.890313,0.319267,0.9
O1,C,23,12,after_storm,2,20,1,0.1,0.116017,0.35193,0.893495,0.1,0.116017,0.25,TOC,0.35193,0.893495,0.0990054,1.05
O1,S,16,4,falling,2,20,1,0.1,0.135349,0.384239,0.777538,0.1,0.120459,0.293039,TOC,0.390224,0.868278,0.0666139,0.95
O1,S,16,5,falling,1.5,20,1,0.1,0.146986,0.314354,0.705546,0.1,0.133044,0.268259,TOC,0.337021,0.788813,0.0551868,1.05
O1,S,16,6,falling,1.5,20,1,0.1,0.103841,0.325449,0.974557,0.1,0.106778,0.138333,TOC,0.331039,0.955267,0.00714412,0.9
O1,S,16,7,falling,1.5,20,1,0.1,0.111724,0.376272,0.922013,0.1,0.124996,0.165279,TOC,0.348682,0.834945,0.245163,1
O1,S,16,8,steady,1.5,20,1,0.1,0.109214,0.35683,0.9388,0.1,0.125126,0.18431,TOC,0.376013,0.839253,0.117306,0.95
O1,S,16,9,steady,1.5,20,1,0.1,0.142238,0.375201,0.733559,0.25,0.18267,0.206461,TOC,0.385933,0.533899,0.146449,0.95
O1,S,16,10,steady,1.5,20,1,0.1,0.103879,0.333077,0.974266,0.1,0.115281,0.184979,TOC,0.345234,0.900817,0.00119447,0.9
O1,S,16,11,first_storm,3,20,1,0.1,0.102383,0.319893,0.984201,0.1,0.109856,0.178089,TOC,0.333034,0.93594,0.0035442,0.95
O1,S,16,12,after_storm,2.5,20,1,0.1,0.124385,0.332808,0.839248,0.1,0.111815,0.249461,TOC,0.317348,0.921868,0.00244228,0.95
O1,S,17,4,falling,2,20,1,0.1,0.124205,0.390053,0.84264,0.1,0.112393,0.287846,TOC,0.40292,0.918658,0.0399865,1.1
O1,S,17,5,falling,1.5,20,1,0.1,0.142015,0.398636,0.729171,0.1,0.13149,0.17546,TOC,0.375203,0.792583,0.167542,1.05
O1,S,17,6,falling,1.5,20,1,0.1,0.123384,0.353538,0.846242,0.1,0.171152,0.0445657,TOC,0.365352,0.543546,0.285073,1.05
O1,S,17,7,falling,1.5,20,1,0.1,0.108399,0.358936,0.944107,0.1,0.119548,0.24471,TOC,0.37918,0.871556,0.152316,1.1
O1,S,17,8,steady,1.5,20,1,0.1,0.103807,0.358753,0.974644,0.1,0.118466,0.194217,TOC,0.371021,0.878767,0.136586,0.95
O1,S,17,9,steady,1.5,20,1,0.1,0.104471,0.393512,0.970272,0.1,0.117849,0.191065,TOC,0.376112,0.883943,0.103551,0.9
O1,S,17,10,steady,1.5,20,1,0.1,0.130653,0.392107,0.802285,0.1,0.164122,0.205329,TOC,0.386049,0.626479,0.125806,0.9
O1,S,17,11,first_storm,3,20,1,0.1,0.111534,0.376585,0.924937,0.1,0.130666,0.195996,TOC,0.368825,0.811244,0.0322997,0.95
O1,S,17,12,after_storm,2.5,20,1,0.1,0.172761,0.347566,0.563544,0.1,0.141306,0.141921,TOC,0.344351,0.733961,0.0614919,0.95
O1,S,18,4,falling,2,20,1,0.1,0.121256,0.383267,0.859426,0.1,0.10954,0.284397,TOC,0.400317,0.936729,0.0351252,0.95
O1,S,18,5,falling,1.5,20,1,0.25,0.216559,0.420655,0.324492,0.25,0.190755,0.391887,TOC,0.41237,0.445135,0.187279,0.9
O1,S,18,6,falling,1.5,20,1,0.25,0.218387,0.36751,0.313267,0.25,0.241421,0.0579748,TOC,0.369933,0.171434,0.252201,0.95
O1,S,18,7,falling,1.5,20,1,0.1,0.165326,0.389009,0.569371,0.25,0.19641,0.154296,TOC,0.386985,0.390458,0.296114,0.9
O1,S,18,8,steady,1.5,20,1,0.1,0.105409,0.363373,0.963967,0.1,0.122762,0.197784,TOC,0.376367,0.851341,0.0528655,1
O1,S,18,9,steady,1.5,20,1,0.1,0.128806,0.314292,0.811005,0.25,0.166965,0.211878,TOC,0.351508,0.594881,0.0239926,0.95
O1,S,18,10,steady,1.5,20,1,0.1,0.118406,0.332968,0.878001,0.1,0.150014,0.210957,TOC,0.329068,0.685127,0.00864655,1
O1,S,18,11,first_storm,3,20,1,0.1,0.132412,0.415045,0.786938,0.25,0.17087,0.199362,TOC,0.413988,0.571426,0.0817715,0.9
O1,S,18,12,after_storm,2.5,20,1,0.1,0.104849,0.41858,0.967861,0.1,0.113124,0.0557846,TOC,0.407968,0.912924,0.0275221,0.95
O1,S,19,4,falling,2,20,1,0.1,0.122668,0.38007,0.852717,0.1,0.111315,0.285267,TOC,0.381634,0.925759,0.064774,0.9
O1,S,19,5,falling,1.5,20,1,0.1,0.152916,0.390298,0.655877,0.1,0.141429,0.202474,TOC,0.396311,0.726286,0.180097,0.95
O1,S,19,6,falling,1.5,20,1,0.1,0.117136,0.366102,0.885895,0.1,0.13357,0.16536,TOC,0.376314,0.776699,0.251722,0.9
O1,S,19,7,falling,1.5,20,1,0.1,0.100554,0.338229,0.996305,0.1,0.103014,0.125837,TOC,0.344544,0.979929,0.0737888,0.95
O1,S,19,8,steady,1.5,20,1,0.1,0.100639,0.344315,0.995739,0.1,0.10553,0.171808,TOC,0.354584,0.963267,0.0635534,1
O1,S,19,9,steady,1.5,20,1,0.1,0.100276,0.335485,0.998158,0.1,0.102637,0.148003,TOC,0.345068,0.982469,0.0750323,1
O1,S,19,10,steady,1.5,20,1,0.1,0.101198,0.345235,0.992015,0.1,0.106672,0.164716,TOC,0.358161,0.955864,0.0679078,0.95
O1,S,19,11,first_storm,3,20,1,0.1,0.116138,0.366675,0.892697,0.1,0.146587,0.213202,TOC,0.373654,0.705556,0.162639,1
O1,S,19,12,after_storm,2.5,20,1,0.1,0.140137,0.417136,0.735706,0.1,0.123687,0.445128,TOC,0.41268,0.844285,0.0828053,0.95
O1,S,20,4,falling,2,20,1,0.1,0.142934,0.392461,0.724483,0.1,0.12455,0.286395,TOC,0.40508,0.839635,0.119164,0.95
O1,S,20,5,falling,1.5,20,1,0.25,0.184693,0.40281,0.458484,0.1,0.166074,0.190758,TOC,0.378613,0.565546,0.413046,1.05
O1,S,20,6,falling,1.5,20,1,0.1,0.112349,0.409324,0.919203,0.1,0.108641,0.322733,TOC,0.406293,0.943338,0.0225951,1.1
O1,S,20,7,falling,1.5,20,1,0.1,0.110219,0.3756,0.932019,0.1,0.118119,0.312008,TOC,0.391162,0.881174,0.0593208,1.05
O1,S,20,8,steady,1.5,20,1,0.1,0.104431,0.346274,0.970485,0.1,0.118367,0.192499,TOC,0.362103,0.879916,0.136501,0.95
O1,S,20,9,steady,1.5,20,1,0.1,0.101242,0.445798,0.991719,0.1,0.111701,0.19813,TOC,0.421163,0.922289,0.527668,0.9
O1,S,20,10,steady,1.5,20,1,0.1,0.133882,0.394068,0.77588,0.25,0.173816,0.198595,TOC,0.409657,0.545977,0.395109,0.95
O1,S,20,11,first_storm,3,20,1,0.1,0.146011,0.419743,0.699919,0.25,0.188671,0.206516,TOC,0.393602,0.488708,0.14563,0.9
O1,S,20,12,after_storm,2.5,20,1,0.25,0.223239,0.376955,0.290189,0.25,0.226891,0.286908,TOC,0.364119,0.296128,0.178178,1.05
O1,S,21,4,falling,2,20,1,0.1,0.144924,0.390355,0.707114,0.1,0.123488,0.278108,TOC,0.389448,0.845332,0.239958,1.1
O1,S,21,5,falling,1.5,20,1,0.1,0.146557,0.395543,0.692693,0.1,0.129125,0.258215,TOC,0.390337,0.806771,0.258397,1.1
O1,S,21,6,falling,1.5,20,1,0.1,0.11209,0.408156,0.919598,0.1,0.1137,0.163594,TOC,0.41817,0.908928,0.0654285,1.05
O1,S,21,7,falling,1.5,20,1,0.1,0.106171,0.343381,0.958885,0.1,0.111736,0.206178,TOC,0.359392,0.922155,0.133064,1.1
O1,S,21,8,steady,1.5,20,1,0.1,0.101749,0.339212,0.988341,0.1,0.110413,0.184873,TOC,0.36671,0.931088,0.0845278,1.05
O1,S,21,9,steady,1.5,20,1,0.1,0.103394,0.355214,0.977375,0.1,0.118503,0.206054,TOC,0.366078,0.877812,0.105014,1.05
O1,S,21,10,steady,1.5,20,1,0.1,0.101779,0.365394,0.98814,0.1,0.110516,0.18432,TOC,0.401972,0.930543,0.0394025,1
O1,S,21,11,first_storm,3,20,1,0.1,0.10033,0.370777,0.997797,0.1,0.102636,0.144731,TOC,0.383962,0.982495,0.0295565,0.9
O1,S,21,12,after_storm,2.5,20,1,0.1,0.101342,0.436788,0.991099,0.1,0.115398,0.006743,TOC,0.42925,0.89767,0.0717332,0.95
O1,S,22,4,falling,2,20,1,0.1,0.12323,0.391012,0.848454,0.1,0.111651,0.29456,TOC,0.396185,0.9234,0.0410409,0.95
O1,S,22,5,falling,1.5,20,1,0.1,0.108553,0.270678,0.943513,0.1,0.104067,0.361511,TOC,0.290416,0.973094,0.00332778,0.9
O1,S,22,6,falling,1.5,20,1,0.1,0.105936,0.383749,0.960558,0.1,0.103598,0.360529,TOC,0.377204,0.976078,0.00907966,0.9
O1,S,22,7,falling,1.5,20,1,0.1,0.140228,0.311279,0.748256,0.25,0.168285,0.149179,TOC,0.327091,0.60309,0.0299876,0.95
O1,S,22,8,steady,1.5,20,1,0.25,0.158277,0.326629,0.638181,0.25,0.199977,0.203582,TOC,0.349157,0.46511,0.0437134,0.95
O1,S,22,9,steady,1.5,20,1,0.1,0.117328,0.354247,0.887639,0.1,0.14053,0.196267,TOC,0.332238,0.75555,0.0498502,1.05
O1,S,22,10,steady,1.5,20,1,0.1,0.101677,0.368985,0.988849,0.1,0.108635,0.171919,TOC,0.314001,0.94332,0.00344017,0.9
O1,S,22,11,first_storm,3,20,1,0.1,0.100419,0.388792,0.997211,0.1,0.103391,0.148246,TOC,0.379344,0.9775,0.00117325,0.9
O1,S,22,12,after_storm,2.5,20,1,0.1,0.10098,0.377551,0.993472,0.1,0.100844,0.225298,TOC,0.375434,0.994376,0.000267058,0.9
O1,S,23,4,falling,2,20,1,0.1,0.102269,0.365602,0.984895,0.1,0.101039,0.360466,TOC,0.35406,0.993082,0.031986,0.95
O1,S,23,5,falling,1.5,20,1,0.1,0.100434,0.421305,0.997107,0.1,0.100215,0.314609,TOC,0.420032,0.998569,0.0229815,0.9
O1,S,23,6,falling,1.5,20,1,0.1,0.100157,0.367882,0.998953,0.1,0.100159,0.240858,TOC,0.37076,0.998941,0.0496964,0.95
O1,S,23,7,falling,1.5,20,1,0.1,0.100732,0.362007,0.995122,0.1,0.10225,0.151999,TOC,0.369535,0.985038,0.0213587,1
O1,S,23,8,steady,1.5,20,1,0.1,0.10113,0.40148,0.992468,0.1,0.106179,0.16017,TOC,0.40382,0.959186,0.0788793,0.9
O1,S,23,9,steady,1.5,20,1,0.1,0.100442,0.499492,0.997057,0.1,0.102282,0.123624,TOC,0.466426,0.984906,0.319275,0.9
O1,S,23,10,steady,1.5,20,1,0.1,0.10279,0.44806,0.981429,0.1,0.11148,0.171217,TOC,0.443775,0.924861,0.216372,0.9
O1,S,23,11,first_storm,3,20,1,0.1,0.109412,0.382859,0.937719,0.1,0.127524,0.193546,TOC,0.381619,0.82565,0.331624,1.05
O1,S,23,12,after_storm,2.5,20,1,0.1,0.136447,0.370818,0.758404,0.1,0.109787,0.126256,TOC,0.351955,0.934956,0.0612494,1.05
O2,C,16,4,falling,2,20,1,0.1,0.111537,0.420643,0.924525,0.1,0.111537,0.25,TOC,0.420643,0.924525,0.0632925,0.9
O2,C,16,5,falling,2,20,1,0.1,0.116243,0.364295,0.893547,0.1,0.116243,0.25,TOC,0.364295,0.893547,0.0636775,1
O2,C,16,6,falling,2,20,1,0.1,0.101405,0.374827,0.990668,0.1,0.101405,0.25,TOC,0.374827,0.990668,0.0181254,0.95
O2,C,16,7,falling,2,20,1,0.1,0.102392,0.428236,0.984076,0.1,0.102392,0.25,TOC,0.428236,0.984076,0.446182,0.9
O2,C,16,8,steady,2,20,1,0.1,0.104476,0.38238,0.970221,0.1,0.104476,0.25,TOC,0.38238,0.970221,0.190582,0.9
O2,C,16,9,steady,2,20,1,0.1,0.123226,0.351746,0.849991,0.1,0.123226,0.25,TOC,0.351746,0.849991,0.118633,0.95
O2,C,16,10,steady,2,20,1,0.1,0.101606,0.321094,0.989325,0.1,0.101606,0.25,TOC,0.321094,0.989325,0.000798631,1
O2,C,16,11,first_storm,2,20,1,0.1,0.101219,0.371865,0.991895,0.1,0.101219,0.25,TOC,0.371865,0.991895,0.00228152,0.9
O2,C,16,12,after_storm,2,20,1,0.1,0.103219,0.347369,0.978585,0.1,0.103219,0.25,TOC,0.347369,0.978585,0.00730211,0.9
O2,C,17,4,falling,2,20,1,0.1,0.105426,0.348354,0.964015,0.1,0.105426,0.25,TOC,0.348354,0.964015,0.060121,1.05
O2,C,17,5,falling,2,20,1,0.1,0.109915,0.33667,0.934172,0.1,0.109915,0.25,TOC,0.33667,0.934172,0.15452,1
O2,C,17,6,falling,2,20,1,0.1,0.107579,0.330879,0.949625,0.1,0.107579,0.25,TOC,0.330879,0.949625,0.139765,1
O2,C,17,7,falling,2,20,1,0.1,0.102693,0.35303,0.982057,0.1,0.102693,0.25,TOC,0.35303,0.982057,0.286826,1.1
O2,C,17,8,steady,2,20,1,0.1,0.101414,0.362803,0.990574,0.1,0.101414,0.25,TOC,0.362803,0.990574,0.246226,0.95
O2,C,17,9,steady,2,20,1,0.1,0.102169,0.40469,0.985562,0.1,0.102169,0.25,TOC,0.40469,0.985562,0.155619,0.9
O2,C,17,10,steady,2,20,1,0.1,0.118711,0.404346,0.877408,0.1,0.118711,0.25,TOC,0.404346,0.877408,0.118397,0.9
O2,C,17,11,first_storm,2,20,1,0.1,0.107595,0.399269,0.950158,0.1,0.107595,0.25,TOC,0.399269,0.950158,0.0307153,0.9
O2,C,17,12,after_storm,2,20,1,0.1,0.113558,0.3726,0.910727,0.1,0.113558,0.25,TOC,0.3726,0.910727,0.0670959,0.9
O2,C,18,4,falling,2,20,1,0.1,0.102529,0.386048,0.983147,0.1,0.102529,0.25,TOC,0.386048,0.983147,0.0340957,0.9
O2,C,18,5,falling,2,20,1,0.25,0.135387,0.425925,0.766992,0.25,0.135387,0.25,TOC,0.425925,0.766992,0.187346,0.9
O2,C,18,6,falling,2,20,1,0.1,0.140841,0.388944,0.73186,0.1,0.140841,0.25,TOC,0.388944,0.73186,0.179359,1.05
O2,C,18,7,falling,2,20,1,0.1,0.112926,0.359583,0.914034,0.1,0.112926,0.25,TOC,0.359583,0.914034,0.104666,0.95
O2,C,18,8,steady,2,20,1,0.1,0.101392,0.356593,0.990724,0.1,0.101392,0.25,TOC,0.356593,0.990724,0.0251673,0.95
O2,C,18,9,steady,2,20,1,0.1,0.114415,0.338014,0.9046,0.1,0.114415,0.25,TOC,0.338014,0.9046,0.0262525,0.9
O2,C,18,10,steady,2,20,1,0.1,0.108927,0.362468,0.940659,0.1,0.108927,0.25,TOC,0.362468,0.940659,0.00962666,0.9
O2,C,18,11,first_storm,2,20,1,0.1,0.117829,0.417863,0.881951,0.1,0.117829,0.25,TOC,0.417863,0.881951,0.077101,0.95
O2,C,18,12,after_storm,2,20,1,0.1,0.100988,0.456325,0.993415,0.1,0.100988,0.25,TOC,0.456325,0.993415,0.00876257,0.9
O2,C,19,4,falling,2,20,1,0.1,0.103902,0.368215,0.974053,0.1,0.103902,0.25,TOC,0.368215,0.974053,0.161323,0.95
O2,C,19,5,falling,2,20,1,0.1,0.109497,0.357806,0.936778,0.1,0.109497,0.25,TOC,0.357806,0.936778,0.11182,1.05
O2,C,19,6,falling,2,20,1,0.1,0.103126,0.392296,0.979163,0.1,0.103126,0.25,TOC,0.392296,0.979163,0.328203,0.95
O2,C,19,7,falling,2,20,1,0.1,0.100152,0.363812,0.998987,0.1,0.100152,0.25,TOC,0.363812,0.998987,0.326872,1.05
O2,C,19,8,steady,2,20,1,0.1,0.100254,0.353826,0.998306,0.1,0.100254,0.25,TOC,0.353826,0.998306,0.192934,0.95
O2,C,19,9,steady,2,20,1,0.1,0.100152,0.36387,0.998987,0.1,0.100152,0.25,TOC,0.36387,0.998987,0.263764,1.05
O2,C,19,10,steady,2,20,1,0.1,0.100633,0.361373,0.99578,0.1,0.100633,0.25,TOC,0.361373,0.99578,0.218457,1
O2,C,19,11,first_storm,2,20,1,0.1,0.107056,0.344468,0.952993,0.1,0.107056,0.25,TOC,0.344468,0.952993,0.10354,0.95
O2,C,19,12,after_storm,2,20,1,0.1,0.112326,0.374929,0.918035,0.1,0.112326,0.25,TOC,0.374929,0.918035,0.0885208,0.9
O2,C,20,4,falling,2,20,1,0.1,0.109274,0.401844,0.93833,0.1,0.109274,0.25,TOC,0.401844,0.93833,0.130177,0.9
O2,C,20,5,falling,2,20,1,0.1,0.120876,0.373949,0.861208,0.1,0.120876,0.25,TOC,0.373949,0.861208,0.360146,1
O2,C,20,6,falling,2,20,1,0.1,0.106632,0.388831,0.95601,0.1,0.106632,0.25,TOC,0.388831,0.95601,0.0413774,1
O2,C,20,7,falling,2,20,1,0.1,0.104054,0.381846,0.972993,0.1,0.104054,0.25,TOC,0.381846,0.972993,0.0609357,1.1
O2,C,20,8,steady,2,20,1,0.1,0.102007,0.36287,0.986622,0.1,0.102007,0.25,TOC,0.36287,0.986622,0.256553,1
O2,C,20,9,steady,2,20,1,0.1,0.100542,0.437905,0.996387,0.1,0.100542,0.25,TOC,0.437905,0.996387,0.770381,0.95
O2,C,20,10,steady,2,20,1,0.1,0.114885,0.411978,0.901079,0.1,0.114885,0.25,TOC,0.411978,0.901079,0.370921,0.9
O2,C,20,11,first_storm,2,20,1,0.1,0.122512,0.411972,0.850893,0.1,0.122512,0.25,TOC,0.411972,0.850893,0.118349,0.95
O2,C,20,12,after_storm,2,20,1,0.25,0.180731,0.435746,0.486216,0.25,0.180731,0.25,TOC,0.435746,0.486216,0.314563,0.9
O2,C,21,4,falling,2,20,1,0.1,0.108172,0.409664,0.945566,0.1,0.108172,0.25,TOC,0.409664,0.945566,0.52167,0.9
O2,C,21,5,falling,2,20,1,0.1,0.10879,0.40898,0.94143,0.1,0.10879,0.25,TOC,0.40898,0.94143,0.471118,0.9
O2,C,21,6,falling,2,20,1,0.1,0.102356,0.366416,0.984296,0.1,0.102356,0.25,TOC,0.366416,0.984296,0.0912337,1.1
O2,C,21,7,falling,2,20,1,0.1,0.101479,0.375516,0.990143,0.1,0.101479,0.25,TOC,0.375516,0.990143,0.31548,1.05
O2,C,21,8,steady,2,20,1,0.1,0.100566,0.338011,0.996225,0.1,0.100566,0.25,TOC,0.338011,0.996225,0.233476,1
O2,C,21,9,steady,2,20,1,0.1,0.101026,0.334056,0.993162,0.1,0.101026,0.25,TOC,0.334056,0.993162,0.166125,1
O2,C,21,10,steady,2,20,1,0.1,0.100672,0.359958,0.99552,0.1,0.100672,0.25,TOC,0.359958,0.99552,0.0532849,0.95
O2,C,21,11,first_storm,2,20,1,0.1,0.100196,0.374872,0.998692,0.1,0.100196,0.25,TOC,0.374872,0.998692,0.17178,0.95
O2,C,21,12,after_storm,2,20,1,0.1,0.100344,0.443013,0.997711,0.1,0.100344,0.25,TOC,0.443013,0.997711,0.0508556,0.9
O2,C,22,4,falling,2,20,1,0.1,0.104639,0.443376,0.969279,0.1,0.104639,0.25,TOC,0.443376,0.969279,0.0194348,0.9
O2,C,22,5,falling,2,20,1,0.1,0.101615,0.378336,0.989275,0.1,0.101615,0.25,TOC,0.378336,0.989275,0.00501144,0.95
O2,C,22,6,falling,2,20,1,0.1,0.1018,0.330591,0.988012,0.1,0.1018,0.25,TOC,0.330591,0.988012,0.00902731,1
O2,C,22,7,falling,2,20,1,0.1,0.12158,0.305193,0.860843,0.1,0.12158,0.25,TOC,0.305193,0.860843,0.0187295,1
O2,C,22,8,steady,2,20,1,0.1,0.139869,0.313046,0.747201,0.1,0.139869,0.25,TOC,0.313046,0.747201,0.03304,1
O2,C,22,9,steady,2,20,1,0.1,0.110998,0.349639,0.927963,0.1,0.110998,0.25,TOC,0.349639,0.927963,0.0480826,1
O2,C,22,10,steady,2,20,1,0.1,0.101,0.381047,0.99335,0.1,0.101,0.25,TOC,0.381047,0.99335,0.00386855,0.95
O2,C,22,11,first_storm,2,20,1,0.1,0.100257,0.38841,0.998286,0.1,0.100257,0.25,TOC,0.38841,0.998286,0.0012346,0.95
O2,C,22,12,after_storm,2,20,1,0.1,0.100198,0.413315,0.998681,0.1,0.100198,0.25,TOC,0.413315,0.998681,0.00073811,0.95
O2,C,23,4,falling,2,20,1,0.1,0.100255,0.346684,0.998298,0.1,0.100255,0.25,TOC,0.346684,0.998298,0.295404,1
O2,C,23,5,falling,2,20,1,0.1,0.100051,0.393972,0.999661,0.1,0.100051,0.25,TOC,0.393972,0.999661,0.21438,0.95
O2,C,23,6,falling,2,20,1,0.1,0.100066,0.385118,0.999563,0.1,0.100066,0.25,TOC,0.385118,0.999563,0.126494,0.9
O2,C,23,7,falling,2,20,1,0.1,0.100325,0.362939,0.997831,0.1,0.100325,0.25,TOC,0.362939,0.997831,0.0844762,0.95
O2,C,23,8,steady,2,20,1,0.1,0.100628,0.414951,0.995816,0.1,0.100628,0.25,TOC,0.414951,0.995816,0.197599,0.95
O2,C,23,9,steady,2,20,1,0.1,0.100356,0.522341,0.997627,0.1,0.100356,0.25,TOC,0.522341,0.997627,0.53689,0.9
O2,C,23,10,steady,2,20,1,0.1,0.101727,0.458274,0.988498,0.1,0.101727,0.25,TOC,0.458274,0.988498,0.308109,0.95
O2,C,23,11,first_storm,2,20,1,0.1,0.105979,0.388914,0.960312,0.1,0.105979,0.25,TOC,0.388914,0.960312,0.392453,0.95
O2,C,23,12,after_storm,2,20,1,0.1,0.103697,0.336999,0.975363,0.1,0.103697,0.25,TOC,0.336999,0.975363,0.140086,0.95
O2,S,16,4,falling,2,20,1,0.1,0.115491,0.403299,0.899374,0.1,0.10835,0.306917,TOC,0.418154,0.945232,0.0487031,0.9
O2,S,16,5,falling,1.5,20,1,0.1,0.117834,0.365234,0.883484,0.1,0.112948,0.263181,TOC,0.364395,0.914671,0.0564364,1
O2,S,16,6,falling,1.5,20,1,0.1,0.101321,0.369361,0.991222,0.1,0.102548,0.134708,TOC,0.374684,0.983101,0.022011,0.95
O2,S,16,7,falling,1.5,20,1,0.1,0.101541,0.422643,0.989737,0.1,0.104766,0.166607,TOC,0.422934,0.96836,0.442221,0.9
O2,S,16,8,steady,1.5,20,1,0.1,0.102126,0.418018,0.985841,0.1,0.11096,0.174635,TOC,0.387644,0.927799,0.229297,0.9
O2,S,16,9,steady,1.5,20,1,0.1,0.114597,0.394815,0.904309,0.1,0.136584,0.198849,TOC,0.372093,0.776243,0.143914,0.95
O2,S,16,10,steady,1.5,20,1,0.1,0.100999,0.322406,0.993357,0.1,0.105456,0.162737,TOC,0.3197,0.964071,0.00190529,1
O2,S,16,11,first_storm,3,20,1,0.1,0.100831,0.37336,0.994471,0.1,0.10395,0.143849,TOC,0.377249,0.974005,0.00524313,0.9
O2,S,16,12,after_storm,2.5,20,1,0.1,0.104181,0.367658,0.972184,0.1,0.101935,0.226923,TOC,0.35383,0.987124,0.00437736,0.9
O2,S,17,4,falling,2,20,1,0.1,0.108343,0.37771,0.944804,0.1,0.103976,0.320854,TOC,0.356794,0.973637,0.0437017,1.05
O2,S,17,5,falling,1.5,20,1,0.1,0.115472,0.34221,0.897571,0.1,0.108579,0.189049,TOC,0.33758,0.942989,0.14095,1
O2,S,17,6,falling,1.5,20,1,0.1,0.106555,0.328383,0.956422,0.1,0.124213,0.0585696,TOC,0.326929,0.839636,0.239756,1
O2,S,17,7,falling,1.5,20,1,0.1,0.10111,0.343631,0.992601,0.1,0.10458,0.220118,TOC,0.350958,0.969562,0.338588,1.1
O2,S,17,8,steady,1.5,20,1,0.1,0.100482,0.363854,0.996786,0.1,0.10451,0.165638,TOC,0.365651,0.970036,0.298562,0.95
O2,S,17,9,steady,1.5,20,1,0.1,0.10094,0.409754,0.993737,0.1,0.105771,0.163382,TOC,0.40757,0.96185,0.191596,0.9
O2,S,17,10,steady,1.5,20,1,0.1,0.111007,0.412411,0.927211,0.1,0.129251,0.192239,TOC,0.41018,0.816411,0.145135,0.9
O2,S,17,11,first_storm,3,20,1,0.1,0.105032,0.421456,0.966735,0.1,0.115142,0.180841,TOC,0.409397,0.903778,0.0458048,0.9
O2,S,17,12,after_storm,2.5,20,1,0.1,0.125036,0.372265,0.837794,0.1,0.109003,0.154282,TOC,0.373531,0.940763,0.0434716,0.9
O2,S,18,4,falling,2,20,1,0.1,0.10473,0.39432,0.968497,0.1,0.101928,0.319596,TOC,0.388736,0.987152,0.0246804,0.9
O2,S,18,5,falling,1.5,20,1,0.25,0.139785,0.418641,0.740057,0.1,0.12606,0.334395,TOC,0.416641,0.828225,0.138867,0.95
O2,S,18,6,falling,1.5,20,1,0.1,0.14757,0.388829,0.689314,0.25,0.176554,0.0623429,TOC,0.402667,0.496767,0.368593,0.95
O2,S,18,7,falling,1.5,20,1,0.1,0.108172,0.335747,0.945652,0.1,0.119977,0.177557,TOC,0.353521,0.867629,0.15749,0.95
O2,S,18,8,steady,1.5,20,1,0.1,0.100518,0.320215,0.996545,0.1,0.104543,0.161923,TOC,0.348508,0.969812,0.0595838,0.95
O2,S,18,9,steady,1.5,20,1,0.1,0.110589,0.380534,0.929717,0.1,0.131413,0.198662,TOC,0.357757,0.800767,0.0279337,0.9
O2,S,18,10,steady,1.5,20,1,0.1,0.105287,0.383445,0.96482,0.1,0.12138,0.193528,TOC,0.373177,0.860843,0.00918787,0.9
O2,S,18,11,first_storm,3,20,1,0.1,0.108871,0.439769,0.941068,0.1,0.128694,0.204126,TOC,0.42416,0.816405,0.0791723,0.95
O2,S,18,12,after_storm,2.5,20,1,0.1,0.10141,0.472086,0.990613,0.1,0.103009,0.0493062,TOC,0.46438,0.979968,0.0204546,0.9
O2,S,19,4,falling,2,20,1,0.1,0.107318,0.381103,0.951461,0.1,0.10329,0.317055,TOC,0.372,0.978148,0.131083,0.95
O2,S,19,5,falling,1.5,20,1,0.1,0.114646,0.369085,0.902642,0.1,0.108483,0.219715,TOC,0.358428,0.94352,0.0992118,1.05
O2,S,19,6,falling,1.5,20,1,0.1,0.102271,0.406562,0.98486,0.1,0.104921,0.154815,TOC,0.401575,0.967197,0.373042,0.9
O2,S,19,7,falling,1.5,20,1,0.1,0.100093,0.396199,0.999382,0.1,0.100696,0.107387,TOC,0.371397,0.995364,0.359875,1.05
O2,S,19,8,steady,1.5,20,1,0.1,0.100092,0.381423,0.99939,0.1,0.101495,0.134514,TOC,0.359653,0.990037,0.226576,0.95
O2,S,19,9,steady,1.5,20,1,0.1,0.100077,0.377675,0.999489,0.1,0.100978,0.119795,TOC,0.366025,0.99349,0.27305,1.05
O2,S,19,10,steady,1.5,20,1,0.1,0.100297,0.409856,0.99802,0.1,0.102846,0.140765,TOC,0.369126,0.981063,0.249399,1
O2,S,19,11,first_storm,3,20,1,0.1,0.103606,0.338855,0.975962,0.1,0.116257,0.189945,TOC,0.351263,0.893013,0.166278,0.95
O2,S,19,12,after_storm,2.5,20,1,0.1,0.109823,0.370575,0.934587,0.1,0.105687,0.368276,TOC,0.369508,0.96219,0.0439788,0.9
O2,S,20,4,falling,2,20,1,0.1,0.115714,0.410181,0.895948,0.1,0.107424,0.304062,TOC,0.402403,0.950724,0.102648,0.9
O2,S,20,5,falling,1.5,20,1,0.1,0.135454,0.366992,0.765101,0.1,0.118447,0.204529,TOC,0.372608,0.877353,0.33362,1
O2,S,20,6,falling,1.5,20,1,0.1,0.105654,0.380726,0.962468,0.1,0.104181,0.283225,TOC,0.384867,0.972247,0.0291,1
O2,S,20,7,falling,1.5,20,1,0.1,0.101974,0.365303,0.98684,0.1,0.105029,0.264419,TOC,0.379499,0.966629,0.0734081,1.1
O2,S,20,8,steady,1.5,20,1,0.1,0.100835,0.403256,0.994437,0.1,0.106417,0.170437,TOC,0.366387,0.95742,0.283015,1
O2,S,20,9,steady,1.5,20,1,0.1,0.100179,0.420695,0.998809,0.1,0.103136,0.162768,TOC,0.437782,0.979114,0.766073,0.95
O2,S,20,10,steady,1.5,20,1,0.1,0.105577,0.444562,0.962859,0.1,0.125317,0.207573,TOC,0.418574,0.834371,0.433666,0.9
O2,S,20,11,first_storm,3,20,1,0.1,0.110271,0.398943,0.931647,0.1,0.132009,0.199243,TOC,0.409026,0.794438,0.140361,0.95
O2,S,20,12,after_storm,2.5,20,1,0.1,0.152864,0.422097,0.6556,0.25,0.163816,0.182791,TOC,0.421166,0.596908,0.237212,0.9
O2,S,21,4,falling,2,20,1,0.1,0.116373,0.394105,0.891155,0.1,0.106939,0.298838,TOC,0.402302,0.953832,0.440724,0.9
O2,S,21,5,falling,1.5,20,1,0.1,0.114093,0.394362,0.906147,0.1,0.106791,0.256993,TOC,0.403227,0.954755,0.410327,0.9
O2,S,21,6,falling,1.5,20,1,0.1,0.102353,0.365279,0.984315,0.1,0.102699,0.160211,TOC,0.366068,0.982015,0.0864319,1.1
O2,S,21,7,falling,1.5,20,1,0.1,0.100842,0.395849,0.994389,0.1,0.102533,0.185645,TOC,0.375993,0.983127,0.324256,1.05
O2,S,21,8,steady,1.5,20,1,0.1,0.100186,0.388305,0.998758,0.1,0.102539,0.146361,TOC,0.342369,0.98309,0.257756,1
O2,S,21,9,steady,1.5,20,1,0.1,0.100319,0.377048,0.997874,0.1,0.104461,0.165824,TOC,0.341241,0.970294,0.223906,1
O2,S,21,10,steady,1.5,20,1,0.1,0.100298,0.360103,0.998012,0.1,0.102965,0.148468,TOC,0.361932,0.980277,0.0901063,0.95
O2,S,21,11,first_storm,3,20,1,0.1,0.100117,0.42025,0.999217,0.1,0.10114,0.11617,TOC,0.383826,0.992414,0.225247,0.95
O2,S,21,12,after_storm,2.5,20,1,0.1,0.100789,0.456931,0.994745,0.1,0.103782,0.00930196,TOC,0.449869,0.974835,0.0724237,0.9
O2,S,22,4,falling,2,20,1,0.1,0.106533,0.405027,0.956811,0.1,0.102975,0.306298,TOC,0.444395,0.980291,0.0151435,0.9
O2,S,22,5,falling,1.5,20,1,0.1,0.102172,0.379658,0.985576,0.1,0.10111,0.395174,TOC,0.378021,0.992626,0.00363179,0.95
O2,S,22,6,falling,1.5,20,1,0.1,0.101663,0.333055,0.988923,0.1,0.101017,0.37455,TOC,0.330776,0.993225,0.00516719,1
O2,S,22,7,falling,1.5,20,1,0.1,0.113694,0.317501,0.910891,0.1,0.126234,0.16258,TOC,0.312739,0.834535,0.0191295,1.05
O2,S,22,8,steady,1.5,20,1,0.1,0.122771,0.331451,0.853152,0.25,0.149531,0.19792,TOC,0.326687,0.704851,0.031835,0.9
O2,S,22,9,steady,1.5,20,1,0.1,0.107034,0.336537,0.953605,0.1,0.11985,0.1818,TOC,0.345591,0.874801,0.0504831,1
O2,S,22,10,steady,1.5,20,1,0.1,0.100636,0.382454,0.995768,0.1,0.103428,0.142442,TOC,0.380276,0.97739,0.00588757,0.95
O2,S,22,11,first_storm,3,20,1,0.1,0.100143,0.405642,0.999044,0.1,0.101327,0.127527,TOC,0.389328,0.991183,0.00261583,0.95
O2,S,22,12,after_storm,2.5,20,1,0.1,0.100237,0.417451,0.998418,0.1,0.100209,0.21865,TOC,0.418095,0.998606,0.00100292,0.9
O2,S,23,4,falling,2,20,1,0.1,0.100477,0.322132,0.996821,0.1,0.100233,0.430992,TOC,0.334736,0.998446,0.217272,1
O2,S,23,5,falling,1.5,20,1,0.1,0.100075,0.389829,0.999499,0.1,0.100039,0.401862,TOC,0.39377,0.999739,0.179582,0.95
O2,S,23,6,falling,1.5,20,1,0.1,0.100064,0.375094,0.999574,0.1,0.100062,0.25092,TOC,0.388419,0.999587,0.171182,0.9
O2,S,23,7,falling,1.5,20,1,0.1,0.100236,0.364833,0.998429,0.1,0.10085,0.134296,TOC,0.363537,0.994339,0.0941664,0.95
O2,S,23,8,steady,1.5,20,1,0.1,0.100337,0.452096,0.997751,0.1,0.102726,0.138398,TOC,0.421215,0.981892,0.220822,0.95
O2,S,23,9,steady,1.5,20,1,0.1,0.100256,0.546282,0.998293,0.1,0.101487,0.11056,TOC,0.515569,0.990132,0.518855,0.9
O2,S,23,10,steady,1.5,20,1,0.1,0.10104,0.484983,0.993073,0.1,0.106101,0.159392,TOC,0.463679,0.959657,0.332071,0.95
O2,S,23,11,first_storm,3,20,1,0.1,0.103804,0.405493,0.9747,0.1,0.113897,0.178201,TOC,0.397338,0.909667,0.445413,0.95
O2,S,23,12,after_storm,2.5,20,1,0.1,0.111656,0.344326,0.922372,0.1,0.102782,0.140278,TOC,0.33668,0.981467,0.122579,0.95
O3,C,16,4,falling,2,20,1,0.1,0.105886,0.440322,0.961108,0.1,0.105886,0.25,TOC,0.440322,0.961108,0.0710753,0.9
O3,C,16,5,falling,2,20,1,0.1,0.106602,0.36336,0.956205,0.1,0.106602,0.25,TOC,0.36336,0.956205,0.0473799,0.9
O3,C,16,6,falling,2,20,1,0.1,0.100608,0.376474,0.99595,0.1,0.100608,0.25,TOC,0.376474,0.99595,0.0315954,0.95
O3,C,16,7,falling,2,20,1,0.1,0.10072,0.388078,0.995202,0.1,0.10072,0.25,TOC,0.388078,0.995202,0.491088,0.9
O3,C,16,8,steady,2,20,1,0.1,0.101399,0.41765,0.990684,0.1,0.101399,0.25,TOC,0.41765,0.990684,0.356194,0.9
O3,C,16,9,steady,2,20,1,0.1,0.112002,0.41817,0.920922,0.1,0.112002,0.25,TOC,0.41817,0.920922,0.185178,0.9
O3,C,16,10,steady,2,20,1,0.1,0.100735,0.321101,0.995108,0.1,0.100735,0.25,TOC,0.321101,0.995108,0.00288173,0.95
O3,C,16,11,first_storm,2,20,1,0.1,0.10066,0.380911,0.99561,0.1,0.10066,0.25,TOC,0.380911,0.99561,0.0188088,0.9
O3,C,16,12,after_storm,2,20,1,0.1,0.101087,0.410148,0.992755,0.1,0.101087,0.25,TOC,0.410148,0.992755,0.0103288,0.95
O3,C,17,4,falling,2,20,1,0.1,0.102537,0.339074,0.98314,0.1,0.102537,0.25,TOC,0.339074,0.98314,0.145196,0.95
O3,C,17,5,falling,2,20,1,0.1,0.103829,0.344822,0.974519,0.1,0.103829,0.25,TOC,0.344822,0.974519,0.285113,1
O3,C,17,6,falling,2,20,1,0.1,0.102538,0.333959,0.983094,0.1,0.102538,0.25,TOC,0.333959,0.983094,0.270117,1.05
O3,C,17,7,falling,2,20,1,0.1,0.100644,0.334044,0.995709,0.1,0.100644,0.25,TOC,0.334044,0.995709,0.468139,1
O3,C,17,8,steady,2,20,1,0.1,0.100334,0.360402,0.997775,0.1,0.100334,0.25,TOC,0.360402,0.997775,0.402221,1
O3,C,17,9,steady,2,20,1,0.1,0.100677,0.407511,0.995488,0.1,0.100677,0.25,TOC,0.407511,0.995488,0.249625,0.9
O3,C,17,10,steady,2,20,1,0.1,0.108196,0.415386,0.945671,0.1,0.108196,0.25,TOC,0.415386,0.945671,0.154961,0.9
O3,C,17,11,first_storm,2,20,1,0.1,0.103974,0.42453,0.973679,0.1,0.103974,0.25,TOC,0.42453,0.973679,0.045984,0.9
O3,C,17,12,after_storm,2,20,1,0.1,0.105135,0.354614,0.965845,0.1,0.105135,0.25,TOC,0.354614,0.965845,0.0961132,0.95
O3,C,18,4,falling,2,20,1,0.1,0.100812,0.380358,0.994586,0.1,0.100812,0.25,TOC,0.380358,0.994586,0.123589,0.95
O3,C,18,5,falling,2,20,1,0.1,0.114581,0.429999,0.902956,0.1,0.114581,0.25,TOC,0.429999,0.902956,0.183701,0.9
O3,C,18,6,falling,2,20,1,0.1,0.118443,0.379145,0.877342,0.1,0.118443,0.25,TOC,0.379145,0.877342,0.161585,0.9
O3,C,18,7,falling,2,20,1,0.1,0.10215,0.329746,0.985684,0.1,0.10215,0.25,TOC,0.329746,0.985684,0.233793,1
O3,C,18,8,steady,2,20,1,0.1,0.100306,0.315592,0.99796,0.1,0.100306,0.25,TOC,0.315592,0.99796,0.147125,1
O3,C,18,9,steady,2,20,1,0.1,0.108823,0.392365,0.941358,0.1,0.108823,0.25,TOC,0.392365,0.941358,0.0343811,0.95
O3,C,18,10,steady,2,20,1,0.1,0.104329,0.389069,0.971185,0.1,0.104329,0.25,TOC,0.389069,0.971185,0.0106996,0.95
O3,C,18,11,first_storm,2,20,1,0.1,0.107591,0.445752,0.94954,0.1,0.107591,0.25,TOC,0.445752,0.94954,0.0494852,0.9
O3,C,18,12,after_storm,2,20,1,0.1,0.10032,0.478751,0.997867,0.1,0.10032,0.25,TOC,0.478751,0.997867,0.0327262,0.9
O3,C,19,4,falling,2,20,1,0.1,0.101758,0.400953,0.988288,0.1,0.101758,0.25,TOC,0.400953,0.988288,0.313767,0.9
O3,C,19,5,falling,2,20,1,0.1,0.102755,0.370508,0.98164,0.1,0.102755,0.25,TOC,0.370508,0.98164,0.230145,0.95
O3,C,19,6,falling,2,20,1,0.1,0.100457,0.461503,0.996952,0.1,0.100457,0.25,TOC,0.461503,0.996952,0.650522,0.9
O3,C,19,7,falling,2,20,1,0.1,0.100033,0.416861,0.999777,0.1,0.100033,0.25,TOC,0.416861,0.999777,0.633516,0.9
O3,C,19,8,steady,2,20,1,0.1,0.100053,0.391717,0.999649,0.1,0.100053,0.25,TOC,0.391717,0.999649,0.439478,0.9
O3,C,19,9,steady,2,20,1,0.1,0.100058,0.376871,0.999614,0.1,0.100058,0.25,TOC,0.376871,0.999614,0.456285,0.95
O3,C,19,10,steady,2,20,1,0.1,0.100226,0.424158,0.998496,0.1,0.100226,0.25,TOC,0.424158,0.998496,0.481402,0.9
O3,C,19,11,first_storm,2,20,1,0.1,0.10244,0.348146,0.983738,0.1,0.10244,0.25,TOC,0.348146,0.983738,0.255399,1
O3,C,19,12,after_storm,2,20,1,0.1,0.104822,0.342306,0.967871,0.1,0.104822,0.25,TOC,0.342306,0.967871,0.130829,0.95
O3,C,20,4,falling,2,20,1,0.1,0.103778,0.401857,0.974831,0.1,0.103778,0.25,TOC,0.401857,0.974831,0.229619,0.95
O3,C,20,5,falling,2,20,1,0.1,0.106644,0.401899,0.955734,0.1,0.106644,0.25,TOC,0.401899,0.955734,0.532921,0.9
O3,C,20,6,falling,2,20,1,0.1,0.103624,0.363635,0.975875,0.1,0.103624,0.25,TOC,0.363635,0.975875,0.0668557,1.05
O3,C,20,7,falling,2,20,1,0.1,0.101423,0.356802,0.990515,0.1,0.101423,0.25,TOC,0.356802,0.990515,0.147268,1
O3,C,20,8,steady,2,20,1,0.1,0.100666,0.413019,0.995563,0.1,0.100666,0.25,TOC,0.413019,0.995563,0.450729,0.9
O3,C,20,9,steady,2,20,1,0.1,0.100151,0.424026,0.998991,0.1,0.100151,0.25,TOC,0.424026,0.998991,0.895712,0.9
O3,C,20,10,steady,2,20,1,0.1,0.103958,0.453014,0.973635,0.1,0.103958,0.25,TOC,0.453014,0.973635,0.541256,0.9
O3,C,20,11,first_storm,2,20,1,0.1,0.107143,0.405172,0.95243,0.1,0.107143,0.25,TOC,0.405172,0.95243,0.102741,0.9
O3,C,20,12,after_storm,2,20,1,0.1,0.142397,0.388905,0.71996,0.1,0.142397,0.25,TOC,0.388905,0.71996,0.253405,1
O3,C,21,4,falling,2,20,1,0.1,0.102356,0.431949,0.984295,0.1,0.102356,0.25,TOC,0.431949,0.984295,0.70856,0.9
O3,C,21,5,falling,2,20,1,0.1,0.102252,0.429892,0.984988,0.1,0.102252,0.25,TOC,0.429892,0.984988,0.696892,0.9
O3,C,21,6,falling,2,20,1,0.1,0.10064,0.374984,0.995732,0.1,0.10064,0.25,TOC,0.374984,0.995732,0.250136,1
O3,C,21,7,falling,2,20,1,0.1,0.100354,0.400028,0.99764,0.1,0.100354,0.25,TOC,0.400028,0.99764,0.563049,0.95
O3,C,21,8,steady,2,20,1,0.1,0.100119,0.40384,0.999204,0.1,0.100119,0.25,TOC,0.40384,0.999204,0.49171,1.05
O3,C,21,9,steady,2,20,1,0.1,0.100173,0.395246,0.998843,0.1,0.100173,0.25,TOC,0.395246,0.998843,0.467359,0.9
O3,C,21,10,steady,2,20,1,0.1,0.100203,0.367842,0.998647,0.1,0.100203,0.25,TOC,0.367842,0.998647,0.231858,0.95
O3,C,21,11,first_storm,2,20,1,0.1,0.100091,0.432944,0.99939,0.1,0.100091,0.25,TOC,0.432944,0.99939,0.445839,0.9
O3,C,21,12,after_storm,2,20,1,0.1,0.100194,0.454784,0.998707,0.1,0.100194,0.25,TOC,0.454784,0.998707,0.246176,0.95
O3,C,22,4,falling,2,20,1,0.1,0.102275,0.418479,0.9849,0.1,0.102275,0.25,TOC,0.418479,0.9849,0.0307285,0.9
O3,C,22,5,falling,2,20,1,0.1,0.100793,0.365363,0.99473,0.1,0.100793,0.25,TOC,0.365363,0.99473,0.0080291,0.95
O3,C,22,6,falling,2,20,1,0.1,0.100648,0.394829,0.995682,0.1,0.100648,0.25,TOC,0.394829,0.995682,0.00786677,0.9
O3,C,22,7,falling,2,20,1,0.1,0.109057,0.335842,0.940573,0.1,0.109057,0.25,TOC,0.335842,0.940573,0.0259679,0.95
O3,C,22,8,steady,2,20,1,0.1,0.119889,0.340348,0.871248,0.1,0.119889,0.25,TOC,0.340348,0.871248,0.035155,0.9
O3,C,22,9,steady,2,20,1,0.1,0.105734,0.333927,0.962099,0.1,0.105734,0.25,TOC,0.333927,0.962099,0.048314,1
O3,C,22,10,steady,2,20,1,0.1,0.100585,0.390652,0.996113,0.1,0.100585,0.25,TOC,0.390652,0.996113,0.00375526,0.9
O3,C,22,11,first_storm,2,20,1,0.1,0.100108,0.419532,0.999278,0.1,0.100108,0.25,TOC,0.419532,0.999278,0.00527802,0.9
O3,C,22,12,after_storm,2,20,1,0.1,0.100058,0.412233,0.999614,0.1,0.100058,0.25,TOC,0.412233,0.999614,0.00162439,0.9
O3,C,23,4,falling,2,20,1,0.1,0.100086,0.409492,0.999423,0.1,0.100086,0.25,TOC,0.409492,0.999423,0.545583,0.9
O3,C,23,5,falling,2,20,1,0.1,0.100016,0.442006,0.999894,0.1,0.100016,0.25,TOC,0.442006,0.999894,0.451908,0.9
O3,C,23,6,falling,2,20,1,0.1,0.100034,0.407787,0.999777,0.1,0.100034,0.25,TOC,0.407787,0.999777,0.262757,0.95
O3,C,23,7,falling,2,20,1,0.1,0.100136,0.385189,0.999096,0.1,0.100136,0.25,TOC,0.385189,0.999096,0.24696,0.95
O3,C,23,8,steady,2,20,1,0.1,0.100256,0.468582,0.998295,0.1,0.100256,0.25,TOC,0.468582,0.998295,0.419994,0.9
O3,C,23,9,steady,2,20,1,0.1,0.100215,0.554678,0.998565,0.1,0.100215,0.25,TOC,0.554678,0.998565,0.660837,0.9
O3,C,23,10,steady,2,20,1,0.1,0.100868,0.491555,0.994218,0.1,0.100868,0.25,TOC,0.491555,0.994218,0.461393,0.9
O3,C,23,11,first_storm,2,20,1,0.1,0.103038,0.411758,0.979779,0.1,0.103038,0.25,TOC,0.411758,0.979779,0.501164,0.9
O3,C,23,12,after_storm,2,20,1,0.1,0.101237,0.364936,0.991752,0.1,0.101237,0.25,TOC,0.364936,0.991752,0.324468,1
O3,S,16,4,falling,2,20,1,0.1,0.109234,0.426706,0.939331,0.1,0.104844,0.32261,TOC,0.436105,0.968014,0.0564804,0.9
O3,S,16,5,falling,1.5,20,1,0.1,0.108448,0.360706,0.944085,0.1,0.10586,0.251788,TOC,0.363667,0.961074,0.0425288,0.9
O3,S,16,6,falling,1.5,20,1,0.1,0.100568,0.374226,0.99622,0.1,0.101198,0.128269,TOC,0.378845,0.992032,0.0382791,1
O3,S,16,7,falling,1.5,20,1,0.1,0.100466,0.392373,0.996897,0.1,0.101652,0.156054,TOC,0.386755,0.989008,0.488821,0.95
O3,S,16,8,steady,1.5,20,1,0.1,0.100808,0.417146,0.994617,0.1,0.105593,0.158183,TOC,0.418246,0.962977,0.35959,0.9
O3,S,16,9,steady,1.5,20,1,0.1,0.108789,0.430576,0.941741,0.1,0.123553,0.186877,TOC,0.415723,0.851919,0.192402,0.9
O3,S,16,10,steady,1.5,20,1,0.1,0.100512,0.31753,0.996592,0.1,0.103003,0.14289,TOC,0.322717,0.980151,0.00300183,0.95
O3,S,16,11,first_storm,3,20,1,0.1,0.100439,0.417087,0.997076,0.1,0.102392,0.129018,TOC,0.387172,0.984189,0.0174477,0.95
O3,S,16,12,after_storm,2.5,20,1,0.1,0.101398,0.415363,0.990687,0.1,0.100674,0.236975,TOC,0.407849,0.99551,0.00532914,0.95
O3,S,17,4,falling,2,20,1,0.1,0.103976,0.338853,0.973612,0.1,0.101845,0.344271,TOC,0.339109,0.987741,0.119041,0.95
O3,S,17,5,falling,1.5,20,1,0.1,0.106262,0.334582,0.958372,0.1,0.10289,0.206908,TOC,0.34355,0.980765,0.269795,1
O3,S,17,6,falling,1.5,20,1,0.1,0.102635,0.341455,0.982454,0.1,0.11011,0.0645254,TOC,0.329368,0.932761,0.302098,1.05
O3,S,17,7,falling,1.5,20,1,0.1,0.100398,0.323573,0.997345,0.1,0.102048,0.202766,TOC,0.333706,0.986364,0.462608,1
O3,S,17,8,steady,1.5,20,1,0.1,0.100178,0.362318,0.998811,0.1,0.102175,0.145342,TOC,0.362222,0.985525,0.406909,1
O3,S,17,9,steady,1.5,20,1,0.1,0.100381,0.402789,0.997459,0.1,0.102949,0.146034,TOC,0.408458,0.98043,0.257878,0.9
O3,S,17,10,steady,1.5,20,1,0.1,0.105329,0.426933,0.964581,0.1,0.117456,0.182078,TOC,0.424093,0.887406,0.198551,0.9
O3,S,17,11,first_storm,3,20,1,0.1,0.103219,0.427482,0.978616,0.1,0.110371,0.166297,TOC,0.427792,0.933059,0.0673801,0.9
O3,S,17,12,after_storm,2.5,20,1,0.1,0.112773,0.360023,0.915539,0.1,0.103979,0.198487,TOC,0.355874,0.973616,0.0630912,0.95
O3,S,18,4,falling,2,20,1,0.1,0.101748,0.388442,0.988352,0.1,0.100718,0.356294,TOC,0.384982,0.995211,0.0834325,0.95
O3,S,18,5,falling,1.5,20,1,0.1,0.11934,0.421261,0.87148,0.1,0.111039,0.315478,TOC,0.425363,0.926542,0.130679,0.9
O3,S,18,6,falling,1.5,20,1,0.1,0.122499,0.378297,0.85057,0.1,0.140121,0.0716175,TOC,0.384043,0.733125,0.280725,0.9
O3,S,18,7,falling,1.5,20,1,0.1,0.101596,0.346874,0.989371,0.1,0.104499,0.191217,TOC,0.326342,0.970092,0.207361,1
O3,S,18,8,steady,1.5,20,1,0.1,0.100174,0.335043,0.99884,0.1,0.102179,0.141971,TOC,0.320989,0.985492,0.135891,0.95
O3,S,18,9,steady,1.5,20,1,0.1,0.108201,0.400225,0.945459,0.1,0.125674,0.194127,TOC,0.386312,0.835259,0.0407852,0.95
O3,S,18,10,steady,1.5,20,1,0.1,0.103734,0.397308,0.975141,0.1,0.116744,0.188422,TOC,0.39015,0.890462,0.0139528,0.95
O3,S,18,11,first_storm,3,20,1,0.1,0.105327,0.449742,0.964566,0.1,0.119604,0.195885,TOC,0.444946,0.873069,0.0824878,0.9
O3,S,18,12,after_storm,2.5,20,1,0.1,0.100683,0.494862,0.99545,0.1,0.10099,0.0542793,TOC,0.484049,0.993405,0.0287583,0.9
O3,S,19,4,falling,2,20,1,0.1,0.103097,0.370106,0.979392,0.1,0.101358,0.339404,TOC,0.392213,0.990958,0.278593,0.9
O3,S,19,5,falling,1.5,20,1,0.1,0.1043,0.367002,0.971351,0.1,0.102164,0.23884,TOC,0.36615,0.985575,0.188438,0.95
O3,S,19,6,falling,1.5,20,1,0.1,0.100487,0.455354,0.996751,0.1,0.101031,0.146392,TOC,0.455542,0.993124,0.614525,0.9
O3,S,19,7,falling,1.5,20,1,0.1,0.100025,0.423077,0.999833,0.1,0.100242,0.102854,TOC,0.414238,0.998389,0.611878,0.9
O3,S,19,8,steady,1.5,20,1,0.1,0.100027,0.409262,0.999819,0.1,0.100695,0.118009,TOC,0.383307,0.995367,0.394908,1
O3,S,19,9,steady,1.5,20,1,0.1,0.100039,0.378071,0.999739,0.1,0.100608,0.107921,TOC,0.373133,0.995952,0.404215,1
O3,S,19,10,steady,1.5,20,1,0.1,0.100133,0.455656,0.999114,0.1,0.10186,0.131617,TOC,0.411383,0.98761,0.426943,0.9
O3,S,19,11,first_storm,3,20,1,0.1,0.102056,0.379798,0.986291,0.1,0.112055,0.183271,TOC,0.350986,0.920202,0.256728,1
O3,S,19,12,after_storm,2.5,20,1,0.1,0.105087,0.348018,0.966105,0.1,0.103408,0.401546,TOC,0.349219,0.977315,0.0735494,0.95
O3,S,20,4,falling,2,20,1,0.1,0.10777,0.400126,0.948303,0.1,0.103338,0.319435,TOC,0.400985,0.977783,0.179564,0.95
O3,S,20,5,falling,1.5,20,1,0.1,0.114938,0.385527,0.900588,0.1,0.106107,0.20995,TOC,0.400512,0.959325,0.494096,0.9
O3,S,20,6,falling,1.5,20,1,0.1,0.103112,0.362422,0.979285,0.1,0.102345,0.274298,TOC,0.362212,0.984385,0.0622877,1.05
O3,S,20,7,falling,1.5,20,1,0.1,0.10064,0.359824,0.995734,0.1,0.102224,0.241819,TOC,0.360323,0.985199,0.153088,1
O3,S,20,8,steady,1.5,20,1,0.1,0.100288,0.420456,0.998081,0.1,0.103233,0.151425,TOC,0.402507,0.97849,0.427106,0.9
O3,S,20,9,steady,1.5,20,1,0.1,0.100062,0.412025,0.999584,0.1,0.101397,0.145918,TOC,0.419684,0.990695,0.87087,0.9
O3,S,20,10,steady,1.5,20,1,0.1,0.102498,0.446935,0.983354,0.1,0.114659,0.195574,TOC,0.441715,0.90335,0.520456,0.9
O3,S,20,11,first_storm,3,20,1,0.1,0.104495,0.407924,0.970048,0.1,0.119346,0.193686,TOC,0.408812,0.873285,0.15245,0.9
O3,S,20,12,after_storm,2.5,20,1,0.1,0.133517,0.38609,0.778272,0.1,0.144164,0.18044,TOC,0.389374,0.712416,0.231462,1
O3,S,21,4,falling,2,20,1,0.1,0.105625,0.418428,0.962521,0.1,0.102087,0.310523,TOC,0.427504,0.986091,0.662012,0.9
O3,S,21,5,falling,1.5,20,1,0.1,0.103949,0.424873,0.97368,0.1,0.10165,0.269351,TOC,0.427806,0.989,0.668315,0.9
O3,S,21,6,falling,1.5,20,1,0.1,0.100725,0.376908,0.995165,0.1,0.100846,0.16485,TOC,0.373367,0.994358,0.237075,1
O3,S,21,7,falling,1.5,20,1,0.1,0.100233,0.397149,0.998447,0.1,0.10088,0.183391,TOC,0.397485,0.994135,0.51856,1.1
O3,S,21,8,steady,1.5,20,1,0.1,0.100059,0.419175,0.999607,0.1,0.101178,0.125435,TOC,0.384747,0.992152,0.422986,1.05
O3,S,21,9,steady,1.5,20,1,0.1,0.100086,0.415606,0.999424,0.1,0.101998,0.144992,TOC,0.370882,0.986687,0.389291,1
O3,S,21,10,steady,1.5,20,1,0.1,0.100119,0.395237,0.999206,0.1,0.10162,0.131444,TOC,0.364389,0.989211,0.197665,0.95
O3,S,21,11,first_storm,3,20,1,0.1,0.100073,0.460476,0.999511,0.1,0.100906,0.108903,TOC,0.42735,0.993966,0.425329,0.9
O3,S,21,12,after_storm,2.5,20,1,0.1,0.100652,0.477718,0.995657,0.1,0.102447,0.0127409,TOC,0.448707,0.983699,0.214531,0.9
O3,S,22,4,falling,2,20,1,0.1,0.103763,0.451738,0.975071,0.1,0.101809,0.347404,TOC,0.435563,0.987997,0.0280211,0.9
O3,S,22,5,falling,1.5,20,1,0.1,0.101177,0.366695,0.992174,0.1,0.100612,0.401554,TOC,0.366385,0.995926,0.00623397,0.95
O3,S,22,6,falling,1.5,20,1,0.1,0.100744,0.398162,0.995043,0.1,0.100475,0.383317,TOC,0.393812,0.996839,0.00588851,0.9
O3,S,22,7,falling,1.5,20,1,0.1,0.107524,0.346794,0.950529,0.1,0.114504,0.165784,TOC,0.337061,0.906621,0.0249164,0.95
O3,S,22,8,steady,1.5,20,1,0.1,0.114544,0.368534,0.905243,0.1,0.135819,0.189686,TOC,0.344853,0.780303,0.0328157,0.9
O3,S,22,9,steady,1.5,20,1,0.1,0.104347,0.328848,0.971183,0.1,0.113674,0.176378,TOC,0.336682,0.912423,0.0634884,1
O3,S,22,10,steady,1.5,20,1,0.1,0.100419,0.406107,0.997216,0.1,0.102284,0.137143,TOC,0.384868,0.984917,0.0075189,0.95
O3,S,22,11,first_storm,3,20,1,0.1,0.100083,0.423192,0.999447,0.1,0.10075,0.11313,TOC,0.41516,0.995017,0.00644231,0.9
O3,S,22,12,after_storm,2.5,20,1,0.1,0.10009,0.409668,0.9994,0.1,0.100074,0.240943,TOC,0.414116,0.999507,0.00210678,0.9
O3,S,23,4,falling,2,20,1,0.1,0.100164,0.364839,0.998908,0.1,0.100083,0.470265,TOC,0.391428,0.999448,0.480516,0.9
O3,S,23,5,falling,1.5,20,1,0.1,0.100024,0.407024,0.999838,0.1,0.100013,0.443039,TOC,0.434456,0.999916,0.412693,0.9
O3,S,23,6,falling,1.5,20,1,0.1,0.100035,0.400514,0.999767,0.1,0.100031,0.251868,TOC,0.41573,0.999794,0.319728,0.95
O3,S,23,7,falling,1.5,20,1,0.1,0.1001,0.406213,0.999336,0.1,0.100427,0.126636,TOC,0.385843,0.997156,0.258753,0.95
O3,S,23,8,steady,1.5,20,1,0.1,0.10013,0.506306,0.999133,0.1,0.101413,0.125714,TOC,0.464396,0.990596,0.413427,0.9
O3,S,23,9,steady,1.5,20,1,0.1,0.10013,0.571654,0.999137,0.1,0.101003,0.104641,TOC,0.548774,0.993332,0.64887,0.9
O3,S,23,10,steady,1.5,20,1,0.1,0.100483,0.517579,0.996784,0.1,0.103617,0.148343,TOC,0.489432,0.976001,0.461677,0.9
O3,S,23,11,first_storm,3,20,1,0.1,0.10206,0.428342,0.986281,0.1,0.109138,0.16853,TOC,0.413576,0.939983,0.541713,0.9
O3,S,23,12,after_storm,2.5,20,1,0.1,0.104551,0.358285,0.969672,0.1,0.101157,0.178949,TOC,0.356007,0.992291,0.268516,1
