junction,nominal_age_daily_mean_h,nominal_age_daily_max_h,range_daily_mean_lo_h,range_daily_mean_hi_h,range_daily_max_lo_h,range_daily_max_hi_h,initial_share_daily_mean,initial_share_daily_max,lower_bound_daily_mean,lower_bound_daily_max
1,1.4583333333333333,6.0,1.4583333333333333,1.4583333333333333,6.0,6.0,0.0,0.0,False,False
2,2.1862344766656556,7.50015115737915,2.136105847855409,2.23702664176623,7.460144519805908,7.560390949249268,0.0,0.0,False,False
3,3.1630354722340903,7.649606704711914,2.9519037678837776,3.3399504398306212,7.539152145385742,8.027077674865723,0.0,0.0,False,False
4,4.038676515221596,9.121894836425781,3.792632276813189,4.508971403042476,8.135397911071777,9.364554405212402,0.0,0.0,False,False
5,2.7542299578587213,7.9226155281066895,2.6495323479175568,2.9565441434582076,7.801296234130859,8.048611640930176,0.0,0.0,False,False
6,3.143311152855555,8.090277671813965,2.8667356123526893,3.6397246966759362,8.050629615783691,8.253767967224121,0.0,0.0,False,False
7,18.943523466587067,95.63919830322266,15.163856337467829,22.81780630846818,88.16920471191406,103.84187316894531,0.050033826,0.30458897,True,True
8,23.19416832923889,103.63906860351562,17.75875500837962,24.823449552059174,95.16920471191406,110.39055633544922,0.035657972,0.3045889,False,True
9,25.554152627786,95.63923645019531,20.215673506259918,25.55415391921997,88.16920471191406,103.84187316894531,0.07236662,0.3045889,True,True
10,36.24466609954834,110.35405731201172,29.432280381520588,38.06437500317892,101.8663101196289,114.91435241699219,0.05694391,0.33765218,True,True
11,29.710319712758064,95.63929748535156,27.925612688064575,30.36117049554984,88.16920471191406,103.84187316894531,0.085379936,0.3045889,True,True
12,38.71021836002668,95.63936614990234,34.909459590911865,45.53791962067286,88.16920471191406,103.84187316894531,0.11459505,0.30458874,True,True
13,44.467518662412964,96.63925170898438,41.69593998789787,48.19190667072932,88.16920471191406,104.84187316894531,0.13307184,0.30458882,True,True
14,48.00199164946874,96.63925170898438,43.88293448090553,51.94313063224157,88.43578338623047,104.84187316894531,0.14383347,0.30458882,True,True
15,49.29393092791239,96.6392593383789,45.14397893846035,54.03139653801918,89.15764617919922,104.84187316894531,0.14735061,0.30458882,True,True
16,37.79784742991129,96.63927459716797,37.797846714655556,41.7101662059625,89.16920471191406,104.84187316894531,0.10840758,0.3045888,True,True
17,53.72978629668554,97.63927459716797,49.06950833400091,53.72978629668554,90.15682220458984,105.84187316894531,0.15887733,0.30458876,True,True
18,75.21812655528386,102.63927459716797,66.18095509211223,83.96089299519856,90.86673736572266,110.84187316894531,0.21944176,0.30458885,True,True
19,26.65730752547582,99.63922882080078,20.891467134157818,26.65730752547582,91.16920471191406,107.84187316894531,0.05995633,0.30458874,True,True
20,61.51706341902415,98.63932800292969,53.441109438737236,67.2066002090772,91.1146469116211,107.84187316894531,0.18167603,0.30458876,True,True
21,67.10174643993378,104.84925079345703,63.21662755807241,72.52748568852742,94.63491821289062,110.20796966552734,0.1837308,0.31436622,True,True
22,66.37872713804245,102.63934326171875,63.113300820191704,70.93759405612946,94.16920471191406,111.84187316894531,0.18651581,0.30458874,True,True
23,49.528507421414055,96.6393051147461,45.53927526871363,54.228088001410164,89.16920471191406,104.84187316894531,0.14759071,0.3045888,True,True
24,49.362822184960045,96.63927459716797,45.30668590466181,54.118351459503174,89.16920471191406,104.84187316894531,0.1473805,0.3045888,True,True
25,53.245112389326096,96.63932800292969,48.90756310025851,58.19618885715803,89.16920471191406,104.84187316894531,0.1593542,0.30458876,True,True
27,70.65312335888545,99.63912963867188,60.610061963399254,84.46036811669667,91.16920471191406,108.26302337646484,0.20987022,0.30458885,True,True
28,79.54948449134827,112.35421752929688,79.54943482081096,82.28784640630086,105.86672973632812,120.9145736694336,0.21736588,0.3697698,True,True
29,78.85639643669128,101.63919830322266,71.67249349753062,87.28960551818211,93.16920471191406,109.84180450439453,0.23288567,0.30458882,True,True
30,97.0401193300883,119.43346405029297,81.86527490615845,97.04021898905437,113.15975952148438,132.39283752441406,0.2744678,0.41407567,True,True
31,62.96059435606003,98.63907623291016,56.81291784842809,70.22855949401855,90.16920471191406,106.84187316894531,0.18596089,0.3045889,True,True
32,45.38108972708384,100.63922882080078,39.7957840959231,46.90508349736532,92.16920471191406,108.84187316894531,0.116924964,0.30458888,True,True
33,71.19931864738464,112.354248046875,64.58297109603882,73.80771787961324,105.86660766601562,118.91466522216797,0.18588682,0.33765107,True,True
34,83.49619436264038,120.96712493896484,65.76602395375569,83.49753220876057,111.41411590576172,128.0099639892578,0.21179624,0.36977,True,True
35,79.4339329401652,113.96772766113281,70.62472907702129,96.77450164159139,106.1627426147461,124.21333312988281,0.21925016,0.37146044,True,True
36,78.2494649887085,120.96708679199219,78.24938567479451,90.14146184921265,114.38967895507812,131.00990295410156,0.18040568,0.3697698,True,True
