truth,seed,n_junctions,n_excluded,rmse_h,mae_h,bias_h,band_coverage,band_coverage_daily_max,band_width_mean_h,post_rmse_h,post_mae_h,post_bias_h,post_band_coverage,post_band_width_mean_h,true_age_mean_h,nominal_age_mean_h,n_lower_bound_nominal,n_lower_bound_truth,n_lower_bound_nominal_daily_max,n_lower_bound_truth_daily_max,initial_share_nominal_median,initial_share_truth_median,n_converged,n_converged_daily_max,conv_rmse_h,conv_mae_h,conv_bias_h,conv_band_coverage,conv_band_coverage_daily_max,conv_post_rmse_h,conv_post_band_coverage,n_min,rmse_min,mae_min,bias_min,coverage90_min,n_true_viol_min,n_found_min,recall_min,false_alarms_min,n_flagged_min,map_kb,map_kw,map_gamma,map_demand,map_rough,map_dose,post_weight_on_map_hydraulics,wall_share_model_median,wall_share_truth_median,wall_share_mae,wall_share_bias,wall_share_corr,n_share_defined,nonadditivity_model_min,nonadditivity_model_max,nonadditivity_truth_min,nonadditivity_truth_max,frac_wall_dominated_model,frac_wall_dominated_truth,initial_water_share_median,initial_water_share_max,n_initial_water_over_5pct,n_unflushed_truth,closed_pipe,tank
default,0,35,0,3.7826552391052246,2.5906360149383545,0.9535455107688904,0.8,0.9714285714285714,8.576973311106363,2.987535443514924,1.99110888597835,0.2611343999497233,0.8,8.576823178998062,45.281341552734375,46.23488998413086,28,27,29,29,0.14735060930252075,0.137517511844635,6,6,0.07918259501457214,0.05941804125905037,0.05941804125905037,0.8333333333333334,0.8333333333333334,0.05641610006946575,0.8333333333333334,27,0.052319844659441624,0.04504389839991901,-0.04448392750327733,0.8888888888888888,18,18,1.0,5,23,0.1,0.3,0.5,1.0,1.0,0.9,0.18305309914471318,0.8330143690109253,0.8228662014007568,0.011256277561187744,0.008732992224395275,0.9905041405350288,34,0.9996705651283264,1.0064175128936768,0.9996529817581177,1.008309006690979,1.0,1.0,0.1472141146659851,0.27421361207962036,27,26,,
default,1,35,0,6.986860275268555,5.5557966232299805,-5.5557966232299805,0.34285714285714286,0.8571428571428571,8.576973311106363,8.934514627333312,7.342127564518911,-7.06692785435801,0.02857142857142857,4.171579591929911,51.790679931640625,46.23488998413086,28,29,29,29,0.14735060930252075,0.18240924179553986,6,6,0.4550727903842926,0.3470848500728607,-0.3470848500728607,0.16666666666666666,0.16666666666666666,0.5458059104188917,0.0,27,0.07272476896993747,0.054092740258903434,0.013811855224400628,0.7407407407407407,19,16,0.8421052631578947,3,19,0.25,0.1,1.0,1.0,0.9,0.95,0.1513367959437073,0.5616887211799622,0.8268736600875854,0.2426392287015915,-0.2426392287015915,0.9791452917676432,34,0.9992609620094299,1.0122638940811157,0.9997096061706543,1.0059840679168701,0.7941176470588235,1.0,0.14722126722335815,0.27422720193862915,27,21,,
default,2,35,0,5.209187030792236,3.8590950965881348,2.729836940765381,0.5142857142857142,0.8285714285714286,8.576973311106363,3.1581393677144582,2.0776217494246625,1.3343611654300251,0.5142857142857142,8.576823178998062,43.50505065917969,46.23488998413086,28,27,29,29,0.14735060930252075,0.13176394999027252,7,6,0.38852182030677795,0.3072279393672943,0.3072279393672943,0.14285714285714285,0.16666666666666666,0.47687936157545335,0.14285714285714285,27,0.07528598076927816,0.059499758406842705,-0.05804834080693508,0.9259259259259259,7,7,1.0,3,10,0.1,0.3,0.0,1.15,1.0,0.95,0.19008470914342215,0.7921150922775269,0.8237982988357544,0.024641647934913635,-0.02444155141711235,0.9901414411158992,34,0.9996887445449829,1.0076357126235962,0.9997164607048035,1.0079784393310547,1.0,1.0,0.12034618854522705,0.22532087564468384,27,12,,
default,3,35,0,7.762469291687012,5.516439437866211,4.462820053100586,0.2,0.6571428571428571,8.576973311106363,6.33390538731347,4.404151976512602,3.590473986905051,0.2,8.576823178998062,41.77206802368164,46.23488998413086,28,27,29,29,0.14735060930252075,0.12156412750482559,7,6,0.8791406154632568,0.5144540071487427,-0.121330127120018,0.0,0.3333333333333333,0.8157412451303568,0.0,27,0.07275182813622748,0.06364620313603177,-0.045263644828960475,0.8888888888888888,2,2,1.0,7,9,0.1,0.3,0.0,1.0,0.9,1.05,0.18179080578808957,0.8011032938957214,0.8344887495040894,0.027421386912465096,-0.027271278202533722,0.9699754014948945,34,0.9996740818023682,1.0068066120147705,0.9997401833534241,1.007898211479187,1.0,1.0,0.14723360538482666,0.2742500305175781,27,1,,
default,4,35,0,4.2204389572143555,2.8873603343963623,2.0536820888519287,0.7428571428571429,0.9142857142857143,8.576973311106363,4.0178693682091335,2.8183804278363165,1.9035744094611082,0.7428571428571429,8.57675383906989,44.18120574951172,46.23488998413086,28,27,29,29,0.14735060930252075,0.1367749124765396,7,6,1.0324186086654663,0.5428050756454468,0.5428050756454468,0.42857142857142855,0.5,0.908953993075223,0.42857142857142855,27,0.05532703242253376,0.04167319946990609,-0.005220578834536481,0.9259259259259259,7,6,0.8571428571428571,3,9,0.1,0.3,0.0,1.0,1.1,1.0,0.26053209329688853,0.801099956035614,0.7989903688430786,0.009001682512462139,-0.0010430356487631798,0.9861063394319963,34,0.9996736645698547,1.0068048238754272,0.999635636806488,1.0076000690460205,1.0,1.0,0.14722782373428345,0.2742392420768738,27,4,,
default,5,35,0,3.402711868286133,2.480865716934204,1.4110591411590576,0.7142857142857143,0.9142857142857143,8.576973311106363,2.971211047706766,1.9592693565599255,0.4101315063182078,0.7142857142857143,8.576973311106363,44.82383346557617,46.23488998413086,28,27,29,29,0.14735060930252075,0.136026069521904,7,6,0.3784469962120056,0.2606964409351349,0.006678479257971048,0.42857142857142855,0.5,0.46219068314525263,0.42857142857142855,27,0.04262017799194036,0.034980264184022884,-0.026879411618610204,1.0,10,10,1.0,3,13,0.1,0.3,0.5,1.15,1.0,0.95,0.16394571283729067,0.8268887996673584,0.8037880659103394,0.022355465218424797,0.022355465218424797,0.9922811243563326,34,0.9996861219406128,1.0071659088134766,0.9996550679206848,1.0079387426376343,1.0,1.0,0.12034618854522705,0.22532087564468384,27,16,,
default,6,35,0,7.539081573486328,5.218445777893066,-3.369795560836792,0.5428571428571428,0.11428571428571428,8.576973311106363,7.3275502939818775,5.05464019686972,-3.5884486918925984,0.5428571428571428,8.576973311106363,49.604679107666016,46.23488998413086,28,27,29,29,0.14735060930252075,0.19706054031848907,7,6,2.3804824352264404,0.9516409635543823,0.9516409635543823,0.5714285714285714,0.6666666666666666,2.1528230591544233,0.5714285714285714,27,0.05262813215867923,0.037650492956083324,-0.02634432337328976,0.9629629629629629,18,16,0.8888888888888888,1,17,0.1,0.3,1.0,1.0,0.9,1.1,0.21321945083352065,0.858073353767395,0.8263694047927856,0.02386399917304516,0.022837869822978973,0.9854986870494783,34,0.9996682405471802,1.0062408447265625,0.9996650815010071,1.0059595108032227,1.0,1.0,0.14723891019821167,0.2742600440979004,27,13,,
default,7,35,0,3.944742441177368,2.579556941986084,-0.2630992829799652,0.7714285714285715,0.9714285714285714,8.576973311106363,4.049294235787765,2.915926335583629,-1.7309014457363345,0.7714285714285715,8.576973311106363,46.49798583984375,46.23488998413086,28,27,29,29,0.14735060930252075,0.15993094444274902,7,6,0.12181392312049866,0.09768299013376236,0.06109895184636116,0.8571428571428571,0.8333333333333334,0.059511352326898775,0.8571428571428571,27,0.06011255792956575,0.04601854279476876,-0.045741175860603174,0.9629629629629629,9,9,1.0,7,16,0.25,0.3,0.5,1.15,0.9,1.1,0.21313345745711526,0.6735738515853882,0.8072147369384766,0.12682853639125824,-0.12682853639125824,0.9837441927667153,34,0.9992570877075195,1.013231635093689,0.9996581673622131,1.0078544616699219,1.0,1.0,0.12036073207855225,0.22534799575805664,27,20,,
persistent,0,35,0,15.680705070495605,13.311141967773438,13.306729316711426,0.2,0.11428571428571428,8.576973311106363,13.568091318368332,11.701080801059115,11.69419696057088,0.2,8.576644225418569,32.92816162109375,46.23488998413086,28,12,29,29,0.14735060930252075,0.04060918092727661,7,6,0.07907555997371674,0.06221291050314903,0.04015578702092171,0.8571428571428571,0.6666666666666666,0.22716175965370358,0.8571428571428571,27,0.04152893776605695,0.031110792987895163,-0.016768209758600015,1.0,12,11,0.9166666666666666,1,12,0.1,0.3,0.0,1.15,1.1,0.9,0.2071643821927439,0.7921119928359985,0.8522881865501404,0.05048967897891998,-0.05048967897891998,0.96065939539707,34,0.9996885657310486,1.007634162902832,0.9996533989906311,1.0117441415786743,1.0,1.0,0.12034040689468384,0.22531002759933472,27,7,,26
persistent,1,35,0,7.944941997528076,6.3410468101501465,5.95623254776001,0.2857142857142857,0.05714285714285714,8.576973311106363,6.54422493175149,5.161766531543274,4.530005405587029,0.11428571428571428,4.171579591929911,40.278656005859375,46.23488998413086,28,23,29,29,0.14735060930252075,0.07214002311229706,7,6,0.42010992765426636,0.2937580645084381,-0.265902042388916,0.2857142857142857,0.3333333333333333,0.6010573552959668,0.0,27,0.07575934396085858,0.05782359034566967,0.016362103668183928,0.8888888888888888,12,9,0.75,3,12,0.1,0.1,1.0,1.0,1.0,0.9,0.15751183478775158,0.7518213987350464,0.8466938734054565,0.08679018914699554,-0.08679018914699554,0.9540809684865038,34,0.9996780157089233,1.0072611570358276,0.9997082352638245,1.0081110000610352,1.0,1.0,0.1472141146659851,0.27421361207962036,27,1,,26
persistent,2,35,0,18.10495948791504,15.339624404907227,15.339624404907227,0.05714285714285714,0.02857142857142857,8.576973311106363,16.911144705447093,14.434489095982403,14.43448909371175,0.05714285714285714,8.576973311106363,30.895263671875,46.23488998413086,28,10,29,29,0.14735060930252075,0.03656372055411339,7,6,1.8946665525436401,0.9037229418754578,0.9037229418754578,0.14285714285714285,0.16666666666666666,1.785562702748255,0.14285714285714285,27,0.060817102523090666,0.04868154536378934,-0.021812121312074433,1.0,1,1,1.0,2,3,0.1,0.1,0.0,1.15,1.1,0.9,0.15031561503658786,0.6455191373825073,0.859627366065979,0.1873716562986374,-0.1873716562986374,0.9051315144370352,34,0.9997021555900574,1.0088763236999512,0.9997156858444214,1.0117419958114624,1.0,1.0,0.12034040689468384,0.22531002759933472,27,0,,26
persistent,3,35,0,20.041593551635742,16.687307357788086,16.687307357788086,0.08571428571428572,0.05714285714285714,8.576973311106363,18.304806024959547,15.483787514408956,15.483787512138305,0.08571428571428572,8.576644225418569,29.547578811645508,46.23488998413086,28,5,29,29,0.14735060930252075,0.03084341250360012,7,6,1.1864584684371948,0.634638249874115,0.634638249874115,0.14285714285714285,0.3333333333333333,1.3457073631291447,0.14285714285714285,27,0.08685492332512304,0.07009175614697931,-0.053154065972121245,0.7407407407407407,1,1,1.0,3,4,0.1,0.1,1.0,1.0,0.9,1.05,0.15748918312951943,0.7518318295478821,0.869256854057312,0.09581653028726578,-0.09581653028726578,0.9381255136686986,34,0.9996782541275024,1.0072647333145142,0.999740481376648,1.011094331741333,1.0,1.0,0.14723360538482666,0.2742500305175781,27,0,,26
persistent,4,35,0,17.32257652282715,14.583457946777344,14.583457946777344,0.14285714285714285,0.08571428571428572,8.576973311106363,17.20642131966465,14.463828401418345,14.463828399147692,0.14285714285714285,8.57675383906989,31.651430130004883,46.23488998413086,28,10,29,29,0.14735060930252075,0.037862952798604965,7,6,2.025740146636963,0.92271888256073,0.92271888256073,0.42857142857142855,0.5,1.9169074622954108,0.42857142857142855,27,0.07413428097955688,0.054827913315933556,-0.014211058719385076,0.8148148148148148,0,0,,4,4,0.1,0.1,1.0,1.0,1.1,1.0,0.27263441650683073,0.7518281936645508,0.8384346961975098,0.07154885679483414,-0.07154885679483414,0.933696207148451,34,0.9996782541275024,1.0072633028030396,0.999635636806488,1.0109894275665283,1.0,1.0,0.14722782373428345,0.2742392420768738,27,0,,26
persistent,5,35,0,18.27904510498047,15.101701736450195,14.118154525756836,0.17142857142857143,0.08571428571428572,8.576973311106363,17.200497041992364,14.181281665401976,13.06513820738461,0.17142857142857143,8.576973311106363,32.11673355102539,46.23488998413086,28,6,29,29,0.14735060930252075,0.033733174204826355,7,6,1.7834999561309814,0.8045684099197388,0.8045684099197388,0.42857142857142855,0.5,1.7199194579973756,0.42857142857142855,27,0.08461788545524941,0.07731859113084225,-0.07450648237358051,0.9629629629629629,3,3,1.0,8,11,0.1,0.1,1.0,1.15,1.1,0.9,0.1662607527296145,0.7480292916297913,0.8377624154090881,0.07823912799358368,-0.07443545013666153,0.8773900014786439,34,0.9996923804283142,1.0081400871276855,0.9996550679206848,1.0094263553619385,1.0,1.0,0.12034040689468384,0.22531002759933472,27,0,16,26
persistent,6,35,0,11.112747192382812,8.30024528503418,7.222796440124512,0.3142857142857143,0.22857142857142856,8.576973311106363,10.492533172689194,7.762827681961827,6.5628239878039984,0.3142857142857143,8.576973311106363,39.01209259033203,46.23488998413086,28,23,29,28,0.14735060930252075,0.08388074487447739,7,6,4.007908821105957,1.56692373752594,1.56692373752594,0.5714285714285714,0.6666666666666666,3.888288890592409,0.5714285714285714,27,0.07419394974516645,0.05260954804078609,-0.0450851079345052,0.9629629629629629,13,13,1.0,5,18,0.1,0.3,0.5,1.0,0.9,0.95,0.16412074430847212,0.8330176472663879,0.8758184909820557,0.03958337381482124,-0.03766348585486412,0.8789206804520484,34,0.9996708631515503,1.0064201354980469,0.9996650815010071,1.0115165710449219,1.0,1.0,0.14722126722335815,0.27422720193862915,27,0,14,26
persistent,7,35,0,13.896909713745117,11.886015892028809,11.886015892028809,0.2,0.14285714285714285,8.576973311106363,14.33104361579362,11.985268405057331,11.985268402786678,0.2,8.576973311106363,34.348873138427734,46.23488998413086,28,19,29,29,0.14735060930252075,0.05338764190673828,7,6,1.503093957901001,0.6459336876869202,0.6459336876869202,0.8571428571428571,0.8333333333333334,0.9329192860332705,0.8571428571428571,27,0.05850320788720354,0.04404444298638595,-0.012759660627332917,1.0,5,4,0.8,1,5,0.1,0.1,1.0,1.0,1.0,1.0,0.15499734776040017,0.7518291473388672,0.8421176671981812,0.07689516246318817,-0.07689516246318817,0.956776830481063,34,0.9996781349182129,1.0072635412216187,0.9996581077575684,1.011915683746338,1.0,1.0,0.14722782373428345,0.2742390036582947,27,0,,26
