date,time,tap_id,total_chlorine_mgL,method,notes
2026-01-24,11:28,T1,0.59,DPD colorimeter,
2026-01-20,15:30,T2,1.1,DPD colorimeter,
2026-01-24,07:45,T3,1.44,DPD colorimeter,
2026-01-09,07:57,T4,1.46,DPD colorimeter,
2026-01-01,11:02,T5,0.77,DPD colorimeter,
2026-01-19,07:08,T6,1.41,DPD colorimeter,
2026-01-17,09:49,T7,0.89,DPD colorimeter,
2026-01-27,12:56,T8,0.66,DPD colorimeter,
2026-01-19,11:14,T9,1.43,DPD colorimeter,
2026-01-19,16:18,T10,1.87,DPD colorimeter,
2026-01-04,16:52,V1-1,0.72,DPD colorimeter,
2026-01-15,16:25,V1-2,1.21,DPD colorimeter,
2026-01-14,11:16,V1-3,0.69,DPD colorimeter,
2026-02-07,13:49,T1,0.42,DPD colorimeter,
2026-02-14,10:15,T2,1.07,DPD colorimeter,
2026-02-09,10:24,T3,1.41,DPD colorimeter,
2026-02-20,16:38,T4,1.28,DPD colorimeter,
2026-02-11,13:32,T5,1.27,DPD colorimeter,
2026-02-09,16:05,T6,1.11,DPD colorimeter,
2026-02-03,09:01,T7,0.95,DPD colorimeter,
2026-02-16,07:51,T8,1.13,DPD colorimeter,
2026-02-25,08:45,T9,1.47,DPD colorimeter,
2026-02-21,15:50,T10,1.81,DPD colorimeter,
2026-02-27,07:32,V2-1,1.8,DPD colorimeter,
2026-02-17,09:49,V2-2,1.41,DPD colorimeter,
2026-02-25,13:19,V2-3,1.5,DPD colorimeter,
2026-03-03,14:27,T1,0.45,DPD colorimeter,
2026-03-26,15:47,T2,1.01,DPD colorimeter,
2026-03-26,12:07,T3,1.37,DPD colorimeter,
2026-03-27,10:18,T4,1.36,DPD colorimeter,
2026-03-13,07:07,T5,0.66,DPD colorimeter,
2026-03-14,11:27,T6,1.28,DPD colorimeter,
2026-03-22,09:58,T7,0.84,DPD colorimeter,
2026-03-20,10:08,T8,0.53,DPD colorimeter,
2026-03-26,17:22,T9,1.17,DPD colorimeter,
2026-03-20,08:24,T10,1.89,DPD colorimeter,
2026-03-27,14:54,V3-1,0.53,DPD colorimeter,
2026-03-24,08:12,V3-2,1.35,DPD colorimeter,
2026-03-26,16:30,V3-3,1.14,DPD colorimeter,
2026-04-07,16:15,T1,0.63,DPD colorimeter,
2026-04-25,12:01,T2,1.14,DPD colorimeter,
2026-04-27,15:45,T3,1.45,DPD colorimeter,
2026-04-18,09:03,T4,1.4,DPD colorimeter,
2026-04-19,11:16,T5,0.66,DPD colorimeter,
2026-04-05,07:29,T6,1.42,DPD colorimeter,
2026-04-26,13:29,T7,0.83,DPD colorimeter,
2026-04-03,14:07,T8,0.59,DPD colorimeter,
2026-04-25,15:58,T9,1.48,DPD colorimeter,
2026-04-14,17:44,T10,1.92,DPD colorimeter,
2026-04-18,16:57,V4-1,1.3,DPD colorimeter,
2026-04-24,10:05,V4-2,1.39,DPD colorimeter,
2026-04-21,17:43,V4-3,1.28,DPD colorimeter,
2026-05-04,08:17,T1,0.56,DPD colorimeter,
2026-05-16,15:32,T2,1.16,DPD colorimeter,
2026-05-22,15:55,T3,1.45,DPD colorimeter,
2026-05-08,12:16,T4,1.6,DPD colorimeter,
2026-05-23,12:43,T5,1.58,DPD colorimeter,
2026-05-26,14:09,T6,1.51,DPD colorimeter,
2026-05-15,07:19,T7,1.2,DPD colorimeter,
2026-05-23,07:58,T8,1.45,DPD colorimeter,
2026-05-11,16:25,T9,1.33,DPD colorimeter,
2026-05-02,17:30,T10,2.17,DPD colorimeter,
2026-05-12,15:17,V5-1,1.67,DPD colorimeter,
2026-05-01,08:06,V5-2,1.41,DPD colorimeter,
2026-05-03,08:25,V5-3,0.29,DPD colorimeter,
2026-06-22,17:37,T1,0.56,DPD colorimeter,
2026-06-12,08:27,T2,1.1,DPD colorimeter,
2026-06-12,07:46,T3,1.35,DPD colorimeter,
2026-06-14,11:21,T4,1.25,DPD colorimeter,
2026-06-01,17:36,T5,1.49,DPD colorimeter,
2026-06-14,10:46,T6,1.25,DPD colorimeter,
2026-06-05,16:55,T7,0.73,DPD colorimeter,
2026-06-16,12:25,T8,0.65,DPD colorimeter,
2026-06-02,17:02,T9,1.2,DPD colorimeter,
2026-06-08,09:43,T10,1.92,DPD colorimeter,
2026-06-15,15:31,V6-1,1.28,DPD colorimeter,
2026-06-26,17:52,V6-2,0.69,DPD colorimeter,
2026-06-27,15:27,V6-3,1.32,DPD colorimeter,
