model,strategy,n,seed,rmse_min,precision_min,recall_min,f1_min,n_true_viol_min,coverage90_min,coverage50_min,coverage80_min,coverage95_min,rmse_night,recall_night,coverage90_night,map_kb,map_kw,map_gamma,map_demand,map_rough,map_dose
simgp24,random,3,0,0.06332054492119865,0.9672727272727273,0.7535410764872521,0.8471337579617834,353,0.9686192468619247,0.8127615062761506,0.9550209205020921,0.9801255230125523,0.11041979955762588,0.6190476190476191,0.9801255230125523,0.4,0.3,1.0,1.15,1.0,0.9
simgp24_g75,random,3,0,0.30999163555515596,1.0,0.24079320113314448,0.3881278538812786,353,0.28556485355648537,0.02301255230125523,0.13912133891213388,0.4581589958158996,,,,,,,,,
simgp_timeblind,random,3,0,0.27712889935506935,1.0,0.34560906515580736,0.5136842105263157,353,0.6684100418410042,,,,0.3710696899983904,0.5873015873015873,0.7761506276150628,,,,,,
mean_of_samples,random,3,0,0.5754936487070488,1.0,0.0,0.0,353,0.0,,,,0.5768319985865825,0.0,0.0,,,,,,
simgp24,random,4,0,0.064731918626105,0.9708029197080292,0.7535410764872521,0.8484848484848484,353,0.9696335078534032,0.7811518324607329,0.949738219895288,0.9727748691099476,0.10940126252625597,0.582010582010582,0.981151832460733,0.25,0.6,0.0,1.0,0.9,1.1
simgp24_g75,random,4,0,0.14671454258063535,1.0,0.37110481586402266,0.5413223140495868,353,0.6565445026178011,0.07958115183246073,0.3298429319371728,0.8732984293193717,,,,,,,,,
simgp_timeblind,random,4,0,0.3356504732887502,1.0,0.28611898016997167,0.4449339207048458,353,0.4094240837696335,,,,0.3682914756499743,0.4973544973544973,0.6827225130890052,,,,,,
mean_of_samples,random,4,0,0.5239880943728992,1.0,0.0,0.0,353,0.0,,,,0.5625528875220781,0.0,0.0,,,,,,
simgp24,random,5,0,0.051951064831582704,0.9632107023411371,0.8158640226628895,0.8834355828220859,353,0.9654088050314465,0.7976939203354297,0.9475890985324947,0.9737945492662474,0.1020967720774136,0.6666666666666666,0.9779874213836478,0.4,0.3,0.5,1.15,1.1,0.95
simgp24_g75,random,5,0,0.09521098033941917,1.0,0.6203966005665722,0.7657342657342657,353,0.7976939203354297,0.15828092243186584,0.5681341719077568,0.8752620545073375,,,,,,,,,
simgp_timeblind,random,5,0,0.36059611256139273,1.0,0.32294617563739375,0.48822269807280516,353,0.29874213836477986,,,,0.3736045759975489,0.5502645502645502,0.6415094339622641,,,,,,
mean_of_samples,random,5,0,0.4835515837923816,1.0,0.0,0.0,353,0.0,,,,0.55598720148899,0.0,0.0,,,,,,
simgp24,random,6,0,0.0531466497609318,0.9630872483221476,0.8130311614730878,0.881720430107527,353,0.9643231899265478,0.776495278069255,0.9433368310598111,0.9727177334732424,0.1021930152620352,0.6772486772486772,0.9790136411332634,0.4,0.3,0.5,1.15,1.1,0.95
simgp24_g75,random,6,0,0.14657086255931662,0.7911832946635731,0.9660056657223796,0.8698979591836734,353,0.8982161594963274,0.5099685204616999,0.8111227701993704,0.9286463798530955,,,,,,,,,
simgp_timeblind,random,6,0,0.3534546767845015,1.0,0.29461756373937675,0.4551422319474836,353,0.24868835257082897,,,,0.38314758114814673,0.5026455026455027,0.6054564533053515,,,,,,
mean_of_samples,random,6,0,0.48667655270440546,1.0,0.0,0.0,353,0.0,,,,0.556630528076526,0.0,0.0,,,,,,
simgp24,random,7,0,0.05191785773831714,0.9668874172185431,0.8271954674220963,0.8916030534351145,353,0.9621848739495799,0.7752100840336135,0.9380252100840336,0.9695378151260504,0.10157810853694071,0.6931216931216931,0.9747899159663865,0.4,0.3,0.5,1.15,1.1,0.95
simgp24_g75,random,7,0,0.14856537259226343,0.7633928571428571,0.9688385269121813,0.8539325842696629,353,0.8592436974789915,0.4065126050420168,0.7457983193277311,0.9138655462184874,,,,,,,,,
simgp_timeblind,random,7,0,0.25907600967460565,1.0,0.40509915014164305,0.5766129032258065,353,0.6386554621848739,,,,0.38434941000099904,0.656084656084656,0.7331932773109243,,,,,,
mean_of_samples,random,7,0,0.46345062820938837,1.0,0.0,0.0,353,0.0,,,,0.5547418829820475,0.0,0.0,,,,,,
simgp24,random,8,0,0.05133232045791524,0.9678456591639871,0.8551136363636364,0.9079939668174962,352,0.9600420609884333,0.7707676130389064,0.943217665615142,0.9684542586750788,0.10291812886631209,0.7195767195767195,0.9716088328075709,0.4,0.3,0.0,1.15,1.1,1.0
simgp24_g75,random,8,0,0.15185275669694598,0.7242105263157895,0.9772727272727273,0.8319226118500604,352,0.7644584647739222,0.277602523659306,0.5667718191377498,0.8517350157728707,,,,,,,,,
simgp_timeblind,random,8,0,0.2551998635218639,1.0,0.4375,0.6086956521739131,352,0.6319663512092534,,,,0.3853487166102277,0.6984126984126984,0.7181913774973712,,,,,,
mean_of_samples,random,8,0,0.4215990999974726,1.0,0.0,0.0,352,0.0,,,,0.5552953619667601,0.0,0.0,,,,,,
simgp24,random,9,0,0.050702712839670545,0.9648562300319489,0.8603988603988604,0.9096385542168675,351,0.9610526315789474,0.7631578947368421,0.9389473684210526,0.9705263157894737,0.10230077617254087,0.7195767195767195,0.9715789473684211,0.4,0.3,0.0,1.15,1.1,1.0
simgp24_g75,random,9,0,0.1541565575575283,0.7145833333333333,0.9772079772079773,0.825511432009627,351,0.6884210526315789,0.24526315789473685,0.5073684210526316,0.8157894736842105,,,,,,,,,
simgp_timeblind,random,9,0,0.8308799765200214,1.0,0.2934472934472934,0.45374449339207046,351,0.3473684210526316,,,,0.7527349129501137,0.4708994708994709,0.5957894736842105,,,,,,
mean_of_samples,random,9,0,0.4648552751216113,1.0,0.0,0.0,351,0.0,,,,0.5551975747670536,0.0,0.0,,,,,,
simgp24,random,10,0,0.05438855445061534,0.9731543624161074,0.8285714285714286,0.8950617283950617,350,0.9525816649104321,0.6596417281348789,0.9241306638566913,0.9652265542676501,0.10348818790248912,0.6507936507936508,0.9578503688092729,0.4,0.3,0.0,1.15,1.1,1.0
simgp24_g75,random,10,0,0.1520591980706897,0.7245762711864406,0.9771428571428571,0.832116788321168,350,0.672286617492097,0.2476290832455216,0.5089567966280295,0.804004214963119,,,,,,,,,
simgp_timeblind,random,10,0,0.6070395113995639,1.0,0.34285714285714286,0.5106382978723404,350,0.6206533192834562,,,,0.5728589521863008,0.5873015873015873,0.7787144362486829,,,,,,
mean_of_samples,random,10,0,0.42799811053779585,1.0,0.0,0.0,350,0.0,,,,0.5553230585815442,0.0,0.0,,,,,,
simgp24,random,11,0,0.06080866062240247,0.9444444444444444,0.8767908309455588,0.9093610698365527,349,0.9535864978902954,0.6392405063291139,0.9124472573839663,0.9641350210970464,0.11852413210204854,0.6931216931216931,0.9556962025316456,0.4,0.6,0.5,1.15,1.1,1.05
simgp24_g75,random,11,0,0.13833118144740109,0.8872832369942196,0.8796561604584527,0.8834532374100719,349,0.8185654008438819,0.3924050632911392,0.6962025316455697,0.870253164556962,,,,,,,,,
simgp_timeblind,random,11,0,0.5889663918214187,1.0,0.4498567335243553,0.6205533596837944,349,0.6065400843881856,,,,0.5619902713917696,0.6402116402116402,0.7626582278481012,,,,,,
mean_of_samples,random,11,0,0.39800026966338603,1.0,0.0,0.0,349,0.0,,,,0.5590010700087726,0.0,0.0,,,,,,
simgp24,random,12,0,0.07591623074164494,0.9527027027027027,0.8103448275862069,0.875776397515528,348,0.925026399155227,0.5026399155227033,0.8585005279831045,0.9472016895459345,0.13073301827874878,0.6063829787234043,0.9102428722280888,0.25,1.0,1.0,1.15,1.0,0.95
simgp24_g75,random,12,0,0.15488172926741237,0.6895161290322581,0.9827586206896551,0.8104265402843602,348,0.48891235480464623,0.14255543822597677,0.3252375923970433,0.6251319957761352,,,,,,,,,
simgp_timeblind,random,12,0,0.6370154409324356,0.9800995024875622,0.5660919540229885,0.7176684881602914,348,0.48996832101372756,,,,0.6503826196347327,0.7074468085106383,0.6525871172122492,,,,,,
mean_of_samples,random,12,0,0.3743350356931957,1.0,0.0,0.0,348,0.0,,,,0.5647629297896939,0.0,0.0,,,,,,
simgp24,random,13,0,0.0785267575551317,0.9819494584837545,0.7816091954022989,0.8704,348,0.9101479915433404,0.47463002114164904,0.8118393234672304,0.9344608879492601,0.14479021363030628,0.574468085106383,0.8488372093023255,0.25,1.0,1.0,1.15,1.0,0.95
simgp24_g75,random,13,0,0.15136218698809398,0.7051546391752578,0.9827586206896551,0.8211284513805522,348,0.5137420718816068,0.14693446088794926,0.35095137420718814,0.6744186046511628,,,,,,,,,
simgp_timeblind,random,13,0,0.8103543105784886,1.0,0.5172413793103449,0.6818181818181819,348,0.48308668076109934,,,,0.7656373181925612,0.6968085106382979,0.6945031712473573,,,,,,
mean_of_samples,random,13,0,0.37517147227757774,1.0,0.0,0.0,348,0.0,,,,0.5648297292629058,0.0,0.0,,,,,,
simgp24,random,14,0,0.07761596144971238,0.9818181818181818,0.7780979827089337,0.8681672025723473,347,0.9121693121693122,0.47724867724867726,0.817989417989418,0.9375661375661376,0.14392530636634934,0.5828877005347594,0.852910052910053,0.25,1.0,1.0,1.15,1.0,0.95
simgp24_g75,random,14,0,0.1469004412008953,0.7118997912317327,0.9827089337175793,0.8256658595641647,347,0.5333333333333333,0.15978835978835979,0.3724867724867725,0.6994708994708995,,,,,,,,,
simgp_timeblind,random,14,0,0.827154584342592,1.0,0.515850144092219,0.6806083650190113,347,0.4708994708994709,,,,0.7805675432351519,0.6951871657754011,0.6751322751322751,,,,,,
mean_of_samples,random,14,0,0.3526924515086281,1.0,0.0,0.0,347,0.0,,,,0.5733251839134014,0.0,0.0,,,,,,
simgp24,random,15,0,0.08058374348486544,0.9611307420494699,0.7838616714697406,0.8634920634920634,347,0.909957627118644,0.4332627118644068,0.8188559322033898,0.9353813559322034,0.1335576575793258,0.5828877005347594,0.899364406779661,0.25,0.6,0.0,1.15,1.0,0.95
simgp24_g75,random,15,0,0.14139145357826166,0.718816067653277,0.9798270893371758,0.8292682926829269,347,0.5508474576271186,0.1716101694915254,0.3908898305084746,0.7044491525423728,,,,,,,,,
simgp_timeblind,random,15,0,0.560602194696709,0.989247311827957,0.5302593659942363,0.6904315196998124,347,0.5264830508474576,,,,0.6097884751352664,0.7005347593582888,0.6800847457627118,,,,,,
mean_of_samples,random,15,0,0.3528664139805066,1.0,0.0,0.0,347,0.0,,,,0.5735373413869557,0.0,0.0,,,,,,
simgp24,uncertainty,3,0,0.06332054492119865,0.9672727272727273,0.7535410764872521,0.8471337579617834,353,0.9686192468619247,0.8127615062761506,0.9550209205020921,0.9801255230125523,0.11041979955762588,0.6190476190476191,0.9801255230125523,0.4,0.3,1.0,1.15,1.0,0.9
simgp24,uncertainty,4,0,0.0530203337357675,0.9685314685314685,0.7869318181818182,0.8683385579937305,352,0.9612565445026178,0.7507853403141361,0.9287958115183246,0.9685863874345549,0.10819637753038899,0.6349206349206349,0.9685863874345549,0.25,0.6,1.0,1.15,0.9,0.9
simgp24,uncertainty,5,0,0.04047269483347139,0.9472140762463344,0.9202279202279202,0.9335260115606936,351,0.9696016771488469,0.8658280922431866,0.9570230607966457,0.9737945492662474,0.08875448662197367,0.8776595744680851,0.9832285115303984,0.4,0.3,1.0,1.15,1.1,1.0
simgp24,uncertainty,6,0,0.0768245057296648,0.8575063613231552,0.9628571428571429,0.9071332436069987,350,0.974816369359916,0.7848898216159497,0.9538300104931794,0.9832109129066107,0.172328431943288,0.9518716577540107,0.9832109129066107,0.25,1.5,0.0,1.0,0.9,1.1
simgp24,uncertainty,7,0,0.054171463822891466,0.7755102040816326,0.9799426934097422,0.8658227848101265,349,0.9359243697478992,0.6449579831932774,0.8771008403361344,0.9653361344537815,0.1000999178631166,0.9786096256684492,0.9653361344537815,0.4,0.6,0.0,1.15,1.1,1.0
simgp24,uncertainty,8,0,0.04705901546947744,0.9019607843137255,0.9252873563218391,0.9134751773049646,348,0.9474237644584648,0.8096740273396424,0.9127234490010515,0.9631966351209253,0.20700771830554532,0.7365591397849462,0.9390115667718192,0.7,0.3,0.5,1.15,1.1,1.1
simgp24,uncertainty,9,0,0.061250915757660535,0.9395770392749244,0.8962536023054755,0.9174041297935103,347,0.9526315789473684,0.7431578947368421,0.9084210526315789,0.9705263157894737,0.2328420967425238,0.7189189189189189,0.9242105263157895,0.7,0.3,1.0,1.15,1.0,1.1
simgp24,uncertainty,10,0,0.1274527458549721,0.6771037181996086,1.0,0.8074679113185531,346,0.7249736564805058,0.2339304531085353,0.6375131717597471,0.7871443624868283,0.13766795728535738,0.9675675675675676,0.9146469968387777,0.7,0.3,0.5,1.15,0.9,1.1
simgp24,uncertainty,11,0,0.1108293951378083,0.7049180327868853,0.9971014492753624,0.8259303721488596,345,0.7373417721518988,0.36075949367088606,0.6497890295358649,0.7974683544303798,0.14219322127353504,0.9510869565217391,0.9018987341772152,0.7,0.3,1.0,1.15,0.9,1.1
simgp24,uncertainty,12,0,0.08436480301895888,0.8132678132678133,0.9622093023255814,0.881491344873502,344,0.795142555438226,0.5691657866948258,0.7243928194297783,0.8922914466737064,0.15694169137189817,0.8907103825136612,0.9060190073917634,0.7,0.1,0.0,1.15,0.9,1.05
simgp24,uncertainty,13,0,0.20162920690373176,0.6328413284132841,1.0,0.7751412429378531,343,0.8890063424947146,0.16596194503171247,0.7558139534883721,0.9302325581395349,0.12435640831878314,0.8626373626373627,0.992600422832981,0.7,0.1,0.0,1.15,0.9,1.1
simgp24,uncertainty,14,0,0.21101794255579137,0.6229508196721312,1.0,0.7676767676767677,342,0.8656084656084656,0.14603174603174604,0.7121693121693121,0.91005291005291,0.12497550283428256,0.8453038674033149,0.9915343915343915,0.55,0.3,1.0,1.15,0.9,1.1
simgp24,uncertainty,15,0,0.2139405607934026,0.5702341137123745,1.0,0.726304579339723,341,0.8591101694915254,0.0847457627118644,0.4777542372881356,0.9449152542372882,0.129851291949814,0.9111111111111111,0.9915254237288136,0.4,0.3,0.5,1.0,0.9,0.95
simgp24,straddle,3,0,0.06332054492119865,0.9672727272727273,0.7535410764872521,0.8471337579617834,353,0.9686192468619247,0.8127615062761506,0.9550209205020921,0.9801255230125523,0.11041979955762588,0.6190476190476191,0.9801255230125523,0.4,0.3,1.0,1.15,1.0,0.9
simgp24,straddle,4,0,0.03968738391467617,0.9396551724137931,0.9289772727272727,0.9342857142857143,352,0.9612565445026178,0.7958115183246073,0.9413612565445026,0.9727748691099476,0.09539709678721761,0.8297872340425532,0.9759162303664921,0.4,0.3,1.0,1.15,1.0,0.9
simgp24,straddle,5,0,0.047496491017335024,0.9644012944983819,0.8490028490028491,0.9030303030303031,351,0.9685534591194969,0.8343815513626834,0.9580712788259959,0.9748427672955975,0.1107553406362685,0.7606382978723404,0.9769392033542977,0.25,0.3,1.0,1.0,0.9,0.9
simgp24,straddle,6,0,0.041386917159375175,0.9556213017751479,0.9228571428571428,0.938953488372093,350,0.9664218258132214,0.8646379853095488,0.9548793284365162,0.974816369359916,0.12869605292778977,0.8235294117647058,0.9643231899265478,0.4,0.3,0.5,1.0,0.9,1.1
simgp24,straddle,7,0,0.04194312108531527,0.8957219251336899,0.9598853868194842,0.9266943291839559,349,0.9569327731092437,0.842436974789916,0.930672268907563,0.9684873949579832,0.12907612270959204,0.8602150537634409,0.957983193277311,0.4,0.3,0.0,1.0,0.9,1.1
simgp24,straddle,8,0,0.042125720747959304,0.9261363636363636,0.9367816091954023,0.9314285714285715,348,0.9547844374342797,0.8338590956887487,0.9263932702418507,0.9631966351209253,0.12833998464674967,0.8494623655913979,0.9484752891692955,0.4,0.3,0.0,1.0,0.9,1.1
simgp24,straddle,9,0,0.044329719495273076,0.8697916666666666,0.962536023054755,0.9138166894664843,347,0.9505263157894737,0.8263157894736842,0.9157894736842105,0.9673684210526315,0.13106441098715585,0.8709677419354839,0.9484210526315789,0.4,0.6,1.0,1.0,0.9,1.1
simgp24,straddle,10,0,0.04431435592716113,0.8678756476683938,0.9682080924855492,0.9153005464480874,346,0.9293993677555321,0.8187565858798735,0.9020021074815595,0.9525816649104321,0.13043883599062003,0.8870967741935484,0.9357218124341412,0.4,0.6,1.0,1.0,0.9,1.1
simgp24,straddle,11,0,0.05115403530091207,0.7985781990521327,0.9768115942028985,0.878748370273794,345,0.9166666666666666,0.6919831223628692,0.8924050632911392,0.9451476793248945,0.13518345479372118,0.9086021505376344,0.929324894514768,0.4,0.6,0.5,1.0,0.9,1.1
simgp24,straddle,12,0,0.04566718265237574,0.8166259168704156,0.9709302325581395,0.8871181938911021,344,0.9472016895459345,0.7697993664202746,0.9060190073917634,0.9693769799366421,0.12021389931935285,0.9297297297297298,0.9704329461457233,0.4,0.6,0.5,1.0,0.9,1.1
simgp24,straddle,13,0,0.03969133021626753,0.9235127478753541,0.9504373177842566,0.9367816091954023,343,0.9556025369978859,0.773784355179704,0.9302325581395349,0.96723044397463,0.11638453825962476,0.8324324324324325,0.9630021141649049,0.4,0.6,0.0,1.15,1.1,1.05
simgp24,straddle,14,0,0.040602726949958,0.8840970350404312,0.9590643274853801,0.9200561009817672,342,0.9513227513227513,0.7703703703703704,0.9195767195767196,0.9682539682539683,0.09964847682340792,0.8804347826086957,0.9714285714285714,0.4,0.6,1.0,1.15,0.9,0.95
simgp24,straddle,15,0,0.0965903912479186,0.8579234972677595,0.9208211143695014,0.8882602545968882,341,0.9692796610169492,0.753177966101695,0.940677966101695,0.9809322033898306,0.30712240026122756,0.8743169398907104,0.9629237288135594,0.4,0.6,0.5,1.0,0.9,1.1
simgp24,straddle_min,3,0,0.06332054492119865,0.9672727272727273,0.7535410764872521,0.8471337579617834,353,0.9686192468619247,0.8127615062761506,0.9550209205020921,0.9801255230125523,0.11041979955762588,0.6190476190476191,0.9801255230125523,0.4,0.3,1.0,1.15,1.0,0.9
simgp24,straddle_min,4,0,0.04054459084613816,0.9421965317919075,0.9261363636363636,0.9340974212034383,352,0.9581151832460733,0.7989528795811518,0.9392670157068063,0.9717277486910995,0.09632980099158175,0.8201058201058201,0.9717277486910995,0.4,0.3,1.0,1.15,1.0,0.9
simgp24,straddle_min,5,0,0.041453975805723416,0.8589420654911839,0.9715099715099715,0.9117647058823529,351,0.9454926624737946,0.7746331236897275,0.8962264150943396,0.9706498951781971,0.09316346530468768,0.9148936170212766,0.9790356394129979,0.55,0.3,0.0,1.15,1.0,1.1
simgp24,straddle_min,6,0,0.04429944645663904,0.829683698296837,0.9715099715099715,0.89501312335958,351,0.9359916054564533,0.7366211962224554,0.881427072402938,0.9664218258132214,0.09147643505790494,0.9308510638297872,0.9790136411332634,0.55,0.6,1.0,1.15,1.1,1.1
simgp24,straddle_min,7,0,0.04106596103659772,0.8461538461538461,0.9715099715099715,0.9045092838196288,351,0.9432773109243697,0.7741596638655462,0.8928571428571429,0.967436974789916,0.08903939751269316,0.925531914893617,0.9789915966386554,0.55,0.6,1.0,1.15,1.1,1.1
simgp24,straddle_min,8,0,0.04161218586922466,0.8651399491094147,0.9714285714285714,0.9152086137281291,350,0.9348054679284963,0.7613038906414301,0.8916929547844374,0.9589905362776026,0.10064318362825492,0.8936170212765957,0.9631966351209253,0.4,0.3,0.5,1.15,1.1,0.9
simgp24,straddle_min,9,0,0.041350264504033986,0.8647959183673469,0.9685714285714285,0.9137466307277627,350,0.9284210526315789,0.748421052631579,0.8905263157894737,0.9515789473684211,0.09883742522501594,0.9042553191489362,0.9589473684210527,0.4,0.3,0.5,1.15,1.1,0.9
simgp24,straddle_min,10,0,0.038912328440357205,0.887434554973822,0.9713467048710601,0.9274965800273597,349,0.934668071654373,0.7692307692307693,0.8925184404636459,0.9515279241306639,0.10072517174287357,0.8936170212765957,0.9536354056902002,0.4,0.3,0.5,1.15,1.1,0.9
simgp24,straddle_min,11,0,0.039372089844084725,0.8802083333333334,0.9712643678160919,0.9234972677595628,348,0.9335443037974683,0.7679324894514767,0.8892405063291139,0.9483122362869199,0.1004315084539324,0.8882978723404256,0.95042194092827,0.4,0.3,0.5,1.15,1.1,0.9
simgp24,straddle_min,12,0,0.040095999413497056,0.8802083333333334,0.9712643678160919,0.9234972677595628,348,0.9292502639915523,0.764519535374868,0.8848996832101372,0.9450897571277719,0.09994849167206275,0.8882978723404256,0.9482576557550159,0.4,0.3,0.5,1.15,1.1,0.9
simgp24,straddle_min,13,0,0.039700041807491676,0.8871391076115486,0.9712643678160919,0.9272976680384089,348,0.9281183932346723,0.7621564482029598,0.8837209302325582,0.9429175475687104,0.0996949133746918,0.8936170212765957,0.9471458773784355,0.4,0.3,0.5,1.15,1.1,0.9
simgp24,straddle_min,14,0,0.039730898836964255,0.8753246753246753,0.9711815561959655,0.9207650273224044,347,0.9195767195767196,0.7502645502645503,0.8772486772486773,0.9417989417989417,0.1002211817879123,0.8723404255319149,0.9428571428571428,0.4,0.3,0.5,1.15,1.1,0.9
simgp24,straddle_min,15,0,0.04898051764587221,0.8682170542635659,0.9710982658959537,0.9167803547066848,346,0.9819915254237288,0.8739406779661016,0.9692796610169492,0.986228813559322,0.09077166147352864,0.93048128342246,0.9851694915254238,0.4,0.3,0.5,1.15,1.1,0.9
simgp24,random,3,1,0.041945080123441336,0.9501133786848073,0.9654377880184332,0.9577142857142859,434,0.9550209205020921,0.8190376569037657,0.946652719665272,0.9560669456066946,0.16315936065828032,0.7920792079207921,0.9717573221757322,0.55,0.3,1.0,1.0,0.9,1.05
simgp24_g75,random,3,1,0.052803515798030255,0.9671361502347418,0.9493087557603687,0.958139534883721,434,0.897489539748954,0.7175732217573222,0.8640167364016736,0.9089958158995816,,,,,,,,,
simgp_timeblind,random,3,1,0.23061686649105378,1.0,0.5046082949308756,0.6707503828483921,434,0.8336820083682008,,,,0.2839420963732193,0.6996699669966997,0.9027196652719666,,,,,,
mean_of_samples,random,3,1,0.42241204981891045,1.0,0.0,0.0,434,0.0,,,,0.4827773587766851,0.0,0.0,,,,,,
simgp24,random,4,1,0.048557889173604096,0.9087048832271762,0.9884526558891455,0.9469026548672567,433,0.949738219895288,0.7675392670157068,0.9109947643979057,0.9518324607329843,0.13993063130875869,0.8576158940397351,0.9664921465968587,0.55,0.1,0.0,1.0,0.9,1.0
simgp24_g75,random,4,1,0.06901333661653464,0.974025974025974,0.8660508083140878,0.9168704156479217,433,0.8722513089005236,0.5455497382198953,0.8209424083769633,0.8890052356020942,,,,,,,,,
simgp_timeblind,random,4,1,0.2898780981317594,1.0,0.5935334872979214,0.744927536231884,433,0.6628272251308901,,,,0.3115637218349687,0.7649006622516556,0.7926701570680629,,,,,,
mean_of_samples,random,4,1,0.3322411626770179,1.0,0.0,0.0,433,0.0,,,,0.4691468665185297,0.0,0.0,,,,,,
simgp24,random,5,1,0.04855529575809368,0.9125799573560768,0.9884526558891455,0.9490022172949002,433,0.9465408805031447,0.7725366876310272,0.9077568134171907,0.9528301886792453,0.1408813942615514,0.8576158940397351,0.9643605870020965,0.55,0.1,0.0,1.0,0.9,1.0
simgp24_g75,random,5,1,0.07768924350532179,0.9808219178082191,0.8267898383371824,0.8972431077694235,433,0.8406708595387841,0.4056603773584906,0.7473794549266247,0.8721174004192872,,,,,,,,,
simgp_timeblind,random,5,1,0.29149542020952945,0.996415770609319,0.6420323325635104,0.7808988764044944,433,0.6540880503144654,,,,0.3107232763850691,0.8211920529801324,0.7631027253668763,,,,,,
mean_of_samples,random,5,1,0.40883287718378447,1.0,0.0,0.0,433,0.0,,,,0.47875306037244386,0.0,0.0,,,,,,
simgp24,random,6,1,0.048625030147180365,0.9125799573560768,0.9884526558891455,0.9490022172949002,433,0.9454354669464848,0.7639034627492131,0.9108079748163693,0.9527806925498427,0.13784398688620156,0.8576158940397351,0.9632738719832109,0.55,0.3,1.0,1.0,0.9,1.05
simgp24_g75,random,6,1,0.05223346122110487,0.9656019656019657,0.9076212471131639,0.9357142857142857,433,0.8919202518363064,0.6432318992654774,0.8457502623294858,0.9055613850996852,,,,,,,,,
simgp_timeblind,random,6,1,0.29581212633199777,1.0,0.5635103926096998,0.7208271787296898,433,0.5907660020986358,,,,0.3025534916245446,0.7516556291390728,0.7397691500524659,,,,,,
mean_of_samples,random,6,1,0.43232480181020916,1.0,0.0,0.0,433,0.0,,,,0.48683066025836025,0.0,0.0,,,,,,
simgp24,random,7,1,0.04908851984916573,0.9491094147582697,0.8634259259259259,0.9042424242424243,432,0.944327731092437,0.7457983193277311,0.9086134453781513,0.9516806722689075,0.1313529081106683,0.7807308970099668,0.9621848739495799,0.55,0.1,0.0,1.0,0.9,0.95
simgp24_g75,random,7,1,0.08422424583354764,0.9669669669669669,0.7453703703703703,0.841830065359477,432,0.8455882352941176,0.24894957983193278,0.6911764705882353,0.8897058823529411,,,,,,,,,
simgp_timeblind,random,7,1,0.2870798746104684,1.0,0.5625,0.72,432,0.5619747899159664,,,,0.3003147858763191,0.7541528239202658,0.7289915966386554,,,,,,
mean_of_samples,random,7,1,0.3834530019856261,1.0,0.0,0.0,432,0.0,,,,0.4726440929785125,0.0,0.0,,,,,,
simgp24,random,8,1,0.05023890050265951,0.8917050691244239,0.8979118329466357,0.8947976878612716,431,0.9348054679284963,0.7066246056782335,0.8727655099894848,0.9495268138801262,0.14017432713530797,0.7966666666666666,0.9526813880126183,0.55,0.3,0.5,1.0,1.1,1.05
simgp24_g75,random,8,1,0.08278389606989903,0.9411764705882353,0.7795823665893271,0.8527918781725888,431,0.7697160883280757,0.3038906414300736,0.5531019978969506,0.8475289169295478,,,,,,,,,
simgp_timeblind,random,8,1,0.29340507644837627,0.9964028776978417,0.642691415313225,0.7813822284908322,431,0.5930599369085173,,,,0.29921216733817824,0.8266666666666667,0.7339642481598317,,,,,,
mean_of_samples,random,8,1,0.3456688449329821,1.0,0.0,0.0,431,0.0,,,,0.4687574666012626,0.0,0.0,,,,,,
simgp24,random,9,1,0.06571960968150994,0.8109756097560976,0.9279069767441861,0.8655097613882864,430,0.8842105263157894,0.5778947368421052,0.791578947368421,0.9263157894736842,0.17016505165384915,0.8327759197324415,0.9347368421052632,0.55,0.3,0.5,1.0,1.1,1.05
simgp24_g75,random,9,1,0.07600083481601001,0.9651474530831099,0.8372093023255814,0.8966376089663761,430,0.771578947368421,0.2673684210526316,0.6021052631578947,0.8547368421052631,,,,,,,,,
simgp_timeblind,random,9,1,0.2911914365635702,0.9964028776978417,0.6441860465116279,0.7824858757062146,430,0.5789473684210527,,,,0.29937062696884625,0.8260869565217391,0.7242105263157895,,,,,,
mean_of_samples,random,9,1,0.33158790483201367,1.0,0.0,0.0,430,0.0,,,,0.4700364091283924,0.0,0.0,,,,,,
simgp24,random,10,1,0.06854517823161,0.8064516129032258,0.9324009324009324,0.8648648648648648,429,0.8756585879873551,0.5426765015806112,0.7871443624868283,0.9262381454162276,0.16235121286244972,0.8557046979865772,0.9378292939936775,0.55,0.6,0.5,1.0,1.1,1.1
simgp24_g75,random,10,1,0.06752275110631806,0.9507389162561576,0.8997668997668997,0.9245508982035928,429,0.761854583772392,0.37302423603793466,0.6501580611169653,0.8514225500526871,,,,,,,,,
simgp_timeblind,random,10,1,0.24255901139936684,0.9567567567567568,0.8251748251748252,0.886107634543179,429,0.6838777660695469,,,,0.3176846012689859,0.9362416107382551,0.7702845100105374,,,,,,
mean_of_samples,random,10,1,0.3144354003616566,1.0,0.0,0.0,429,0.0,,,,0.4749043285657027,0.0,0.0,,,,,,
simgp24,random,11,1,0.06455035055160387,0.8562753036437247,0.986013986013986,0.9165763813651138,429,0.8976793248945147,0.5421940928270043,0.8312236286919831,0.9367088607594937,0.14784310886367147,0.9228187919463087,0.929324894514768,0.55,0.6,0.5,1.0,1.1,1.1
simgp24_g75,random,11,1,0.07532960923185056,0.9523809523809523,0.8857808857808858,0.9178743961352657,429,0.7172995780590717,0.30168776371308015,0.5864978902953587,0.8069620253164557,,,,,,,,,
simgp_timeblind,random,11,1,0.24995861193902913,1.0,0.7016317016317016,0.8246575342465754,429,0.6160337552742616,,,,0.2809328565078019,0.825503355704698,0.7616033755274262,,,,,,
mean_of_samples,random,11,1,0.3263558311869662,1.0,0.0,0.0,429,0.0,,,,0.4713107573442918,0.0,0.0,,,,,,
simgp24,random,12,1,0.06208409144287713,0.8548057259713702,0.9743589743589743,0.9106753812636166,429,0.9102428722280888,0.6082365364308342,0.856388595564942,0.9398099260823654,0.13486126175058477,0.8825503355704698,0.941921858500528,0.55,0.6,0.5,1.0,1.1,1.1
simgp24_g75,random,12,1,0.08874568432548408,0.9680851063829787,0.8484848484848485,0.9043478260869565,429,0.6832101372756072,0.293558606124604,0.5374868004223865,0.7793030623020063,,,,,,,,,
simgp_timeblind,random,12,1,0.23870510334693362,0.9516129032258065,0.8251748251748252,0.8838951310861424,429,0.6832101372756072,,,,0.3138553190520481,0.9362416107382551,0.7592397043294614,,,,,,
mean_of_samples,random,12,1,0.3331332405895647,1.0,0.0,0.0,429,0.0,,,,0.4703629759004903,0.0,0.0,,,,,,
simgp24,random,13,1,0.0632073460459091,0.8362919132149902,0.9906542056074766,0.906951871657754,428,0.9260042283298098,0.5655391120507399,0.8657505285412262,0.9418604651162791,0.163660508359166,0.9225589225589226,0.96723044397463,0.55,0.6,1.0,1.0,1.1,1.1
simgp24_g75,random,13,1,0.08631174854049072,0.9710526315789474,0.8621495327102804,0.9133663366336634,428,0.671247357293869,0.28118393234672306,0.5295983086680761,0.7854122621564482,,,,,,,,,
simgp_timeblind,random,13,1,0.23984599495151693,0.953551912568306,0.8154205607476636,0.8790931989924433,428,0.6723044397463002,,,,0.3132476487153312,0.9326599326599326,0.7558139534883721,,,,,,
mean_of_samples,random,13,1,0.3235967281949757,1.0,0.0,0.0,428,0.0,,,,0.4724145082893555,0.0,0.0,,,,,,
simgp24,random,14,1,0.05887233119808989,0.8697478991596639,0.9672897196261683,0.915929203539823,428,0.9058201058201059,0.5957671957671957,0.8571428571428571,0.9365079365079365,0.13450679045255007,0.8922558922558923,0.9481481481481482,0.55,0.6,1.0,1.0,1.1,1.1
simgp24_g75,random,14,1,0.08625538539742267,0.9713541666666666,0.8714953271028038,0.91871921182266,428,0.6116402116402117,0.24761904761904763,0.47619047619047616,0.7216931216931217,,,,,,,,,
simgp_timeblind,random,14,1,0.2286384091377538,1.0,0.7079439252336449,0.8290013679890561,428,0.6010582010582011,,,,0.2736356376831675,0.8552188552188552,0.7608465608465609,,,,,,
mean_of_samples,random,14,1,0.3175864639144714,1.0,0.0,0.0,428,0.0,,,,0.47462420960331186,0.0,0.0,,,,,,
simgp24,random,15,1,0.053056879048171114,0.8886554621848739,0.990632318501171,0.93687707641196,427,0.9205508474576272,0.6451271186440678,0.864406779661017,0.9385593220338984,0.12862417994206743,0.8888888888888888,0.9544491525423728,0.55,0.6,1.0,1.0,1.1,1.1
simgp24_g75,random,15,1,0.08257334424751453,0.9716494845360825,0.882903981264637,0.9251533742331288,427,0.649364406779661,0.2330508474576271,0.5233050847457628,0.7425847457627118,,,,,,,,,
simgp_timeblind,random,15,1,0.2035743649720334,0.9842271293375394,0.7306791569086651,0.8387096774193549,427,0.6366525423728814,,,,0.2844179190639632,0.8888888888888888,0.7733050847457628,,,,,,
mean_of_samples,random,15,1,0.3125212859595957,1.0,0.0,0.0,427,0.0,,,,0.47717448093017467,0.0,0.0,,,,,,
simgp24,uncertainty,3,1,0.041945080123441336,0.9501133786848073,0.9654377880184332,0.9577142857142859,434,0.9550209205020921,0.8190376569037657,0.946652719665272,0.9560669456066946,0.16315936065828032,0.7920792079207921,0.9717573221757322,0.55,0.3,1.0,1.0,0.9,1.05
simgp24,uncertainty,4,1,0.04893539857025103,0.9541284403669725,0.9607390300230947,0.9574223245109321,433,0.9549738219895288,0.8251308900523561,0.9434554973821989,0.956020942408377,0.1370621236119393,0.7788778877887789,0.9664921465968587,0.4,0.3,1.0,0.85,0.9,0.95
simgp24,uncertainty,5,1,0.05483081517963019,0.9199134199134199,0.9837962962962963,0.9507829977628636,432,0.940251572327044,0.7851153039832285,0.9171907756813418,0.949685534591195,0.1070742848489868,0.9205298013245033,0.9517819706498952,0.4,0.3,1.0,0.85,0.9,0.9
simgp24,uncertainty,6,1,0.0415919840055546,0.9420935412026726,0.9814385150812065,0.9613636363636363,431,0.9485834207764953,0.8436516264428122,0.9433368310598111,0.9527806925498427,0.10310571971856611,0.9169435215946844,0.9590766002098636,0.4,0.1,0.5,0.85,1.0,0.9
simgp24,uncertainty,7,1,0.09671216421821728,0.8018691588785046,0.9976744186046511,0.8891191709844559,430,0.9149159663865546,0.32668067226890757,0.8560924369747899,0.9474789915966386,0.0909537051278979,0.9667774086378738,0.9621848739495799,0.4,0.3,1.0,0.85,1.0,0.95
simgp24,uncertainty,8,1,0.18539505971463083,0.6327433628318584,1.0,0.7750677506775068,429,0.3617245005257624,0.023133543638275498,0.19558359621451105,0.6771819137749737,0.09747316024689123,0.9666666666666667,0.9600420609884333,0.55,1.5,0.0,0.85,0.9,1.05
simgp24,uncertainty,9,1,0.08149560262687804,0.7763636363636364,0.9976635514018691,0.8732106339468302,428,0.8452631578947368,0.26421052631578945,0.7189473684210527,0.891578947368421,0.09127602808159596,0.9665551839464883,0.9347368421052632,0.4,1.5,0.0,0.85,0.9,0.9
simgp24,uncertainty,10,1,0.08237193136204139,0.7932960893854749,0.9976580796252927,0.8838174273858921,427,0.9378292939936775,0.7302423603793466,0.9220231822971549,0.9452054794520548,0.10307088619789666,0.9765100671140939,0.9662802950474183,0.4,0.6,1.0,0.85,1.0,1.0
simgp24,uncertainty,11,1,0.08056513326817129,0.8079847908745247,0.9976525821596244,0.8928571428571429,426,0.9409282700421941,0.8132911392405063,0.9282700421940928,0.9462025316455697,0.1094847900652678,0.9730639730639731,0.9662447257383966,0.4,1.5,0.0,0.85,1.0,1.05
simgp24,uncertainty,12,1,0.10896929823290483,0.7417102966841187,1.0,0.8517034068136272,425,0.9324181626187962,0.25131995776135163,0.8753959873284055,0.9461457233368532,0.08851522630685754,0.9662162162162162,0.9683210137275607,0.4,1.5,0.0,0.85,0.9,0.95
simgp24,uncertainty,13,1,0.1113808223819543,0.7607913669064749,0.9976415094339622,0.863265306122449,424,0.8858350951374208,0.20930232558139536,0.7949260042283298,0.9207188160676533,0.0850082172445155,0.9627118644067797,0.9577167019027484,0.4,0.3,0.0,0.85,0.9,0.9
simgp24,uncertainty,14,1,0.08064895020706418,0.7943396226415095,0.9952718676122931,0.8835257082896117,423,0.9322751322751323,0.6613756613756614,0.8952380952380953,0.9492063492063492,0.0897119803210094,0.9659863945578231,0.9661375661375662,0.55,0.3,1.0,0.85,0.9,1.0
simgp24,uncertainty,15,1,0.1183992767328442,0.750445632798574,0.9976303317535545,0.856561546286877,422,0.8802966101694916,0.1885593220338983,0.7828389830508474,0.9163135593220338,0.08017379606742227,0.9556313993174061,0.9692796610169492,0.4,0.3,0.0,0.85,0.9,0.9
simgp24,straddle,3,1,0.041945080123441336,0.9501133786848073,0.9654377880184332,0.9577142857142859,434,0.9550209205020921,0.8190376569037657,0.946652719665272,0.9560669456066946,0.16315936065828032,0.7920792079207921,0.9717573221757322,0.55,0.3,1.0,1.0,0.9,1.05
simgp24,straddle,4,1,0.04762775746223894,0.9050632911392406,0.9907621247113164,0.9459757442116868,433,0.8973821989528796,0.7507853403141361,0.8712041884816754,0.9183246073298429,0.2409105569963367,0.8145695364238411,0.8858638743455497,0.55,0.3,1.0,1.0,1.0,1.1
simgp24,straddle,5,1,0.05178459526805089,0.897489539748954,0.9930555555555556,0.9428571428571428,432,0.889937106918239,0.7232704402515723,0.8584905660377359,0.909853249475891,0.22761613954400622,0.8305647840531561,0.8983228511530398,0.55,0.3,0.0,1.0,1.1,1.1
simgp24,straddle,6,1,0.07069546955335557,0.8256704980842912,1.0,0.9045120671563484,431,0.8604407135362014,0.5372507869884575,0.7995802728226653,0.8919202518363064,0.18612291813388576,0.8933333333333333,0.938090241343127,0.55,0.6,0.0,1.0,1.1,1.1
simgp24,straddle,7,1,0.058796348158536973,0.8773006134969326,0.9976744186046511,0.9336235038084875,430,0.8918067226890757,0.6659663865546218,0.8487394957983193,0.9044117647058824,0.225499791764514,0.8361204013377926,0.8855042016806722,0.55,0.3,0.0,1.0,1.1,1.1
simgp24,straddle,8,1,0.07494637748944791,0.8171428571428572,1.0,0.89937106918239,429,0.8559411146161935,0.5068349106203995,0.7896950578338591,0.8916929547844374,0.215241422785233,0.8729096989966555,0.8990536277602523,0.55,0.6,0.5,1.0,1.1,1.1
simgp24,straddle,9,1,0.20808059266050954,0.6266471449487555,1.0,0.7704770477047705,428,0.3936842105263158,0.04105263157894737,0.25157894736842107,0.5368421052631579,0.2192127317408724,0.8489932885906041,0.9631578947368421,0.4,1.5,0.0,1.0,1.1,1.0
simgp24,straddle,10,1,0.2022539596875238,0.6335311572700296,1.0,0.7756584922797457,427,0.37513171759747105,0.0410958904109589,0.25395152792413067,0.5184404636459431,0.2176814821372109,0.8653198653198653,0.9620653319283456,0.4,1.5,0.0,1.0,1.1,0.95
simgp24,straddle,11,1,0.19742109017351503,0.6377245508982036,1.0,0.7787934186471664,426,0.3270042194092827,0.04113924050632911,0.23312236286919832,0.4462025316455696,0.21323144783899328,0.8821548821548821,0.9588607594936709,0.4,1.5,0.0,1.0,1.1,0.95
simgp24,straddle,12,1,0.17579418853969317,0.6609642301710731,1.0,0.795880149812734,425,0.368532206969377,0.06969376979936642,0.2576557550158395,0.4815205913410771,0.2101590789454546,0.8855218855218855,0.955649419218585,0.4,1.5,0.0,1.0,1.1,0.95
simgp24,straddle,13,1,0.1632896605249002,0.7138047138047138,1.0,0.8330058939096268,424,0.5718816067653277,0.10042283298097252,0.35095137420718814,0.7716701902748414,0.18235307162440068,0.8817567567567568,0.9704016913319239,0.4,1.5,0.0,1.0,1.1,0.95
simgp24,straddle,14,1,0.10755231358783263,0.7810760667903525,0.9952718676122931,0.8752598752598753,423,0.8857142857142857,0.24126984126984127,0.746031746031746,0.926984126984127,0.08683656461499552,0.9491525423728814,0.9576719576719577,0.4,1.0,1.0,0.85,0.9,1.05
simgp24,straddle,15,1,0.08771275500359281,0.7658802177858439,1.0,0.8674203494347379,422,0.7711864406779662,0.2754237288135593,0.6705508474576272,0.8294491525423728,0.18935814964608852,0.9047619047619048,0.9046610169491526,0.55,1.0,0.5,1.0,1.1,1.1
simgp24,straddle_min,3,1,0.041945080123441336,0.9501133786848073,0.9654377880184332,0.9577142857142859,434,0.9550209205020921,0.8190376569037657,0.946652719665272,0.9560669456066946,0.16315936065828032,0.7920792079207921,0.9717573221757322,0.55,0.3,1.0,1.0,0.9,1.05
simgp24,straddle_min,4,1,0.046770569455236714,0.9164882226980728,0.9884526558891455,0.9511111111111111,433,0.9392670157068063,0.7884816753926701,0.9015706806282723,0.949738219895288,0.17227866982840337,0.8448844884488449,0.9654450261780104,0.55,0.1,1.0,1.0,0.9,0.95
simgp24,straddle_min,5,1,0.04391566873940491,0.9423503325942351,0.9815242494226328,0.9615384615384616,433,0.9454926624737946,0.7924528301886793,0.9046121593291404,0.9528301886792453,0.16531218270807277,0.834983498349835,0.9622641509433962,0.55,0.1,0.5,1.0,1.0,1.0
simgp24,straddle_min,6,1,0.05682558829622212,0.8809034907597536,0.9930555555555556,0.9336235038084876,432,0.9454354669464848,0.7166841552990556,0.925498426023085,0.9517313746065058,0.10846815090421429,0.9075907590759076,0.9632738719832109,0.4,0.3,0.5,0.85,0.9,0.9
simgp24,straddle_min,7,1,0.06418109802774458,0.8666666666666667,0.9930555555555556,0.9255663430420712,432,0.9401260504201681,0.6848739495798319,0.9180672268907563,0.9527310924369747,0.11559134677190094,0.933993399339934,0.9642857142857143,0.4,0.3,0.5,0.85,0.9,0.9
simgp24,straddle_min,8,1,0.07819496856589243,0.8582834331337326,0.9953703703703703,0.9217577706323689,432,0.9190325972660357,0.6961093585699264,0.8832807570977917,0.9369085173501577,0.15093966307282666,0.9438943894389439,0.9232386961093586,0.4,0.3,0.5,0.85,0.9,0.9
simgp24,straddle_min,9,1,0.0729168563575068,0.8464566929133859,0.9953703703703703,0.9148936170212765,432,0.9305263157894736,0.6610526315789473,0.8905263157894737,0.9452631578947368,0.12665702395175615,0.9405940594059405,0.9452631578947368,0.4,0.3,0.0,0.85,0.9,0.9
simgp24,straddle_min,10,1,0.07513602528239305,0.8548707753479126,0.9953703703703703,0.9197860962566846,432,0.9220231822971549,0.6944151738672286,0.8893572181243414,0.9367755532139094,0.12958385386154522,0.9372937293729373,0.9220231822971549,0.4,0.3,0.5,0.85,0.9,0.9
simgp24,straddle_min,11,1,0.10655855498462898,0.745674740484429,0.9976851851851852,0.8534653465346536,432,0.8565400843881856,0.28270042194092826,0.6983122362869199,0.919831223628692,0.17651355648104533,0.9174917491749175,0.9736286919831224,0.55,0.3,0.5,1.0,1.1,1.1
simgp24,straddle_min,12,1,0.08008676177398595,0.8804123711340206,0.9884259259259259,0.931297709923664,432,0.938753959873284,0.7222808870116156,0.8975712777191129,0.9503695881731784,0.149180624949177,0.858085808580858,0.9704329461457233,0.55,0.3,0.0,1.0,1.1,1.1
simgp24,straddle_min,13,1,0.051321148832267086,0.9096774193548387,0.9814385150812065,0.9441964285714286,431,0.9513742071881607,0.7832980972515856,0.9260042283298098,0.9545454545454546,0.09234916307460664,0.890728476821192,0.9640591966173362,0.4,0.3,1.0,0.85,0.9,0.9
simgp24,straddle_min,14,1,0.09390939973071069,0.8653061224489796,0.986046511627907,0.9217391304347826,430,0.8783068783068783,0.656084656084656,0.8328042328042328,0.9047619047619048,0.22629121643170044,0.8774834437086093,0.9417989417989417,0.4,0.6,0.5,1.0,1.1,0.95
simgp24,straddle_min,15,1,0.06339818922218468,0.8905263157894737,0.9837209302325581,0.9348066298342542,430,0.9533898305084746,0.836864406779661,0.9459745762711864,0.9565677966101694,0.10701214378596867,0.9039735099337748,0.9692796610169492,0.4,0.3,1.0,0.85,0.9,0.9
