model,strategy,n,seed,rmse,mae,precision,recall,f1,n_true_viol,coverage90,coverage50,coverage80,coverage95,map_kb,map_kw,map_gamma,map_demand,map_rough,map_dose,recall_all
simgp_core,random,3,0,0.08026844237824901,0.05236047607944875,0.9069767441860465,0.8227848101265823,0.8628318584070797,237,0.9864016736401674,0.8901673640167364,0.9790794979079498,0.9905857740585774,0.4,0.3,0.5,1.0,0.9,0.9,0.8227848101265823
simgp_core_nogp,random,3,0,0.08037403593508066,0.052525242725587534,0.9069767441860465,0.8227848101265823,0.8628318584070797,237,0.9864016736401674,0.8859832635983264,0.9790794979079498,0.9905857740585774,,,,,,,
simgp_core_g75,random,3,0,0.1099029432291227,0.06547819882318494,0.739413680781759,0.9578059071729957,0.8345588235294117,237,0.8242677824267782,0.5460251046025104,0.7552301255230126,0.8765690376569037,,,,,,,
physgp_core,random,3,0,0.39078690143186895,0.32154007842028437,1.0,0.0,0.0,237,0.09728033472803348,0.032426778242677826,0.07217573221757322,0.12761506276150628,,,,,,,
physgp_rich,random,3,0,0.3957906433625185,0.3261572988903043,1.0,0.0,0.0,237,0.18514644351464435,0.07426778242677824,0.14435146443514643,0.2102510460251046,,,,,,,
simgp_rich,random,3,0,0.08037336817274086,0.052524375297704144,0.9069767441860465,0.8227848101265823,0.8628318584070797,237,0.9864016736401674,0.893305439330544,0.9790794979079498,0.9905857740585774,,,,,,,
pinn_rich,random,3,0,0.33311872745641713,0.2638599461342471,1.0,0.0,0.0,237,0.1506276150627615,0.051255230125523014,0.11820083682008369,0.1809623430962343,,,,,,,
mean_of_samples,random,3,0,0.3920881679631011,0.3257948868670331,1.0,0.0,0.0,237,,,,,,,,,,,
nearest_sample,random,3,0,0.35331066845384806,0.28394251793992187,1.0,0.0,0.0,237,,,,,,,,,,,
decay_only,random,3,0,0.3999426337845852,0.3313030773072517,1.0,0.0,0.0,237,,,,,,,,,,,
simgp_core,random,4,0,0.07691965067154986,0.050603976918915695,0.9365079365079365,0.75,0.8329411764705882,236,0.9832460732984293,0.8010471204188482,0.9738219895287958,0.9863874345549738,0.25,0.6,0.5,1.0,1.1,0.9,0.7510548523206751
simgp_core_nogp,random,4,0,0.07832281820136687,0.05256590016961562,0.9246231155778895,0.7796610169491526,0.8459770114942529,236,0.9832460732984293,0.8073298429319372,0.9717277486910995,0.9853403141361257,,,,,,,
simgp_core_g75,random,4,0,0.11117421160100774,0.07610134105284581,0.8058252427184466,0.7033898305084746,0.751131221719457,236,0.6774869109947644,0.3842931937172775,0.6167539267015707,0.7486910994764397,,,,,,,
physgp_core,random,4,0,0.32794187223613536,0.22238541596982273,0.688034188034188,0.6822033898305084,0.6851063829787234,236,0.1581151832460733,0.06806282722513089,0.1225130890052356,0.19581151832460733,,,,,,,
physgp_rich,random,4,0,0.32535781108845296,0.22234843272633717,0.6866952789699571,0.6779661016949152,0.6823027718550106,236,0.23350785340314137,0.08900523560209424,0.17591623036649215,0.2931937172774869,,,,,,,
simgp_rich,random,4,0,0.07754384536827892,0.05161529774449019,0.9246231155778895,0.7796610169491526,0.8459770114942529,236,0.9832460732984293,0.8219895287958116,0.9738219895287958,0.9853403141361257,,,,,,,
mean_of_samples,random,4,0,0.3453021133630472,0.2622320627611744,1.0,0.0,0.0,236,,,,,,,,,,,
nearest_sample,random,4,0,0.34002985616784426,0.265581099019184,0.5035971223021583,0.2966101694915254,0.37333333333333335,236,,,,,,,,,,,
decay_only,random,4,0,0.32456842299542227,0.22302699844141793,0.6866952789699571,0.6779661016949152,0.6823027718550106,236,,,,,,,,,,,
simgp_core,random,5,0,0.08945387007609384,0.0616075636785831,0.9444444444444444,0.6483050847457628,0.7688442211055276,236,0.9528301886792453,0.7452830188679245,0.9035639412997903,0.980083857442348,0.55,0.1,0.5,1.15,0.9,0.95,0.6497890295358649
simgp_core_nogp,random,5,0,0.0814686438057209,0.05777429499260399,0.9393939393939394,0.6567796610169492,0.773067331670823,236,0.9811320754716981,0.6740041928721174,0.9549266247379455,0.9863731656184487,,,,,,,
simgp_core_g75,random,5,0,0.12211200925497959,0.08208021454820622,0.9047619047619048,0.5635593220338984,0.6945169712793735,236,0.7515723270440252,0.4119496855345912,0.6572327044025157,0.7955974842767296,,,,,,,
physgp_core,random,5,0,0.3249010175674013,0.21554953525346995,0.6853448275862069,0.673728813559322,0.6794871794871795,236,0.25471698113207547,0.09329140461215933,0.1918238993710692,0.3008385744234801,,,,,,,
physgp_rich,random,5,0,0.3145367898690756,0.215535969684673,0.6893617021276596,0.6864406779661016,0.6878980891719746,236,0.22641509433962265,0.08909853249475891,0.17295597484276728,0.29559748427672955,,,,,,,
simgp_rich,random,5,0,0.0923990571024198,0.06473125973666406,0.9290322580645162,0.6101694915254238,0.7365728900255756,236,0.9706498951781971,0.7169811320754716,0.9234800838574424,0.9811320754716981,,,,,,,
pinn_rich,random,5,0,0.29829848592157027,0.2295244311156269,0.5063291139240507,0.3389830508474576,0.40609137055837563,236,0.13417190775681342,0.05660377358490566,0.1069182389937107,0.16142557651991615,,,,,,,
mean_of_samples,random,5,0,0.3476593505770893,0.2674503540394223,1.0,0.0,0.0,236,,,,,,,,,,,
nearest_sample,random,5,0,0.3410928416666651,0.2669767035668813,0.5035971223021583,0.2966101694915254,0.37333333333333335,236,,,,,,,,,,,
decay_only,random,5,0,0.3137710125341216,0.21673351908694186,0.6851063829787234,0.6822033898305084,0.6836518046709129,236,,,,,,,,,,,
simgp_core,random,6,0,0.09848039364427984,0.07383162325702085,0.9404761904761905,0.6694915254237288,0.7821782178217822,236,0.9590766002098636,0.6295907660020986,0.9097586568730325,0.9790136411332634,0.55,0.1,0.0,1.15,0.9,1.05,0.6708860759493671
simgp_core_nogp,random,6,0,0.09326147618735386,0.06987040008967271,0.9487179487179487,0.6271186440677966,0.7551020408163266,236,0.974816369359916,0.5236096537250787,0.9171038824763903,0.9863588667366212,,,,,,,
simgp_core_g75,random,6,0,0.12051929514823131,0.08456398550025555,0.9130434782608695,0.5338983050847458,0.6737967914438503,236,0.8048268625393494,0.4260230849947534,0.6904512067156349,0.863588667366212,,,,,,,
physgp_core,random,6,0,0.2898400426347821,0.21587645603265312,0.7714285714285715,0.5720338983050848,0.6569343065693432,236,0.55299055613851,0.17418677859391396,0.4228751311647429,0.6348373557187827,,,,,,,
physgp_rich,random,6,0,0.321612700731339,0.22407483972006967,0.7411167512690355,0.6186440677966102,0.674364896073903,236,0.7397691500524659,0.26128016789087094,0.5750262329485835,0.8289611752360966,,,,,,,
simgp_rich,random,6,0,0.09434053354563748,0.07059341322306935,0.948051948051948,0.6186440677966102,0.7487179487179486,236,0.9800629590766002,0.6715634837355718,0.9527806925498427,0.9874081846799581,,,,,,,
mean_of_samples,random,6,0,0.34884266078777804,0.2697529075880734,1.0,0.0,0.0,236,,,,,,,,,,,
nearest_sample,random,6,0,0.3312687634855401,0.2522256864618113,0.5035971223021583,0.2966101694915254,0.37333333333333335,236,,,,,,,,,,,
decay_only,random,6,0,0.34439819122173876,0.24164678371810347,0.7061611374407583,0.6313559322033898,0.6666666666666666,236,,,,,,,,,,,
simgp_core,random,7,0,0.09508984889038596,0.0708749751354105,0.9382716049382716,0.6440677966101694,0.7638190954773869,236,0.9758403361344538,0.6386554621848739,0.9338235294117647,0.9842436974789915,0.55,0.1,0.0,1.15,0.9,1.05,0.6455696202531646
simgp_core_nogp,random,7,0,0.08930936282872094,0.06618412961516137,0.9320987654320988,0.6398305084745762,0.7587939698492463,236,0.976890756302521,0.5577731092436975,0.9317226890756303,0.9842436974789915,,,,,,,
simgp_core_g75,random,7,0,0.13098359016072608,0.09341357402129304,0.8834355828220859,0.6101694915254238,0.7218045112781956,236,0.7605042016806722,0.3602941176470588,0.6176470588235294,0.8287815126050421,,,,,,,
physgp_core,random,7,0,0.34621991825682774,0.24263859269908117,0.7340425531914894,0.5847457627118644,0.6509433962264152,236,0.569327731092437,0.17647058823529413,0.39285714285714285,0.657563025210084,,,,,,,
physgp_rich,random,7,0,0.26962141757191327,0.18602858476924064,0.782608695652174,0.6101694915254238,0.6857142857142858,236,0.6974789915966386,0.2615546218487395,0.5630252100840336,0.7689075630252101,,,,,,,
simgp_rich,random,7,0,0.1026981111423098,0.07763100493531637,0.934640522875817,0.6059322033898306,0.7352185089974294,236,0.9600840336134454,0.5987394957983193,0.9086134453781513,0.9789915966386554,,,,,,,
mean_of_samples,random,7,0,0.3473524077482182,0.2665286485824406,1.0,0.0,0.0,236,,,,,,,,,,,
nearest_sample,random,7,0,0.3601102551583555,0.2653221491341581,0.5035971223021583,0.2966101694915254,0.37333333333333335,236,,,,,,,,,,,
decay_only,random,7,0,0.353323471926017,0.24749630273570697,0.7047619047619048,0.6271186440677966,0.6636771300448431,236,,,,,,,,,,,
simgp_core,random,8,0,0.10271782034733004,0.07549441108138354,0.9333333333333333,0.652542372881356,0.7680798004987532,236,0.964248159831756,0.5846477392218717,0.8853838065194533,0.9779179810725552,0.55,0.1,0.0,1.15,0.9,1.05,0.6540084388185654
simgp_core_nogp,random,8,0,0.0899704170066251,0.06685043471238264,0.9316770186335404,0.635593220338983,0.7556675062972292,236,0.9768664563617245,0.5425867507886435,0.92534174553102,0.9842271293375394,,,,,,,
simgp_core_g75,random,8,0,0.13204959725476217,0.09329277485908642,0.8841463414634146,0.614406779661017,0.725,236,0.7266035751840169,0.35436382754994744,0.5983175604626709,0.807570977917981,,,,,,,
physgp_core,random,8,0,0.17482644374333411,0.13326233356146872,0.7714285714285715,0.5720338983050848,0.6569343065693432,236,0.601472134595163,0.2723449001051525,0.5026288117770767,0.6771819137749737,,,,,,,
physgp_rich,random,8,0,0.17905290138880817,0.12932291266779544,0.8383233532934131,0.5932203389830508,0.694789081885856,236,0.6729758149316509,0.3196635120925342,0.5709779179810726,0.7728706624605678,,,,,,,
simgp_rich,random,8,0,0.10023039707347119,0.07356845706380619,0.9382716049382716,0.6440677966101694,0.7638190954773869,236,0.9674027339642481,0.6056782334384858,0.889589905362776,0.9810725552050473,,,,,,,
pinn_rich,random,8,0,0.27258703122966327,0.19123226887217631,0.56,0.3559322033898305,0.4352331606217617,236,0.20504731861198738,0.07045215562565721,0.15457413249211358,0.24815983175604628,,,,,,,
mean_of_samples,random,8,0,0.3610011238809517,0.28882975744632117,1.0,0.0,0.0,236,,,,,,,,,,,
nearest_sample,random,8,0,0.36368068487766614,0.2639978334966565,0.5035971223021583,0.2966101694915254,0.37333333333333335,236,,,,,,,,,,,
decay_only,random,8,0,0.2481263020573707,0.18215286904899528,0.7087378640776699,0.6186440677966102,0.6606334841628959,236,,,,,,,,,,,
simgp_core,random,9,0,0.08388935616129527,0.05770520745176695,0.9095744680851063,0.7245762711864406,0.8066037735849056,236,0.9778947368421053,0.7473684210526316,0.94,0.9852631578947368,0.55,0.1,0.0,1.15,0.9,1.05,0.7257383966244726
simgp_core_nogp,random,9,0,0.0797333685062389,0.05562766946723047,0.9364161849710982,0.6864406779661016,0.7921760391198043,236,0.9789473684210527,0.6452631578947369,0.9484210526315789,0.9852631578947368,,,,,,,
simgp_core_g75,random,9,0,0.12621922399033056,0.08312079292994536,0.8830409356725146,0.6398305084745762,0.7420147420147419,236,0.7873684210526316,0.42210526315789476,0.6884210526315789,0.84,,,,,,,
physgp_core,random,9,0,0.176161060742777,0.13098704840375652,0.7987804878048781,0.5550847457627118,0.6549999999999999,236,0.5968421052631578,0.27263157894736845,0.48105263157894734,0.6684210526315789,,,,,,,
physgp_rich,random,9,0,0.17627993107262088,0.12726592868544254,0.8509316770186336,0.5805084745762712,0.690176322418136,236,0.6421052631578947,0.30105263157894735,0.5347368421052632,0.7242105263157895,,,,,,,
simgp_rich,random,9,0,0.09429246688371193,0.06845239218229945,0.9371069182389937,0.6313559322033898,0.7544303797468356,236,0.9652631578947368,0.6852631578947368,0.9105263157894737,0.9810526315789474,,,,,,,
mean_of_samples,random,9,0,0.357592582216129,0.2839932706951332,1.0,0.0,0.0,236,,,,,,,,,,,
nearest_sample,random,9,0,0.3590934439004708,0.2577781762341066,0.5035971223021583,0.2966101694915254,0.37333333333333335,236,,,,,,,,,,,
decay_only,random,9,0,0.24781525411035638,0.182017591085496,0.7053140096618358,0.6186440677966102,0.6591422121896162,236,,,,,,,,,,,
simgp_core,random,10,0,0.08479400508489734,0.057522627704058284,0.9428571428571428,0.6991525423728814,0.8029197080291972,236,0.9757639620653319,0.726027397260274,0.9409905163329821,0.9852476290832455,0.55,0.1,0.0,1.15,0.9,1.0,0.70042194092827
simgp_core_nogp,random,10,0,0.07851730878820454,0.05371784910803701,0.9431818181818182,0.7033898305084746,0.8058252427184466,236,0.9768177028451,0.6775553213909379,0.946259220231823,0.9852476290832455,,,,,,,
simgp_core_g75,random,10,0,0.1276461885304292,0.08409582028672707,0.8793103448275862,0.6483050847457628,0.7463414634146343,236,0.7629083245521602,0.3898840885142255,0.6680716543730242,0.8198103266596417,,,,,,,
physgp_core,random,10,0,0.17519446682977566,0.1294792907043745,0.8580645161290322,0.5635593220338984,0.680306905370844,236,0.571127502634352,0.2465753424657534,0.45521601685985247,0.6438356164383562,,,,,,,
physgp_rich,random,10,0,0.1699742631872178,0.12133835616366533,0.8662420382165605,0.576271186440678,0.6921119592875318,236,0.6533192834562698,0.3192834562697576,0.5563751317175974,0.7397260273972602,,,,,,,
simgp_rich,random,10,0,0.0832004239317558,0.05790695687604686,0.9270833333333334,0.7542372881355932,0.8317757009345795,236,0.9789251844046365,0.7713382507903056,0.9536354056902002,0.9841938883034773,,,,,,,
pinn_rich,random,10,0,0.2595846114885366,0.1688814934781896,0.5555555555555556,0.3389830508474576,0.42105263157894735,236,0.2845100105374078,0.11591148577449947,0.2191780821917808,0.34562697576396206,,,,,,,
mean_of_samples,random,10,0,0.35930822280210484,0.2864300159809357,1.0,0.0,0.0,236,,,,,,,,,,,
nearest_sample,random,10,0,0.3616183988482761,0.2601947691102544,0.5035971223021583,0.2966101694915254,0.37333333333333335,236,,,,,,,,,,,
decay_only,random,10,0,0.22179204222371404,0.1646550249898988,0.7053140096618358,0.6186440677966102,0.6591422121896162,236,,,,,,,,,,,
simgp_core,random,11,0,0.08302301758308567,0.05578414652028095,0.8944723618090452,0.7542372881355932,0.8183908045977012,236,0.9778481012658228,0.7510548523206751,0.9419831223628692,0.9841772151898734,0.55,0.1,0.0,1.15,0.9,1.0,0.7552742616033755
simgp_core_nogp,random,11,0,0.07602063642311747,0.05051348443854004,0.9344262295081968,0.7245762711864406,0.8162291169451074,236,0.979957805907173,0.7225738396624473,0.95042194092827,0.9852320675105485,,,,,,,
simgp_core_g75,random,11,0,0.12133384802676077,0.07938942419535337,0.84375,0.6864406779661016,0.7570093457943925,236,0.8259493670886076,0.43670886075949367,0.7278481012658228,0.8639240506329114,,,,,,,
physgp_core,random,11,0,0.17405835830046223,0.12467410237488451,0.7802197802197802,0.6016949152542372,0.679425837320574,236,0.6687763713080169,0.28270042194092826,0.5654008438818565,0.7531645569620253,,,,,,,
physgp_rich,random,11,0,0.21646782444551113,0.1452424227181273,0.7222222222222222,0.6610169491525424,0.6902654867256637,236,0.6223628691983122,0.30063291139240506,0.5358649789029536,0.6856540084388185,,,,,,,
simgp_rich,random,11,0,0.08183512326720341,0.055285742532137506,0.9210526315789473,0.7415254237288136,0.8215962441314554,236,0.979957805907173,0.8048523206751055,0.9535864978902954,0.9852320675105485,,,,,,,
mean_of_samples,random,11,0,0.35135751879858473,0.273996680408687,1.0,0.0,0.0,236,,,,,,,,,,,
nearest_sample,random,11,0,0.3576551175007947,0.2554802610539127,0.5035971223021583,0.2966101694915254,0.37333333333333335,236,,,,,,,,,,,
decay_only,random,11,0,0.22202585260437938,0.16482426051761,0.7053140096618358,0.6186440677966102,0.6591422121896162,236,,,,,,,,,,,
simgp_core,random,12,0,0.08110329942996322,0.05193448571391958,0.921875,0.75,0.8271028037383178,236,0.9767687434002112,0.7835269271383316,0.9514255543822597,0.9852164730728616,0.55,0.1,0.0,1.15,0.9,0.95,0.7510548523206751
simgp_core_nogp,random,12,0,0.07450965120082455,0.048134261026623874,0.9319371727748691,0.7542372881355932,0.8337236533957845,236,0.9788806758183738,0.7518479408658922,0.9545934530095037,0.9852164730728616,,,,,,,
simgp_core_g75,random,12,0,0.12187337278834118,0.07823396617682994,0.8609625668449198,0.6822033898305084,0.7612293144208037,236,0.7624076029567054,0.40760295670538543,0.6768743400211193,0.8152059134107709,,,,,,,
physgp_core,random,12,0,0.17556511413103837,0.12332962553334328,0.8011049723756906,0.614406779661017,0.6954436450839329,236,0.6631467793030623,0.2925026399155227,0.5469904963041182,0.7317845828933475,,,,,,,
physgp_rich,random,12,0,0.17868916148195824,0.12394503560426784,0.8135593220338984,0.6101694915254238,0.6973365617433414,236,0.6853220696937699,0.30834213305174235,0.5797254487856388,0.7655755015839493,,,,,,,
simgp_rich,random,12,0,0.08471765846608036,0.057542311206231475,0.9191919191919192,0.7711864406779662,0.8387096774193549,236,0.9757127771911299,0.7729672650475184,0.9482576557550159,0.9809926082365364,,,,,,,
pinn_rich,random,12,0,0.22749710083148014,0.1485880735844009,0.5974842767295597,0.4025423728813559,0.4810126582278481,236,0.27560718057022177,0.12038014783526928,0.22597676874340022,0.3273495248152059,,,,,,,
mean_of_samples,random,12,0,0.3505478591320382,0.27246434126716645,1.0,0.0,0.0,236,,,,,,,,,,,
nearest_sample,random,12,0,0.3579133900139811,0.25581522914521954,0.5035971223021583,0.2966101694915254,0.37333333333333335,236,,,,,,,,,,,
decay_only,random,12,0,0.21402712467934465,0.1595093027278091,0.7053140096618358,0.6186440677966102,0.6591422121896162,236,,,,,,,,,,,
simgp_core,random,13,0,0.136960126158212,0.09009003174488131,0.952054794520548,0.5889830508474576,0.7277486910994765,236,0.919661733615222,0.671247357293869,0.872093023255814,0.9418604651162791,0.25,0.3,1.0,0.85,1.1,0.9,0.5907172995780591
simgp_core_nogp,random,13,0,0.09497341558105743,0.07031927316622213,0.9408284023668639,0.673728813559322,0.7851851851851853,236,0.9735729386892178,0.5253699788583509,0.9175475687103594,0.9830866807610994,,,,,,,
simgp_core_g75,random,13,0,0.1580933786431417,0.10118557301614538,0.8758169934640523,0.5677966101694916,0.6889460154241646,236,0.7928118393234672,0.45560253699788583,0.7230443974630021,0.8308668076109936,,,,,,,
physgp_core,random,13,0,0.25011317384441095,0.16943847786016847,0.9101123595505618,0.3432203389830508,0.4984615384615384,236,0.671247357293869,0.3287526427061311,0.5961945031712473,0.7167019027484144,,,,,,,
physgp_rich,random,13,0,0.35360102237925406,0.18102658080683728,0.8855421686746988,0.6228813559322034,0.7313432835820896,236,0.6807610993657506,0.3572938689217759,0.5887949260042283,0.7399577167019028,,,,,,,
simgp_rich,random,13,0,0.19211772088860596,0.09910191151767235,0.925,0.6271186440677966,0.7474747474747475,236,0.9386892177589852,0.6405919661733616,0.8858350951374208,0.9640591966173362,,,,,,,
mean_of_samples,random,13,0,0.3566204978459699,0.2822475727318416,1.0,0.0,0.0,236,,,,,,,,,,,
nearest_sample,random,13,0,0.3753653810830706,0.27302159835153944,0.5035971223021583,0.2966101694915254,0.37333333333333335,236,,,,,,,,,,,
decay_only,random,13,0,0.19062274751910457,0.1508934587644649,0.908256880733945,0.4194915254237288,0.5739130434782608,236,,,,,,,,,,,
simgp_core,random,14,0,0.13658278710833638,0.08903008807586403,0.9459459459459459,0.5932203389830508,0.7291666666666666,236,0.91005291005291,0.6634920634920635,0.8677248677248677,0.9333333333333333,0.25,0.3,1.0,0.85,1.1,0.9,0.5949367088607594
simgp_core_nogp,random,14,0,0.09989921342358446,0.07456612671540011,0.9404761904761905,0.6694915254237288,0.7821782178217822,236,0.9724867724867725,0.5068783068783069,0.8984126984126984,0.9809523809523809,,,,,,,
simgp_core_g75,random,14,0,0.15552109756308394,0.09914493858508308,0.8695652173913043,0.5084745762711864,0.6417112299465241,236,0.8031746031746032,0.5100529100529101,0.7396825396825397,0.8306878306878307,,,,,,,
physgp_core,random,14,0,0.256873024735224,0.17247589059757312,0.9101123595505618,0.3432203389830508,0.4984615384615384,236,0.6518518518518519,0.308994708994709,0.5788359788359788,0.7068783068783069,,,,,,,
physgp_rich,random,14,0,0.34795734445805415,0.18793560025015096,0.9078014184397163,0.5423728813559322,0.6790450928381963,236,0.6730158730158731,0.3164021164021164,0.5608465608465608,0.7312169312169312,,,,,,,
simgp_rich,random,14,0,0.1790298677137712,0.09963699552899997,0.9470198675496688,0.6059322033898306,0.7390180878552971,236,0.9312169312169312,0.6137566137566137,0.8677248677248677,0.9544973544973545,,,,,,,
mean_of_samples,random,14,0,0.35209130272064554,0.2749386842841535,1.0,0.0,0.0,236,,,,,,,,,,,
nearest_sample,random,14,0,0.37573164518382596,0.2747814978764976,0.5035971223021583,0.2966101694915254,0.37333333333333335,236,,,,,,,,,,,
decay_only,random,14,0,0.19056988998837887,0.15088776448875574,0.908256880733945,0.4194915254237288,0.5739130434782608,236,,,,,,,,,,,
simgp_core,random,15,0,0.14359752731585027,0.09198297510640102,0.951048951048951,0.576271186440678,0.7176781002638523,236,0.9014830508474576,0.6705508474576272,0.8548728813559322,0.923728813559322,0.25,0.6,1.0,1.0,1.1,0.9,0.5780590717299579
simgp_core_nogp,random,15,0,0.08547270309940985,0.06156758710241502,0.9385474860335196,0.711864406779661,0.8096385542168674,236,0.975635593220339,0.6080508474576272,0.9396186440677966,0.9809322033898306,,,,,,,
simgp_core_g75,random,15,0,0.15807346954682472,0.10225423248168876,0.8203592814371258,0.5805084745762712,0.6799007444168734,236,0.763771186440678,0.4597457627118644,0.684322033898305,0.8146186440677966,,,,,,,
physgp_core,random,15,0,0.25855986488132066,0.1729577707622871,0.9101123595505618,0.3432203389830508,0.4984615384615384,236,0.6260593220338984,0.2976694915254237,0.5529661016949152,0.6864406779661016,,,,,,,
physgp_rich,random,15,0,0.3332844855572607,0.1902926455869081,0.9285714285714286,0.4957627118644068,0.6464088397790055,236,0.6832627118644068,0.3411016949152542,0.5773305084745762,0.75,,,,,,,
simgp_rich,random,15,0,0.19878403556590482,0.09950961288590514,0.9430379746835443,0.6313559322033898,0.7563451776649746,236,0.9364406779661016,0.6461864406779662,0.8707627118644068,0.9597457627118644,,,,,,,
pinn_rich,random,15,0,0.2206569321813753,0.14236716532394084,0.6057142857142858,0.4491525423728814,0.5158150851581509,236,0.3156779661016949,0.1451271186440678,0.2531779661016949,0.3654661016949153,,,,,,,
mean_of_samples,random,15,0,0.35137963439627007,0.2736516410142757,1.0,0.0,0.0,236,,,,,,,,,,,
nearest_sample,random,15,0,0.3759785932327963,0.27517823023191856,0.5035971223021583,0.2966101694915254,0.37333333333333335,236,,,,,,,,,,,
decay_only,random,15,0,0.19084858541436467,0.15119049253548092,0.908256880733945,0.4194915254237288,0.5739130434782608,236,,,,,,,,,,,
simgp_core,uncertainty,3,0,0.077175988197662,0.04821485681157308,0.9049773755656109,0.8438818565400844,0.8733624454148472,237,0.9864016736401674,0.897489539748954,0.9801255230125523,0.9895397489539749,0.4,1.0,1.0,1.0,1.0,1.0,0.8438818565400844
simgp_core,uncertainty,4,0,0.10494172500590801,0.06659917324252738,0.7977099236641222,0.885593220338983,0.8393574297188755,236,0.9801047120418848,0.7738219895287958,0.9633507853403142,0.9884816753926702,0.4,1.0,1.0,1.0,1.0,1.0,0.8860759493670886
simgp_core,uncertainty,5,0,0.11156569803123158,0.06927412571823614,0.7884615384615384,0.8723404255319149,0.8282828282828283,235,0.9433962264150944,0.6781970649895178,0.8920335429769392,0.9737945492662474,0.4,1.5,0.5,1.0,1.0,1.1,0.8734177215189873
simgp_core,uncertainty,6,0,0.11337006429955754,0.06943187617438208,0.7923076923076923,0.8803418803418803,0.8340080971659919,234,0.925498426023085,0.6621196222455404,0.8709338929695698,0.9569779643231899,0.4,1.5,0.0,1.0,0.9,1.1,0.8818565400843882
simgp_core,uncertainty,7,0,0.12847701004273065,0.07914689348491606,0.7836879432624113,0.9444444444444444,0.8565891472868217,234,0.9107142857142857,0.6334033613445378,0.851890756302521,0.9401260504201681,0.4,1.5,0.0,1.0,0.9,1.1,0.9451476793248945
simgp_core,uncertainty,8,0,0.11346250184737376,0.08045254759447856,0.8980891719745223,0.6051502145922747,0.7230769230769231,233,0.9600420609884333,0.704521556256572,0.9127234490010515,0.9716088328075709,0.4,0.1,1.0,1.0,0.9,0.9,0.6118143459915611
simgp_core,uncertainty,9,0,0.13765299049700744,0.10410358876726729,0.9339622641509434,0.4267241379310345,0.5857988165680474,232,0.9473684210526315,0.4747368421052632,0.8452631578947368,0.9768421052631578,0.1,0.6,0.0,1.0,1.1,0.9,0.4388185654008439
simgp_core,uncertainty,10,0,0.11737728068076494,0.08084377619535664,0.9047619047619048,0.5757575757575758,0.7037037037037038,231,0.9757639620653319,0.8545837723919916,0.9673340358271865,0.9810326659641728,0.4,0.1,0.0,1.0,0.9,1.0,0.5864978902953587
simgp_core,uncertainty,11,0,0.12405852551325833,0.08711627116053229,0.9333333333333333,0.5478260869565217,0.6904109589041095,230,0.9746835443037974,0.8280590717299579,0.9620253164556962,0.9789029535864979,0.4,0.1,0.5,1.0,0.9,1.0,0.5611814345991561
simgp_core,uncertainty,12,0,0.11621176965637953,0.07960813904927713,0.9139072847682119,0.6026200873362445,0.7263157894736841,229,0.9746568109820486,0.8310454065469906,0.9640971488912354,0.9799366420274551,0.4,0.3,1.0,1.0,0.9,1.05,0.6160337552742616
simgp_core,uncertainty,13,0,0.1184001034001062,0.0812867167434342,0.9078947368421053,0.6052631578947368,0.7263157894736842,228,0.9735729386892178,0.8298097251585623,0.9619450317124736,0.9788583509513742,0.4,0.3,1.0,1.0,0.9,1.1,0.620253164556962
simgp_core,uncertainty,14,0,0.12104614925869173,0.0834184703519596,0.8954248366013072,0.6008771929824561,0.7191601049868767,228,0.9724867724867725,0.8253968253968254,0.9608465608465608,0.9746031746031746,0.4,0.3,1.0,1.0,0.9,1.1,0.6160337552742616
simgp_core,uncertainty,15,0,0.11917917545106434,0.08159250615225952,0.8974358974358975,0.6167400881057269,0.731070496083551,227,0.972457627118644,0.8199152542372882,0.9586864406779662,0.9745762711864406,0.4,0.3,1.0,1.0,0.9,1.1,0.6329113924050633
simgp_core,straddle,3,0,0.07686274719125706,0.04884353178265832,0.9041095890410958,0.8354430379746836,0.8684210526315789,237,0.9864016736401674,0.9089958158995816,0.9801255230125523,0.9895397489539749,0.4,0.3,1.0,1.15,0.9,0.9,0.8354430379746836
simgp_core,straddle,4,0,0.07463848948042684,0.047353311066952675,0.9202127659574468,0.729957805907173,0.8141176470588235,237,0.9801047120418848,0.8722513089005236,0.962303664921466,0.987434554973822,0.4,0.3,1.0,1.15,0.9,0.9,0.729957805907173
simgp_core,straddle,5,0,0.10144504855732502,0.07448923341969582,0.9496402877697842,0.5569620253164557,0.7021276595744681,237,0.9433962264150944,0.5953878406708596,0.8867924528301887,0.9675052410901468,0.25,0.6,0.5,1.15,0.9,0.9,0.5569620253164557
simgp_core,straddle,6,0,0.11828338714786746,0.06904151077151376,0.9493670886075949,0.635593220338983,0.7614213197969543,236,0.9338929695697796,0.770199370409234,0.906610703043022,0.9548793284365162,0.4,0.3,1.0,1.15,0.9,0.95,0.6371308016877637
simgp_core,straddle,7,0,0.11391110643021385,0.0742125698989916,0.9594594594594594,0.6016949152542372,0.7395833333333334,236,0.9254201680672269,0.7153361344537815,0.8781512605042017,0.9495798319327731,0.4,0.3,1.0,1.15,0.9,1.0,0.6033755274261603
simgp_core,straddle,8,0,0.09783200107773896,0.06833495734624533,0.9596774193548387,0.5063829787234042,0.6629526462395543,235,0.9284963196635121,0.6813880126182965,0.8801261829652997,0.9526813880126183,0.4,0.3,1.0,1.15,0.9,1.0,0.5063291139240507
simgp_core,straddle,9,0,0.09994028185295921,0.07105597622059259,0.9596774193548387,0.5085470085470085,0.664804469273743,234,0.9242105263157895,0.6547368421052632,0.8726315789473684,0.9494736842105264,0.4,0.3,0.5,1.15,0.9,1.05,0.5063291139240507
simgp_core,straddle,10,0,0.08392761612055097,0.050175891276745245,0.9451219512195121,0.6652360515021459,0.7808564231738035,233,0.9557428872497366,0.8145416227608009,0.9220231822971549,0.9704952581664911,0.4,0.6,0.5,1.15,0.9,1.1,0.6624472573839663
simgp_core,straddle,11,0,0.1142789328366535,0.0782006946836782,0.8050314465408805,0.5517241379310345,0.6547314578005116,232,0.9324894514767933,0.7120253164556962,0.8818565400843882,0.9588607594936709,0.25,0.6,0.0,1.0,1.1,0.9,0.5527426160337553
simgp_core,straddle,12,0,0.10681539289108997,0.06848303225962256,0.8526315789473684,0.7012987012987013,0.7695961995249406,231,0.9778247096092925,0.853220696937698,0.9577613516367476,0.9831045406546991,0.25,1.0,1.0,1.0,1.0,0.9,0.70042194092827
simgp_core,straddle,13,0,0.10737682170090504,0.07205953194733289,0.8705882352941177,0.6406926406926406,0.738154613466334,231,0.9746300211416491,0.8329809725158562,0.9556025369978859,0.9809725158562368,0.25,0.6,0.0,1.0,1.0,0.9,0.6413502109704642
simgp_core,straddle,14,0,0.09261377935090127,0.061107196685192586,0.8941176470588236,0.6608695652173913,0.7599999999999999,230,0.9756613756613757,0.873015873015873,0.9597883597883597,0.9841269841269841,0.25,0.6,0.0,1.0,1.0,0.9,0.6624472573839663
simgp_core,straddle,15,0,0.1881141130220646,0.11185823176497804,0.9074074074074074,0.6391304347826087,0.75,230,0.9364406779661016,0.6970338983050848,0.8813559322033898,0.951271186440678,0.25,0.6,0.5,1.15,1.0,0.9,0.6413502109704642
simgp_core,random,3,1,0.0878983290665372,0.062016909744321176,0.9875518672199171,0.6898550724637681,0.8122866894197953,345,0.9654811715481172,0.7960251046025104,0.9539748953974896,0.9707112970711297,0.1,1.5,0.0,1.0,1.0,0.9,0.6898550724637681
simgp_core_nogp,random,3,1,0.08793680129957585,0.06208360949308679,0.9875518672199171,0.6898550724637681,0.8122866894197953,345,0.9654811715481172,0.7813807531380753,0.9518828451882845,0.9696652719665272,,,,,,,
simgp_core_g75,random,3,1,0.13946925668980453,0.08689804367151628,0.9853658536585366,0.5855072463768116,0.7345454545454546,345,0.7866108786610879,0.48535564853556484,0.7071129707112971,0.8274058577405857,,,,,,,
physgp_core,random,3,1,0.3243898008503127,0.28262099896787685,1.0,0.0,0.0,345,0.19246861924686193,0.07845188284518828,0.14225941422594143,0.2301255230125523,,,,,,,
physgp_rich,random,3,1,0.3244098465214508,0.28260589920155604,1.0,0.0,0.0,345,0.23326359832635984,0.09832635983263599,0.1809623430962343,0.25732217573221755,,,,,,,
simgp_rich,random,3,1,0.08793398723488531,0.062079566871245224,0.9875518672199171,0.6898550724637681,0.8122866894197953,345,0.9654811715481172,0.7845188284518828,0.9518828451882845,0.9707112970711297,,,,,,,
pinn_rich,random,3,1,0.46139993855099776,0.39070292785264593,1.0,0.0,0.0,345,0.19769874476987448,0.10460251046025104,0.15690376569037656,0.22384937238493724,,,,,,,
mean_of_samples,random,3,1,0.5444753357638877,0.48644084623992234,1.0,0.0,0.0,345,,,,,,,,,,,
nearest_sample,random,3,1,0.39914818773559996,0.3313314276550262,1.0,0.0,0.0,345,,,,,,,,,,,
decay_only,random,3,1,0.32441051437212926,0.2826117181821805,1.0,0.0,0.0,345,,,,,,,,,,,
simgp_core,random,4,1,0.08706905344557749,0.06177901090518021,0.9876543209876543,0.6956521739130435,0.8163265306122449,345,0.9664921465968587,0.7947643979057591,0.956020942408377,0.9706806282722513,0.25,1.0,0.5,1.0,1.1,1.0,0.6956521739130435
simgp_core_nogp,random,4,1,0.08686969959063409,0.060584438091447756,0.9876543209876543,0.6956521739130435,0.8163265306122449,345,0.9654450261780104,0.7853403141361257,0.9518324607329843,0.9696335078534032,,,,,,,
simgp_core_g75,random,4,1,0.13771340755502887,0.08476231207631074,0.9855072463768116,0.591304347826087,0.7391304347826086,345,0.7780104712041885,0.4816753926701571,0.7026178010471205,0.8209424083769633,,,,,,,
physgp_core,random,4,1,0.32532274428371966,0.28106137073755383,1.0,0.0,0.0,345,0.25026178010471206,0.1256544502617801,0.22094240837696336,0.2680628272251309,,,,,,,
physgp_rich,random,4,1,0.3256788085843215,0.28195894549675826,1.0,0.0,0.0,345,0.23979057591623038,0.11099476439790576,0.18429319371727748,0.2544502617801047,,,,,,,
simgp_rich,random,4,1,0.08679268587341238,0.060484565556501876,0.9876543209876543,0.6956521739130435,0.8163265306122449,345,0.9654450261780104,0.7947643979057591,0.9549738219895288,0.9706806282722513,,,,,,,
mean_of_samples,random,4,1,0.6699481347715556,0.6108390396429227,1.0,0.0,0.0,345,,,,,,,,,,,
nearest_sample,random,4,1,0.48468057902404893,0.3769679389479877,1.0,0.0,0.0,345,,,,,,,,,,,
decay_only,random,4,1,0.32569766315092574,0.28203973697839557,1.0,0.0,0.0,345,,,,,,,,,,,
simgp_core,random,5,1,0.07437050329592393,0.04770668054971835,0.978021978021978,0.7739130434782608,0.8640776699029125,345,0.9664570230607966,0.8553459119496856,0.9549266247379455,0.9706498951781971,0.4,0.3,1.0,0.85,1.0,0.95,0.7739130434782608
simgp_core_nogp,random,5,1,0.07383277647190062,0.0460703288638479,0.978021978021978,0.7739130434782608,0.8640776699029125,345,0.9643605870020965,0.8522012578616353,0.9528301886792453,0.9696016771488469,,,,,,,
simgp_core_g75,random,5,1,0.11650111313002876,0.06249477344685865,0.9523809523809523,0.8115942028985508,0.8763693270735524,345,0.8406708595387841,0.6572327044025157,0.8018867924528302,0.8742138364779874,,,,,,,
physgp_core,random,5,1,0.27009088986458785,0.22974410471730053,1.0,0.09855072463768116,0.17941952506596306,345,0.2148846960167715,0.10062893081761007,0.16247379454926625,0.24947589098532494,,,,,,,
physgp_rich,random,5,1,0.26221852082443153,0.22225529719878764,1.0,0.12173913043478261,0.2170542635658915,345,0.42557651991614254,0.18238993710691823,0.35639412997903563,0.4727463312368973,,,,,,,
simgp_rich,random,5,1,0.07627586175598744,0.04859683222632603,0.9783393501805054,0.7855072463768116,0.8713826366559486,345,0.9654088050314465,0.8417190775681341,0.9570230607966457,0.9706498951781971,,,,,,,
pinn_rich,random,5,1,0.3959083724554354,0.3310408769056531,1.0,0.0,0.0,345,0.22851153039832284,0.12054507337526206,0.18972746331236898,0.2526205450733753,,,,,,,
mean_of_samples,random,5,1,0.5865635318490994,0.5274758753951685,1.0,0.0,0.0,345,,,,,,,,,,,
nearest_sample,random,5,1,0.48406859504870453,0.3757763621862302,1.0,0.0,0.0,345,,,,,,,,,,,
decay_only,random,5,1,0.27028685408908776,0.23006127703042942,1.0,0.09855072463768116,0.17941952506596306,345,,,,,,,,,,,
simgp_core,random,6,1,0.0777041253176611,0.048133612921879884,0.9850187265917603,0.7645348837209303,0.8608837970540099,344,0.9590766002098636,0.7250786988457503,0.9401888772298006,0.9643231899265478,0.25,0.6,1.0,0.85,1.0,0.9,0.7652173913043478
simgp_core_nogp,random,6,1,0.07791994539903986,0.048474541964450696,0.9850187265917603,0.7645348837209303,0.8608837970540099,344,0.9590766002098636,0.7051416579223505,0.9401888772298006,0.9632738719832109,,,,,,,
simgp_core_g75,random,6,1,0.11077634076201692,0.06160396326665542,0.9096573208722741,0.8488372093023255,0.8781954887218045,344,0.7397691500524659,0.459601259181532,0.6862539349422875,0.7785939139559287,,,,,,,
physgp_core,random,6,1,0.1679524886819161,0.1308371956219867,0.8564593301435407,0.5203488372093024,0.647377938517179,344,0.7743966421825813,0.3473242392444911,0.6232948583420777,0.8268625393494229,,,,,,,
physgp_rich,random,6,1,0.20702760083014815,0.15866151708589202,0.7918552036199095,0.5087209302325582,0.6194690265486725,344,0.6925498426023085,0.3462749213011542,0.5802728226652676,0.7806925498426023,,,,,,,
simgp_rich,random,6,1,0.08179014018520198,0.05321655351307359,0.9851851851851852,0.7732558139534884,0.8664495114006515,344,0.9580272822665268,0.6946484784889821,0.9338929695697796,0.9632738719832109,,,,,,,
mean_of_samples,random,6,1,0.4945452232401002,0.4381920022268093,1.0,0.0,0.0,344,,,,,,,,,,,
nearest_sample,random,6,1,0.4217701715821344,0.27997119067936094,0.711864406779661,0.4883720930232558,0.5793103448275863,344,,,,,,,,,,,
decay_only,random,6,1,0.19988038882598197,0.15778392366705593,0.7906976744186046,0.4941860465116279,0.6082289803220035,344,,,,,,,,,,,
simgp_core,random,7,1,0.07759847837955114,0.04871587862314139,0.9849624060150376,0.7616279069767442,0.859016393442623,344,0.9611344537815126,0.717436974789916,0.9401260504201681,0.9642857142857143,0.25,0.6,1.0,0.85,1.0,0.9,0.7623188405797101
simgp_core_nogp,random,7,1,0.07820606113885216,0.049794259230777745,0.9849624060150376,0.7616279069767442,0.859016393442623,344,0.957983193277311,0.6890756302521008,0.9401260504201681,0.9632352941176471,,,,,,,
simgp_core_g75,random,7,1,0.11134544560439948,0.06730524024605752,0.9233226837060703,0.8401162790697675,0.8797564687975648,344,0.8067226890756303,0.45903361344537813,0.7289915966386554,0.8455882352941176,,,,,,,
physgp_core,random,7,1,0.18534620700304474,0.13805589867585788,0.8605769230769231,0.5203488372093024,0.6485507246376812,344,0.7226890756302521,0.3245798319327731,0.5819327731092437,0.7836134453781513,,,,,,,
physgp_rich,random,7,1,0.21437377639248995,0.16327079338752193,0.8149779735682819,0.5377906976744186,0.647985989492119,344,0.6722689075630253,0.29936974789915966,0.5703781512605042,0.7510504201680672,,,,,,,
simgp_rich,random,7,1,0.07817941575470627,0.04971180628059114,0.9851301115241635,0.7703488372093024,0.8646003262642741,344,0.9600840336134454,0.7142857142857143,0.9380252100840336,0.9642857142857143,,,,,,,
mean_of_samples,random,7,1,0.5392047860143803,0.48123533960724263,1.0,0.0,0.0,344,,,,,,,,,,,
nearest_sample,random,7,1,0.42519933829029977,0.28280161712195506,0.711864406779661,0.4883720930232558,0.5793103448275863,344,,,,,,,,,,,
decay_only,random,7,1,0.201131824769626,0.1589749922294577,0.7880184331797235,0.49709302325581395,0.6096256684491979,344,,,,,,,,,,,
simgp_core,random,8,1,0.07477580735841088,0.045748104697780956,0.9816849816849816,0.7790697674418605,0.8687196110210696,344,0.9600420609884333,0.7360672975814931,0.935856992639327,0.964248159831756,0.25,1.0,1.0,0.85,1.0,0.95,0.7797101449275362
simgp_core_nogp,random,8,1,0.07544887083329808,0.04702745314852762,0.978021978021978,0.7761627906976745,0.8654781199351703,344,0.9558359621451105,0.7013669821240799,0.9337539432176656,0.9631966351209253,,,,,,,
simgp_core_g75,random,8,1,0.12303690570419593,0.07174174471428632,0.9304635761589404,0.8168604651162791,0.869969040247678,344,0.7833859095688749,0.4668769716088328,0.7192429022082019,0.825446898002103,,,,,,,
physgp_core,random,8,1,0.18595602308056391,0.1388263611114941,0.8516746411483254,0.5174418604651163,0.64376130198915,344,0.668769716088328,0.29758149316508936,0.5383806519453207,0.7465825446898002,,,,,,,
physgp_rich,random,8,1,0.21686769649527798,0.16971411502227504,0.8073394495412844,0.5116279069767442,0.6263345195729537,344,0.6235541535226078,0.2586750788643533,0.49842271293375395,0.7055730809674028,,,,,,,
simgp_rich,random,8,1,0.07547962991676799,0.04678366940364563,0.9781021897810219,0.7790697674418605,0.8673139158576053,344,0.9589905362776026,0.7350157728706624,0.9337539432176656,0.9631966351209253,,,,,,,
pinn_rich,random,8,1,0.24340838370980622,0.18062082046123212,0.8415300546448088,0.4476744186046512,0.584440227703985,344,0.19558359621451105,0.07886435331230283,0.14616193480546794,0.2334384858044164,,,,,,,
mean_of_samples,random,8,1,0.49047767686668936,0.4341713094200295,1.0,0.0,0.0,344,,,,,,,,,,,
nearest_sample,random,8,1,0.4104179161085765,0.26257899646643934,0.8121212121212121,0.38953488372093026,0.5265225933202357,344,,,,,,,,,,,
decay_only,random,8,1,0.20130364950542165,0.15922309154618197,0.7906976744186046,0.4941860465116279,0.6082289803220035,344,,,,,,,,,,,
simgp_core,random,9,1,0.07248981227403146,0.042773072583196854,0.9856115107913669,0.7988338192419825,0.8824476650563607,343,0.9589473684210527,0.7610526315789473,0.9336842105263158,0.9642105263157895,0.25,0.6,1.0,0.85,0.9,0.9,0.7971014492753623
simgp_core_nogp,random,9,1,0.0730804039467758,0.044089680832782245,0.9818840579710145,0.7900874635568513,0.875605815831987,343,0.9557894736842105,0.7263157894736842,0.9326315789473684,0.9621052631578947,,,,,,,
simgp_core_g75,random,9,1,0.13519650151412155,0.08308468164543226,0.915625,0.8542274052478134,0.8838612368024134,343,0.6694736842105263,0.3231578947368421,0.5652631578947368,0.7684210526315789,,,,,,,
physgp_core,random,9,1,0.17396769472571103,0.12118463240509114,0.8798449612403101,0.6618075801749271,0.7554076539101497,343,0.6663157894736842,0.3157894736842105,0.5652631578947368,0.7221052631578947,,,,,,,
physgp_rich,random,9,1,0.2126318434758428,0.1615804044519736,0.7811158798283262,0.5306122448979592,0.6319444444444445,343,0.7263157894736842,0.2905263157894737,0.5463157894736842,0.7873684210526316,,,,,,,
simgp_rich,random,9,1,0.07261853710361824,0.04350724261610865,0.982078853046595,0.7988338192419825,0.8810289389067525,343,0.9578947368421052,0.7526315789473684,0.9336842105263158,0.9621052631578947,,,,,,,
mean_of_samples,random,9,1,0.45320089182406975,0.3982635588483627,1.0,0.0,0.0,343,,,,,,,,,,,
nearest_sample,random,9,1,0.41145447974355714,0.26705379625095954,0.8484848484848485,0.08163265306122448,0.14893617021276595,343,,,,,,,,,,,
decay_only,random,9,1,0.19642888319864346,0.1520389695233293,0.7669491525423728,0.5276967930029155,0.6252158894645942,343,,,,,,,,,,,
simgp_core,random,10,1,0.07648956090030336,0.047049180021152666,0.9884615384615385,0.7514619883040936,0.8538205980066446,342,0.9578503688092729,0.6880927291886196,0.9199157007376185,0.9620653319283456,0.25,0.6,1.0,0.85,0.9,0.9,0.7507246376811594
simgp_core_nogp,random,10,1,0.07769205311598017,0.04881157533449834,0.9886792452830189,0.7660818713450293,0.8632619439868204,342,0.9546891464699684,0.6343519494204426,0.9262381454162276,0.9610115911485775,,,,,,,
simgp_core_g75,random,10,1,0.12282576922393615,0.07094714135062978,0.935064935064935,0.8421052631578947,0.8861538461538462,342,0.7639620653319283,0.40569020021074814,0.6912539515279241,0.8145416227608009,,,,,,,
physgp_core,random,10,1,0.17313253723743427,0.1192422290167783,0.8833922261484098,0.7309941520467836,0.7999999999999999,342,0.6512118018967334,0.29610115911485774,0.5458377239199157,0.7112750263435195,,,,,,,
physgp_rich,random,10,1,0.1614406204220816,0.11540139915061534,0.8771929824561403,0.7309941520467836,0.7974481658692184,342,0.6954689146469969,0.2655426765015806,0.5331928345626976,0.768177028451001,,,,,,,
simgp_rich,random,10,1,0.07771326194483413,0.04851006638272459,0.9887218045112782,0.7690058479532164,0.8651315789473685,342,0.9536354056902002,0.6796628029504742,0.9199157007376185,0.9620653319283456,,,,,,,
pinn_rich,random,10,1,0.2206283511975638,0.16754890034516956,0.9492753623188406,0.3830409356725146,0.5458333333333334,342,0.17175974710221287,0.05374077976817703,0.1148577449947313,0.20126448893572182,,,,,,,
mean_of_samples,random,10,1,0.4229700045900484,0.36807825270648514,1.0,0.0,0.0,342,,,,,,,,,,,
nearest_sample,random,10,1,0.4114530663634622,0.2658657945374537,0.9038461538461539,0.13742690058479531,0.23857868020304565,342,,,,,,,,,,,
decay_only,random,10,1,0.19596407440581223,0.14809546879597169,0.7434944237918215,0.5847953216374269,0.6546644844517184,342,,,,,,,,,,,
simgp_core,random,11,1,0.07699788000633298,0.046495007445227034,0.9885931558935361,0.7602339181286549,0.8595041322314051,342,0.9567510548523207,0.6824894514767933,0.9187763713080169,0.9620253164556962,0.25,0.6,1.0,0.85,0.9,0.9,0.7594202898550725
simgp_core_nogp,random,11,1,0.07734371729846812,0.04728005347594039,0.9851301115241635,0.7748538011695907,0.8674304418985269,342,0.9546413502109705,0.6497890295358649,0.9272151898734177,0.9609704641350211,,,,,,,
simgp_core_g75,random,11,1,0.11336815980958471,0.0687317764404026,0.9573770491803278,0.8538011695906432,0.9026275115919629,342,0.740506329113924,0.37130801687763715,0.6424050632911392,0.7911392405063291,,,,,,,
physgp_core,random,11,1,0.1733573114380984,0.12077327358067409,0.9097744360902256,0.7076023391812866,0.7960526315789475,342,0.6497890295358649,0.29852320675105487,0.4947257383966245,0.7415611814345991,,,,,,,
physgp_rich,random,11,1,0.16896162941554754,0.11752140275293681,0.8446601941747572,0.7631578947368421,0.8018433179723502,342,0.6624472573839663,0.3048523206751055,0.5284810126582279,0.7521097046413502,,,,,,,
simgp_rich,random,11,1,0.0743063613950396,0.046997691088732085,0.9848484848484849,0.7602339181286549,0.8580858085808581,342,0.9567510548523207,0.6761603375527426,0.9113924050632911,0.9620253164556962,,,,,,,
mean_of_samples,random,11,1,0.4428109083707689,0.38805215521488606,1.0,0.0,0.0,342,,,,,,,,,,,
nearest_sample,random,11,1,0.4130130534766185,0.2662265882392608,0.9038461538461539,0.13742690058479531,0.23857868020304565,342,,,,,,,,,,,
decay_only,random,11,1,0.19555491155878213,0.14782773571393074,0.7434944237918215,0.5847953216374269,0.6546644844517184,342,,,,,,,,,,,
simgp_core,random,12,1,0.0776838245101737,0.04472541440117646,0.9782608695652174,0.7917888563049853,0.8752025931928687,341,0.941921858500528,0.7011615628299894,0.91129883843717,0.9535374868004224,0.4,0.6,0.0,1.0,1.1,1.0,0.7913043478260869
simgp_core_nogp,random,12,1,0.07792524169696928,0.04468763939310811,0.9818840579710145,0.7947214076246334,0.8784440842787683,341,0.938753959873284,0.675818373812038,0.9049630411826821,0.9535374868004224,,,,,,,
simgp_core_g75,random,12,1,0.11617906109836067,0.06875793022244804,0.934640522875817,0.8387096774193549,0.8840803709428131,341,0.6927138331573389,0.35374868004223864,0.6114044350580782,0.7434002111932418,,,,,,,
physgp_core,random,12,1,0.16292964174201288,0.1135003510271628,0.8715277777777778,0.7360703812316716,0.7980922098569158,341,0.6906019007391764,0.3051742344244984,0.53220696937698,0.7624076029567054,,,,,,,
physgp_rich,random,12,1,0.1773074294706909,0.12184229465176992,0.8571428571428571,0.7390029325513197,0.7937007874015749,341,0.6451953537486801,0.2893347412882788,0.5089757127771911,0.6979936642027456,,,,,,,
simgp_rich,random,12,1,0.07676498017510079,0.04537934836810849,0.9818181818181818,0.7917888563049853,0.8766233766233766,341,0.9429778247096093,0.6937697993664202,0.91129883843717,0.9545934530095037,,,,,,,
pinn_rich,random,12,1,0.19864119840422978,0.1330129556776124,0.9682539682539683,0.5366568914956011,0.690566037735849,341,0.31573389651531153,0.1562829989440338,0.2692713833157339,0.35691657866948256,,,,,,,
mean_of_samples,random,12,1,0.4192336553239097,0.36405928605602556,1.0,0.0,0.0,341,,,,,,,,,,,
nearest_sample,random,12,1,0.42000005587508293,0.27253482342398094,0.5612244897959183,0.16129032258064516,0.2505694760820046,341,,,,,,,,,,,
decay_only,random,12,1,0.19686136450536548,0.15124015971995017,0.7666666666666667,0.5395894428152492,0.6333907056798623,341,,,,,,,,,,,
simgp_core,random,13,1,0.07858379702672659,0.04555209526446744,0.974910394265233,0.7976539589442815,0.8774193548387096,341,0.9397463002114165,0.7061310782241015,0.9101479915433404,0.952431289640592,0.4,0.6,0.0,1.0,1.1,1.0,0.7971014492753623
simgp_core_nogp,random,13,1,0.07871677433447741,0.04496405497067789,0.978494623655914,0.8005865102639296,0.8806451612903226,341,0.9386892177589852,0.6775898520084567,0.9016913319238901,0.952431289640592,,,,,,,
simgp_core_g75,random,13,1,0.11526801899111315,0.06623397684873232,0.9177215189873418,0.8504398826979472,0.882800608828006,341,0.6553911205073996,0.36469344608879495,0.5930232558139535,0.718816067653277,,,,,,,
physgp_core,random,13,1,0.16255586260243254,0.11093011044262527,0.8719723183391004,0.7390029325513197,0.8,341,0.6575052854122622,0.3054968287526427,0.514799154334038,0.7251585623678647,,,,,,,
physgp_rich,random,13,1,0.18348903231995628,0.126523290909935,0.8908450704225352,0.7419354838709677,0.8096,341,0.587737843551797,0.27801268498942916,0.4587737843551797,0.6564482029598309,,,,,,,
simgp_rich,random,13,1,0.07934991466341866,0.046705729648643224,0.9784172661870504,0.7976539589442815,0.8788368336025849,341,0.9376321353065539,0.6765327695560254,0.904862579281184,0.9503171247357294,,,,,,,
mean_of_samples,random,13,1,0.41596811590024996,0.3606510981300312,1.0,0.0,0.0,341,,,,,,,,,,,
nearest_sample,random,13,1,0.4225144688277929,0.2767655555333466,0.6296296296296297,0.1495601173020528,0.24170616113744076,341,,,,,,,,,,,
decay_only,random,13,1,0.1968867380939742,0.15259828496265457,0.7672413793103449,0.5219941348973607,0.6212914485165795,341,,,,,,,,,,,
simgp_core,random,14,1,0.07864693823634424,0.04622225912499887,0.975,0.8005865102639296,0.8792270531400966,341,0.9375661375661376,0.7174603174603175,0.9026455026455027,0.9513227513227513,0.4,0.6,0.0,1.0,1.1,1.0,0.8
simgp_core_nogp,random,14,1,0.07898936745884531,0.04507222112128664,0.9785714285714285,0.8035190615835777,0.8824476650563607,341,0.9375661375661376,0.6857142857142857,0.8994708994708994,0.9502645502645503,,,,,,,
simgp_core_g75,random,14,1,0.1153550274239779,0.06366204526018464,0.9315960912052117,0.8387096774193549,0.882716049382716,341,0.6656084656084656,0.4455026455026455,0.6052910052910053,0.7174603174603175,,,,,,,
physgp_core,random,14,1,0.16526189186637494,0.1139004976992543,0.8715277777777778,0.7360703812316716,0.7980922098569158,341,0.6190476190476191,0.2857142857142857,0.48148148148148145,0.6994708994708995,,,,,,,
physgp_rich,random,14,1,0.18283086042336197,0.12348896104977834,0.8774834437086093,0.7771260997067448,0.8242612752721616,341,0.6275132275132275,0.27936507936507937,0.4846560846560847,0.6867724867724868,,,,,,,
simgp_rich,random,14,1,0.07946914779004238,0.04655528079036337,0.9785714285714285,0.8035190615835777,0.8824476650563607,341,0.9365079365079365,0.6846560846560846,0.9047619047619048,0.9502645502645503,,,,,,,
mean_of_samples,random,14,1,0.41163465447872394,0.35597610009401914,1.0,0.0,0.0,341,,,,,,,,,,,
nearest_sample,random,14,1,0.4283610493733162,0.2866727167728466,0.6296296296296297,0.1495601173020528,0.24170616113744076,341,,,,,,,,,,,
decay_only,random,14,1,0.19698908404902962,0.15275224814752697,0.7672413793103449,0.5219941348973607,0.6212914485165795,341,,,,,,,,,,,
simgp_core,random,15,1,0.07861549374874299,0.04615288866922374,0.9750889679715302,0.8035190615835777,0.8810289389067524,341,0.9375,0.7161016949152542,0.902542372881356,0.951271186440678,0.4,0.6,0.0,1.0,1.1,1.0,0.8028985507246377
simgp_core_nogp,random,15,1,0.07903137866492521,0.045090583859488914,0.9785714285714285,0.8035190615835777,0.8824476650563607,341,0.9375,0.684322033898305,0.899364406779661,0.9491525423728814,,,,,,,
simgp_core_g75,random,15,1,0.11553622542735505,0.06333449479330676,0.9285714285714286,0.8387096774193549,0.8813559322033899,341,0.6610169491525424,0.4300847457627119,0.5995762711864406,0.715042372881356,,,,,,,
physgp_core,random,15,1,0.16899606377190868,0.11657524924441713,0.8715277777777778,0.7360703812316716,0.7980922098569158,341,0.5911016949152542,0.2690677966101695,0.4639830508474576,0.6811440677966102,,,,,,,
physgp_rich,random,15,1,0.15926204689637416,0.1094054414076754,0.858085808580858,0.7624633431085044,0.8074534161490683,341,0.5889830508474576,0.3050847457627119,0.4650423728813559,0.6588983050847458,,,,,,,
simgp_rich,random,15,1,0.07712955765115,0.04436516731989748,0.9711191335740073,0.7888563049853372,0.8705501618122978,341,0.9364406779661016,0.715042372881356,0.902542372881356,0.9502118644067796,,,,,,,
pinn_rich,random,15,1,0.19512302207670634,0.13606200603155982,0.9621621621621622,0.5219941348973607,0.6768060836501902,341,0.2796610169491525,0.13135593220338984,0.2288135593220339,0.3241525423728814,,,,,,,
mean_of_samples,random,15,1,0.46045055272950763,0.40566507661990747,1.0,0.0,0.0,341,,,,,,,,,,,
nearest_sample,random,15,1,0.43353408311162633,0.28696420165629655,0.6296296296296297,0.1495601173020528,0.24170616113744076,341,,,,,,,,,,,
decay_only,random,15,1,0.19685903544845573,0.1526924305448463,0.7698744769874477,0.5395894428152492,0.6344827586206897,341,,,,,,,,,,,
simgp_core,uncertainty,3,1,0.09952860427234984,0.07519595495984158,0.9954128440366973,0.6289855072463768,0.7708703374777975,345,0.9644351464435147,0.6893305439330544,0.9518828451882845,0.9696652719665272,0.1,1.0,0.0,1.0,1.1,0.9,0.6289855072463768
simgp_core,uncertainty,4,1,0.09683787519449856,0.06502282570929936,0.9758620689655172,0.8226744186046512,0.8927444794952681,344,0.9612565445026178,0.7277486910994765,0.9267015706806283,0.9696335078534032,0.55,0.1,0.5,0.85,1.0,0.95,0.8231884057971014
simgp_core,uncertainty,5,1,0.0732558412297438,0.04166855772426582,0.8535353535353535,0.9854227405247813,0.9147496617050068,343,0.9266247379454927,0.7379454926624738,0.8962264150943396,0.9486373165618449,0.55,0.1,0.0,0.85,1.0,0.95,0.9855072463768116
simgp_core,uncertainty,6,1,0.08197210425867255,0.04792619032815291,0.8615384615384616,0.9795918367346939,0.9167803547066848,343,0.9328436516264428,0.689401888772298,0.8908709338929696,0.950682056663169,0.55,0.1,1.0,0.85,1.1,0.95,0.9797101449275363
simgp_core,uncertainty,7,1,0.08395033348564256,0.049042392568284944,0.8656330749354005,0.97953216374269,0.9190672153635117,342,0.9065126050420168,0.6701680672268907,0.8634453781512605,0.9348739495798319,0.55,0.3,0.0,0.85,1.0,1.05,0.9797101449275363
simgp_core,uncertainty,8,1,0.10148056372368024,0.05333521962739203,0.8957219251336899,0.9824046920821115,0.9370629370629371,341,0.9327024185068349,0.7549947423764458,0.8969505783385909,0.9516298633017876,0.55,0.1,1.0,0.85,1.1,0.95,0.9826086956521739
simgp_core,uncertainty,9,1,0.06975509784315262,0.035245205619708286,0.8772845953002611,0.9853372434017595,0.9281767955801106,341,0.9378947368421052,0.7621052631578947,0.9084210526315789,0.9484210526315789,0.4,1.0,0.0,0.85,1.0,0.9,0.9855072463768116
simgp_core,uncertainty,10,1,0.07335846926676184,0.03910203047966955,0.8571428571428571,0.9882352941176471,0.9180327868852458,340,0.9272918861959958,0.702845100105374,0.8840885142255005,0.9420442571127503,0.4,1.5,0.0,0.85,1.0,0.9,0.9884057971014493
simgp_core,uncertainty,11,1,0.08787037924488394,0.050893904051765575,0.8637532133676092,0.9911504424778761,0.9230769230769231,339,0.9335443037974683,0.7521097046413502,0.8997890295358649,0.9641350210970464,0.4,1.5,0.0,0.85,1.0,0.95,0.991304347826087
simgp_core,uncertainty,12,1,0.08466890800819651,0.050472080528874856,0.8545918367346939,0.9911242603550295,0.9178082191780823,338,0.9461457233368532,0.7602956705385427,0.8975712777191129,0.9609292502639916,0.4,1.5,0.0,0.85,1.0,0.9,0.991304347826087
simgp_core,uncertainty,13,1,0.09464329493368359,0.061606045091224415,0.8434343434343434,0.9910979228486647,0.9113233287858117,337,0.912262156448203,0.5983086680761099,0.8403805496828752,0.9365750528541226,0.4,1.5,0.0,0.85,1.0,0.9,0.991304347826087
simgp_core,uncertainty,14,1,0.09705210239025637,0.06148257458113652,0.8491048593350383,0.9880952380952381,0.9133425034387895,336,0.9079365079365079,0.6084656084656085,0.8317460317460318,0.9322751322751323,0.4,0.6,0.0,0.85,1.0,0.9,0.9884057971014493
simgp_core,uncertainty,15,1,0.10591131406860473,0.06802012515046058,0.8461538461538461,0.9850746268656716,0.9103448275862068,335,0.8908898305084746,0.5847457627118644,0.8188559322033898,0.9258474576271186,0.4,0.6,0.0,0.85,1.0,0.95,0.9855072463768116
simgp_core,straddle,3,1,0.10858415191921753,0.08598771801618421,0.9949748743718593,0.5739130434782609,0.7279411764705883,345,0.9644351464435147,0.5868200836820083,0.944560669456067,0.9686192468619247,0.1,1.5,0.5,1.0,1.1,0.95,0.5739130434782609
simgp_core,straddle,4,1,0.10523908899397864,0.08100224539381896,0.9950980392156863,0.5884057971014492,0.7395264116575592,345,0.9392670157068063,0.4513089005235602,0.875392670157068,0.9518324607329843,0.25,0.3,0.5,0.85,1.0,0.9,0.5884057971014492
simgp_core,straddle,5,1,0.09494562358616554,0.07479328435561536,0.9954128440366973,0.6289855072463768,0.7708703374777975,345,0.9423480083857443,0.5052410901467506,0.9129979035639413,0.9559748427672956,0.25,0.3,0.0,0.85,0.9,0.9,0.6289855072463768
simgp_core,straddle,6,1,0.08649948341283303,0.05180566294343634,1.0,0.747093023255814,0.8552412645590682,344,0.9317943336831059,0.7555089192025184,0.9097586568730325,0.9538300104931794,0.25,1.0,0.5,0.85,0.9,0.9,0.7478260869565218
simgp_core,straddle,7,1,0.09458869749775432,0.05782927771612645,0.9876543209876543,0.6997084548104956,0.819112627986348,343,0.9117647058823529,0.6838235294117647,0.8466386554621849,0.930672268907563,0.25,0.6,0.0,0.85,1.0,0.9,0.7014492753623188
simgp_core,straddle,8,1,0.09602563284534082,0.05891318522858522,0.9888475836431226,0.7777777777777778,0.8707037643207856,342,0.9263932702418507,0.750788643533123,0.900105152471083,0.9453207150368034,0.25,1.0,0.0,0.85,1.0,0.9,0.7797101449275362
simgp_core,straddle,9,1,0.13784351548355273,0.0766631410277542,0.9702602230483272,0.7653958944281525,0.8557377049180327,341,0.9147368421052632,0.7536842105263157,0.8947368421052632,0.9326315789473684,0.4,0.1,0.5,0.85,1.0,0.9,0.7681159420289855
simgp_core,straddle,10,1,0.14546928052549699,0.07907270648212907,0.9671532846715328,0.7771260997067448,0.8617886178861788,341,0.9083245521601686,0.7334035827186512,0.8788198103266597,0.9262381454162276,0.4,0.1,0.5,0.85,1.0,0.9,0.7797101449275362
simgp_core,straddle,11,1,0.22164157350035257,0.10561511468521324,0.978021978021978,0.7852941176470588,0.8711256117455138,340,0.8934599156118144,0.7478902953586498,0.859704641350211,0.9124472573839663,0.4,0.1,0.0,0.85,1.0,0.9,0.7884057971014493
simgp_core,straddle,12,1,0.22138116098167782,0.10351721307830554,0.978494623655914,0.8053097345132744,0.883495145631068,339,0.8933474128827877,0.7465681098204857,0.8606124604012672,0.91129883843717,0.4,0.3,1.0,0.85,1.0,0.95,0.808695652173913
simgp_core,straddle,13,1,0.22280070199193408,0.10104043375804773,0.9791666666666666,0.834319526627219,0.9009584664536742,338,0.8890063424947146,0.7505285412262156,0.8509513742071881,0.9090909090909091,0.4,0.3,1.0,0.85,1.0,0.95,0.8376811594202899
simgp_core,straddle,14,1,0.22361639977169315,0.09700130486287732,0.9765100671140939,0.8635014836795252,0.916535433070866,337,0.8888888888888888,0.7576719576719577,0.855026455026455,0.908994708994709,0.4,0.3,0.5,0.85,1.0,0.95,0.8666666666666667
simgp_core,straddle,15,1,0.22416906651543994,0.0942382859122094,0.9743589743589743,0.9047619047619048,0.9382716049382716,336,0.8898305084745762,0.7521186440677966,0.8527542372881356,0.9067796610169492,0.4,0.3,0.5,0.85,1.0,0.95,0.9072463768115943
