pH,cl2n,k_app_per_day,c0_fit_mgL,total_1d_mgL,total_3d_mgL
7,3,0.0774078,2.06709,1.92138,1.62637
7,3.5,0.0983329,2.08018,1.89494,1.53797
7,4,0.127252,2.09216,1.8524,1.42227
7,4.5,0.167032,2.09113,1.77764,1.27131
7,5,0.217091,2.03516,1.63771,1.0811
7.25,3,0.0595048,2.04438,1.93148,1.70504
7.25,3.5,0.0775785,2.05435,1.90714,1.62428
7.25,4,0.104409,2.06389,1.86583,1.51028
7.25,4.5,0.144806,2.05928,1.7855,1.34714
7.25,5,0.197842,1.97142,1.60847,1.1227
7.5,3,0.0405938,2.02328,1.94496,1.79062
7.5,3.5,0.0540175,2.02893,1.92476,1.7261
7.5,4,0.0753483,2.03426,1.88903,1.62743
7.5,4.5,0.110919,2.02656,1.81309,1.46913
7.5,5,0.160352,1.91301,1.61282,1.22111
7.75,3,0.0254873,2.00993,1.9598,1.86241
7.75,3.5,0.0343897,2.01239,1.94481,1.81641
7.75,4,0.0494208,2.01451,1.91746,1.74072
7.75,4.5,0.0775002,2.00688,1.85469,1.60294
7.75,5,0.121333,1.88586,1.65221,1.34457
8,3,0.0154697,2.00369,1.97293,1.91314
8,3.5,0.0210057,2.00457,1.96284,1.88286
8,4,0.0308092,2.00518,1.94403,1.8301
8,4.5,0.0512496,1.99985,1.89808,1.72197
8,5,0.0900597,1.8897,1.71261,1.46885
8.25,3,0.00942359,2.00128,1.98249,1.94564
8.25,3.5,0.0127764,2.00157,1.9761,1.9266
8.25,4,0.0189161,2.00168,1.96401,1.89208
8.25,4.5,0.0329397,1.99874,1.93309,1.81414
8.25,5,0.067271,1.90984,1.7755,1.58085
8.5,3,0.00590952,2.00045,1.98865,1.96535
8.5,3.5,0.00793716,2.00053,1.98469,1.95358
8.5,4,0.0117317,2.00053,1.97713,1.93167
8.5,4.5,0.020997,1.9991,1.9572,1.87862
8.5,5,0.0508567,1.93326,1.83032,1.67484
8.75,3,0.00389011,2.00016,1.99239,1.97698
8.75,3.5,0.00513952,2.00018,1.98992,1.96963
8.75,4,0.00750903,2.00016,1.98517,1.95574
8.75,4.5,0.0135575,1.9995,1.97243,1.92049
8.75,5,0.0389277,1.95338,1.8738,1.74949
9,3,0.00272454,2.00006,1.99462,1.98379
9,3.5,0.00352518,2.00006,1.99302,1.97905
9,4,0.00505559,2.00005,1.98995,1.97
9,4.5,0.00907183,1.99973,1.9816,1.94635
9,5,0.030283,1.96832,1.90609,1.80595
