net,variant,seed,pH,cl2n,toc_mgL,alk_mgL_caco3,k_hat_per_day,kb_twin_per_day,twin_source_factor,fm,n_fm_pipes,fm_age_threshold_h,msx_compiler,kw_ref_m_per_day,dose_mean_mgL,n_junctions,n_below_0.5_min,n_below_0.4_min,n_below_0.2_min,median_min_mgL,min_min_mgL,n_affected,tank_min_last_day_mean_mgL,n_tanks_below_0.4,oracle_rms_ln_day
Net2,main,300,8.31058,4.64807,2.8111,123.691,0.0369391,,,0,0,,GC,0.05,1.90222,35,8,0,0,0.615186,0.400939,,0.798488,0,0.176969
Net2,main,301,8.22918,4.41137,1.41105,71.9188,0.0309955,,,0,0,,GC,0.05,2.07549,35,0,0,0,0.882992,0.590165,,1.15356,0,0.127828
Net2,main,302,8.11166,4.18103,1.65388,66.6683,0.0300121,,,0,0,,GC,0.05,1.83401,35,17,7,0,0.516134,0.361806,,0.702379,0,0.213904
Net2,main,303,7.93244,4.48069,1.31442,101.02,0.0562289,,,0,0,,GC,0.05,1.99261,35,1,0,0,0.777549,0.489111,,1.00206,0,0.123539
Net2,main,304,8.49829,4.78157,2.56966,77.8937,0.0346388,,,0,0,,GC,0.05,1.90772,35,10,3,0,0.592284,0.337283,,0.741404,0,0.217116
Net2,main,305,8.04549,4.65422,2.43251,69.369,0.0567466,,,0,0,,GC,0.05,2.12603,35,5,0,0,0.653258,0.425762,,0.909373,0,0.16741
Net2,main,306,7.87779,4.77472,2.55595,54.0099,0.0828975,,,0,0,,GC,0.05,1.94375,35,9,0,0,0.624813,0.410606,,0.834837,0,0.184292
Net2,main,307,8.27644,4.16932,1.26138,111.27,0.0217216,,,0,0,,GC,0.05,1.87557,35,0,0,0,0.762797,0.540933,,1.05167,0,0.122873
Net2,twin,300,8.31058,4.64807,2.8111,123.691,0.0369391,0.0288429,0.831584,0,,,,0.05,1.90222,35,7,0,0,0.6245,0.403944,,,,0.173834
Net2,twin,301,8.22918,4.41137,1.41105,71.9188,0.0309955,0.0280583,0.915472,0,,,,0.05,2.07549,35,0,0,0,0.874287,0.579847,,,,0.126775
Net2,twin,302,8.11166,4.18103,1.65388,66.6683,0.0300121,0.0293374,0.90193,0,,,,0.05,1.83401,35,17,7,0,0.518287,0.362815,,,,0.21368
Net2,twin,303,7.93244,4.48069,1.31442,101.02,0.0562289,0.0520797,0.919605,0,,,,0.05,1.99261,35,1,0,0,0.766246,0.475081,,,,0.124
Net2,twin,304,8.49829,4.78157,2.56966,77.8937,0.0346388,0.0221805,0.845962,0,,,,0.05,1.90772,35,10,3,0,0.599613,0.339229,,,,0.210192
Net2,twin,305,8.04549,4.65422,2.43251,69.369,0.0567466,0.0456038,0.85114,0,,,,0.05,2.12603,35,6,0,0,0.641657,0.411595,,,,0.168994
Net2,twin,306,7.87779,4.77472,2.55595,54.0099,0.0828975,0.0646872,0.838496,0,,,,0.05,1.94375,35,9,0,0,0.620959,0.404479,,,,0.177236
Net2,twin,307,8.27644,4.16932,1.26138,111.27,0.0217216,0.0219668,0.925386,0,,,,0.05,1.87557,35,0,0,0,0.763399,0.541425,,,,0.121185
